"Created on","2026-06-07 14:39:32"
"Created with","Scrutiny V0.12.1"
"Device ID","d6fc71528a231663b87e7b30bcac7d95"
"Firmware ID","d6fc71528a231663b87e7b30bcac7d95"
"Project name","NanoGaN-SW V0.1"

"","","var:/global/fCurrent/fCurrent[0]","var:/global/fCurrent/fCurrent[1]","var:/global/fCurrent/fCurrent[2]","var:/global/uDTC/uDTC[0]","var:/global/uDTC/uDTC[1]","var:/global/uDTC/uDTC[2]","var:/global/fDcVoltage",""
"Datetime","Time [s]","fCurrent[0]","fCurrent[1]","fCurrent[2]","uDTC[0]","uDTC[1]","uDTC[2]","fDcVoltage","New Values"
"2026-06-07 14:39:19",0.0,-0.01953125,-0.0390625,0.0,1374.0,1374.0,1374.0,12.47088623046875,"1,1,1,1,1,1,1"
"2026-06-07 14:39:19",1e-05,-0.0390625,-0.0390625,0.0,1374.0,1374.0,1374.0,12.486076354980469,"1,1,1,1,1,1,1"
"2026-06-07 14:39:19",2e-05,0.0390625,-0.01953125,0.01953125,1374.0,1374.0,1374.0,12.486076354980469,"1,1,1,1,1,1,1"
"2026-06-07 14:39:19",3e-05,-0.0,0.01953125,0.0390625,1374.0,1374.0,1374.0,12.486076354980469,"1,1,1,1,1,1,1"
"2026-06-07 14:39:19",4e-05,-0.01953125,0.01953125,0.01953125,1374.0,1374.0,1374.0,12.486076354980469,"1,1,1,1,1,1,1"
"2026-06-07 14:39:19",5e-05,-0.0,0.0,0.01953125,1374.0,1374.0,1374.0,12.486076354980469,"1,1,1,1,1,1,1"
"2026-06-07 14:39:19",6e-05,-0.0,-0.0390625,-0.01953125,1374.0,1374.0,1374.0,12.501265525817871,"1,1,1,1,1,1,1"
"2026-06-07 14:39:19",7e-05,-0.01953125,-0.0390625,0.0,1374.0,1374.0,1374.0,12.501265525817871,"1,1,1,1,1,1,1"
"2026-06-07 14:39:19",8e-05,-0.01953125,-0.0390625,0.01953125,1374.0,1374.0,1374.0,12.486076354980469,"1,1,1,1,1,1,1"
"2026-06-07 14:39:19",9e-05,-0.01953125,-0.0390625,0.01953125,1374.0,1374.0,1374.0,12.47088623046875,"1,1,1,1,1,1,1"
"2026-06-07 14:39:19",0.0001,-0.0390625,-0.05859375,-0.01953125,1374.0,1374.0,1374.0,12.501265525817871,"1,1,1,1,1,1,1"
"2026-06-07 14:39:19",0.00011,-0.05859375,-0.0390625,0.0,1374.0,1374.0,1374.0,12.501265525817871,"1,1,1,1,1,1,1"
"2026-06-07 14:39:19",0.00012,-0.05859375,-0.01953125,-0.01953125,1374.0,1374.0,1374.0,12.47088623046875,"1,1,1,1,1,1,1"
"2026-06-07 14:39:19",0.00013,-0.0390625,-0.01953125,0.0,1374.0,1374.0,1374.0,12.486076354980469,"1,1,1,1,1,1,1"
"2026-06-07 14:39:19",0.00014,-0.078125,0.0,0.01953125,1374.0,1374.0,1374.0,12.486076354980469,"1,1,1,1,1,1,1"
"2026-06-07 14:39:19",0.00015,-0.0,0.0,0.01953125,1374.0,1374.0,1374.0,12.486076354980469,"1,1,1,1,1,1,1"
"2026-06-07 14:39:19",0.00016,-0.05859375,0.0,0.01953125,1374.0,1374.0,1374.0,12.455696105957031,"1,1,1,1,1,1,1"
"2026-06-07 14:39:19",0.00017,-0.0390625,0.0,0.01953125,1374.0,1374.0,1374.0,12.47088623046875,"1,1,1,1,1,1,1"
"2026-06-07 14:39:19",0.00018,-0.01953125,0.0,0.0,1374.0,1374.0,1374.0,12.486076354980469,"1,1,1,1,1,1,1"
"2026-06-07 14:39:19",0.00019,-0.01953125,0.0,0.01953125,1374.0,1374.0,1374.0,12.486076354980469,"1,1,1,1,1,1,1"
"2026-06-07 14:39:19",0.0002,-0.01953125,-0.0390625,0.01953125,1374.0,1374.0,1374.0,12.486076354980469,"1,1,1,1,1,1,1"
"2026-06-07 14:39:19",0.00021,-0.0390625,-0.01953125,0.01953125,1374.0,1374.0,1374.0,12.501265525817871,"1,1,1,1,1,1,1"
"2026-06-07 14:39:19",0.00022,-0.0390625,-0.01953125,0.0390625,1374.0,1374.0,1374.0,12.47088623046875,"1,1,1,1,1,1,1"
"2026-06-07 14:39:19",0.00023,-0.0390625,-0.01953125,0.0390625,1374.0,1374.0,1374.0,12.47088623046875,"1,1,1,1,1,1,1"
"2026-06-07 14:39:19",0.00024,-0.05859375,-0.05859375,0.0390625,1374.0,1374.0,1374.0,12.486076354980469,"1,1,1,1,1,1,1"
"2026-06-07 14:39:19",0.00025,-0.0390625,-0.01953125,0.05859375,1374.0,1374.0,1374.0,12.501265525817871,"1,1,1,1,1,1,1"
"2026-06-07 14:39:19",0.00026,-0.0390625,0.0,0.05859375,1374.0,1374.0,1374.0,12.47088623046875,"1,1,1,1,1,1,1"
"2026-06-07 14:39:19",0.00027,-0.05859375,0.0,0.01953125,1374.0,1374.0,1374.0,12.47088623046875,"1,1,1,1,1,1,1"
"2026-06-07 14:39:19",0.00028,-0.0390625,0.01953125,0.01953125,1374.0,1374.0,1374.0,12.501265525817871,"1,1,1,1,1,1,1"
"2026-06-07 14:39:19",0.00029,-0.01953125,-0.0390625,0.05859375,1374.0,1374.0,1374.0,12.501265525817871,"1,1,1,1,1,1,1"
"2026-06-07 14:39:19",0.0003,-0.0390625,-0.0390625,0.0,1374.0,1374.0,1374.0,12.486076354980469,"1,1,1,1,1,1,1"
"2026-06-07 14:39:19",0.00031,-0.05859375,-0.0390625,0.01953125,1374.0,1374.0,1374.0,12.47088623046875,"1,1,1,1,1,1,1"
"2026-06-07 14:39:19",0.00032,-0.01953125,-0.01953125,0.0390625,1374.0,1374.0,1374.0,12.486076354980469,"1,1,1,1,1,1,1"
"2026-06-07 14:39:19",0.00033,-0.0390625,-0.0390625,-0.13671875,1374.0,1374.0,1374.0,12.47088623046875,"1,1,1,1,1,1,1"
"2026-06-07 14:39:19",0.00034,-0.0390625,-0.0390625,0.0390625,1374.0,1374.0,1374.0,12.47088623046875,"1,1,1,1,1,1,1"
"2026-06-07 14:39:19",0.00035,-0.01953125,-0.0390625,0.15625,1374.0,1374.0,1374.0,12.455696105957031,"1,1,1,1,1,1,1"
"2026-06-07 14:39:19",0.00036,-0.01953125,0.0,-0.1171875,1374.0,1374.0,1374.0,12.47088623046875,"1,1,1,1,1,1,1"
"2026-06-07 14:39:19",0.00037,-0.0390625,0.01953125,-0.01953125,1374.0,1374.0,1374.0,12.486076354980469,"1,1,1,1,1,1,1"
"2026-06-07 14:39:19",0.00038,-0.01953125,-0.01953125,0.13671875,1374.0,1374.0,1374.0,12.486076354980469,"1,1,1,1,1,1,1"
"2026-06-07 14:39:19",0.00039,-0.01953125,-0.01953125,-0.01953125,1374.0,1374.0,1374.0,12.486076354980469,"1,1,1,1,1,1,1"
"2026-06-07 14:39:19",0.0004,-0.0,0.0,0.01953125,1374.0,1374.0,1374.0,12.486076354980469,"1,1,1,1,1,1,1"
"2026-06-07 14:39:19",0.00041,-0.0,0.0,0.0390625,1374.0,1374.0,1374.0,12.486076354980469,"1,1,1,1,1,1,1"
"2026-06-07 14:39:19",0.00042,-0.0390625,0.0,-0.01953125,1374.0,1374.0,1374.0,12.486076354980469,"1,1,1,1,1,1,1"
"2026-06-07 14:39:19",0.00043,-0.0390625,-0.01953125,0.0,1374.0,1374.0,1374.0,12.486076354980469,"1,1,1,1,1,1,1"
"2026-06-07 14:39:19",0.00044,-0.05859375,-0.01953125,0.0,1374.0,1374.0,1374.0,12.486076354980469,"1,1,1,1,1,1,1"
"2026-06-07 14:39:19",0.00045,-0.0390625,-0.0390625,-0.01953125,1374.0,1374.0,1374.0,12.47088623046875,"1,1,1,1,1,1,1"
"2026-06-07 14:39:19",0.00046,-0.0390625,0.01953125,0.0,1374.0,1374.0,1374.0,12.47088623046875,"1,1,1,1,1,1,1"
"2026-06-07 14:39:19",0.00047,-0.078125,0.0,-0.0390625,1374.0,1374.0,1374.0,12.486076354980469,"1,1,1,1,1,1,1"
"2026-06-07 14:39:19",0.00048,-0.078125,0.0,-0.01953125,1374.0,1374.0,1374.0,12.47088623046875,"1,1,1,1,1,1,1"
"2026-06-07 14:39:19",0.00049,-0.0390625,0.0,-0.01953125,1374.0,1374.0,1374.0,12.486076354980469,"1,1,1,1,1,1,1"
"2026-06-07 14:39:19",0.0005,-0.0390625,-0.01953125,-0.01953125,1374.0,1374.0,1374.0,12.486076354980469,"1,1,1,1,1,1,1"
"2026-06-07 14:39:19",0.00051,-0.0390625,-0.01953125,-0.01953125,1374.0,1374.0,1374.0,12.486076354980469,"1,1,1,1,1,1,1"
"2026-06-07 14:39:19",0.00052,-0.05859375,0.01953125,0.01953125,1374.0,1374.0,1374.0,12.455696105957031,"1,1,1,1,1,1,1"
"2026-06-07 14:39:19",0.00053,-0.05859375,0.01953125,-0.01953125,1374.0,1374.0,1374.0,12.486076354980469,"1,1,1,1,1,1,1"
"2026-06-07 14:39:19",0.00054,-0.01953125,0.0,0.0390625,1374.0,1374.0,1374.0,12.486076354980469,"1,1,1,1,1,1,1"
"2026-06-07 14:39:19",0.00055,-0.0390625,0.01953125,0.0390625,1374.0,1374.0,1374.0,12.486076354980469,"1,1,1,1,1,1,1"
"2026-06-07 14:39:19",0.00056,-0.0390625,0.01953125,0.01953125,1374.0,1374.0,1374.0,12.47088623046875,"1,1,1,1,1,1,1"
"2026-06-07 14:39:19",0.00057,-0.0390625,0.0,0.0390625,1374.0,1374.0,1374.0,12.486076354980469,"1,1,1,1,1,1,1"
"2026-06-07 14:39:19",0.00058,-0.0390625,0.0,0.0390625,1374.0,1374.0,1374.0,12.486076354980469,"1,1,1,1,1,1,1"
"2026-06-07 14:39:19",0.00059,-0.01953125,0.0390625,0.01953125,1374.0,1374.0,1374.0,12.486076354980469,"1,1,1,1,1,1,1"
"2026-06-07 14:39:19",0.0006,-0.01953125,0.01953125,0.01953125,1374.0,1374.0,1374.0,12.47088623046875,"1,1,1,1,1,1,1"
"2026-06-07 14:39:19",0.00061,-0.0,-0.05859375,0.01953125,1374.0,1374.0,1374.0,12.47088623046875,"1,1,1,1,1,1,1"
"2026-06-07 14:39:19",0.00062,-0.0390625,-0.01953125,-0.01953125,1374.0,1374.0,1374.0,12.455696105957031,"1,1,1,1,1,1,1"
"2026-06-07 14:39:19",0.00063,-0.0390625,-0.05859375,0.0390625,1374.0,1374.0,1374.0,12.486076354980469,"1,1,1,1,1,1,1"
"2026-06-07 14:39:19",0.00064,-0.0390625,-0.0390625,0.01953125,1374.0,1374.0,1374.0,12.486076354980469,"1,1,1,1,1,1,1"
"2026-06-07 14:39:19",0.00065,-0.0390625,-0.01953125,0.01953125,1374.0,1374.0,1374.0,12.486076354980469,"1,1,1,1,1,1,1"
"2026-06-07 14:39:19",0.00066,-0.0390625,0.0,0.0,1374.0,1374.0,1374.0,12.47088623046875,"1,1,1,1,1,1,1"
"2026-06-07 14:39:19",0.00067,-0.0390625,0.0,0.01953125,1374.0,1374.0,1374.0,12.455696105957031,"1,1,1,1,1,1,1"
"2026-06-07 14:39:19",0.00068,-0.0390625,-0.01953125,0.01953125,1374.0,1374.0,1374.0,12.501265525817871,"1,1,1,1,1,1,1"
"2026-06-07 14:39:19",0.00069,-0.01953125,0.0,0.0390625,1374.0,1374.0,1374.0,12.486076354980469,"1,1,1,1,1,1,1"
"2026-06-07 14:39:19",0.0007,-0.0390625,0.0,0.01953125,1374.0,1374.0,1374.0,12.501265525817871,"1,1,1,1,1,1,1"
"2026-06-07 14:39:19",0.00071,-0.0390625,0.01953125,0.0,1374.0,1374.0,1374.0,12.47088623046875,"1,1,1,1,1,1,1"
"2026-06-07 14:39:19",0.00072,-0.01953125,-0.01953125,0.0390625,1374.0,1374.0,1374.0,12.486076354980469,"1,1,1,1,1,1,1"
"2026-06-07 14:39:19",0.00073,-0.05859375,0.0,0.01953125,1374.0,1374.0,1374.0,12.486076354980469,"1,1,1,1,1,1,1"
"2026-06-07 14:39:19",0.00074,-0.0390625,0.0,0.01953125,1374.0,1374.0,1374.0,12.47088623046875,"1,1,1,1,1,1,1"
"2026-06-07 14:39:19",0.00075,-0.01953125,0.0390625,0.0390625,1374.0,1374.0,1374.0,12.47088623046875,"1,1,1,1,1,1,1"
"2026-06-07 14:39:19",0.00076,-0.0390625,0.0,0.0390625,1374.0,1374.0,1374.0,12.47088623046875,"1,1,1,1,1,1,1"
"2026-06-07 14:39:19",0.00077,-0.0390625,0.0,0.01953125,1374.0,1374.0,1374.0,12.455696105957031,"1,1,1,1,1,1,1"
"2026-06-07 14:39:19",0.00078,-0.01953125,-0.01953125,0.01953125,1374.0,1374.0,1374.0,12.486076354980469,"1,1,1,1,1,1,1"
"2026-06-07 14:39:19",0.00079,-0.0390625,-0.01953125,0.0,1374.0,1374.0,1374.0,12.486076354980469,"1,1,1,1,1,1,1"
"2026-06-07 14:39:19",0.0008,-0.0390625,0.01953125,0.0390625,1374.0,1374.0,1374.0,12.486076354980469,"1,1,1,1,1,1,1"
"2026-06-07 14:39:19",0.00081,-0.0,0.0,0.01953125,1374.0,1374.0,1374.0,12.47088623046875,"1,1,1,1,1,1,1"
"2026-06-07 14:39:19",0.00082,-0.0390625,-0.01953125,0.0,1374.0,1374.0,1374.0,12.486076354980469,"1,1,1,1,1,1,1"
"2026-06-07 14:39:19",0.00083,-0.078125,0.0,0.0390625,1374.0,1374.0,1374.0,12.501265525817871,"1,1,1,1,1,1,1"
"2026-06-07 14:39:19",0.00084,-0.01953125,0.0,-0.01953125,1374.0,1374.0,1374.0,12.486076354980469,"1,1,1,1,1,1,1"
"2026-06-07 14:39:19",0.00085,-0.0390625,0.01953125,0.01953125,1374.0,1374.0,1374.0,12.47088623046875,"1,1,1,1,1,1,1"
"2026-06-07 14:39:19",0.00086,-0.0390625,0.0,0.0390625,1374.0,1374.0,1374.0,12.501265525817871,"1,1,1,1,1,1,1"
"2026-06-07 14:39:19",0.00087,0.01953125,-0.0390625,0.01953125,1374.0,1374.0,1374.0,12.486076354980469,"1,1,1,1,1,1,1"
"2026-06-07 14:39:19",0.00088,-0.0,-0.0390625,0.01953125,1374.0,1374.0,1374.0,12.47088623046875,"1,1,1,1,1,1,1"
"2026-06-07 14:39:19",0.00089,-0.0390625,-0.01953125,0.01953125,1374.0,1374.0,1374.0,12.47088623046875,"1,1,1,1,1,1,1"
"2026-06-07 14:39:19",0.0009,-0.0390625,-0.0390625,0.0,1374.0,1374.0,1374.0,12.486076354980469,"1,1,1,1,1,1,1"
"2026-06-07 14:39:19",0.00091,-0.0390625,0.01953125,-0.01953125,1374.0,1374.0,1374.0,12.47088623046875,"1,1,1,1,1,1,1"
"2026-06-07 14:39:19",0.00092,-0.01953125,0.01953125,0.01953125,1374.0,1374.0,1374.0,12.47088623046875,"1,1,1,1,1,1,1"
"2026-06-07 14:39:19",0.00093,-0.0390625,0.01953125,0.0390625,1374.0,1374.0,1374.0,12.486076354980469,"1,1,1,1,1,1,1"
"2026-06-07 14:39:19",0.00094,-0.05859375,0.0,-0.01953125,1374.0,1374.0,1374.0,12.455696105957031,"1,1,1,1,1,1,1"
"2026-06-07 14:39:19",0.00095,-0.01953125,0.0,0.01953125,1374.0,1374.0,1374.0,12.486076354980469,"1,1,1,1,1,1,1"
"2026-06-07 14:39:19",0.00096,-0.05859375,0.0,0.0,1374.0,1374.0,1374.0,12.486076354980469,"1,1,1,1,1,1,1"
"2026-06-07 14:39:19",0.00097,-0.0390625,-0.01953125,0.01953125,1374.0,1374.0,1374.0,12.486076354980469,"1,1,1,1,1,1,1"
"2026-06-07 14:39:19",0.00098,-0.01953125,0.0,0.0,1374.0,1374.0,1374.0,12.486076354980469,"1,1,1,1,1,1,1"
"2026-06-07 14:39:19",0.00099,-0.0390625,-0.0390625,-0.01953125,1374.0,1374.0,1374.0,12.501265525817871,"1,1,1,1,1,1,1"
"2026-06-07 14:39:19",0.001,-0.0390625,-0.25390625,0.01953125,1374.0,1374.0,1374.0,12.486076354980469,"1,1,1,1,1,1,1"
"2026-06-07 14:39:19",0.00101,-0.0390625,-0.0390625,0.01953125,1374.0,1374.0,1374.0,12.501265525817871,"1,1,1,1,1,1,1"
"2026-06-07 14:39:19",0.00102,-0.0390625,0.0390625,0.05859375,1374.0,1374.0,1374.0,12.486076354980469,"1,1,1,1,1,1,1"
"2026-06-07 14:39:19",0.00103,-0.01953125,-0.0390625,0.0390625,1374.0,1374.0,1374.0,12.455696105957031,"1,1,1,1,1,1,1"
"2026-06-07 14:39:19",0.00104,-0.01953125,0.09765625,0.01953125,1374.0,1374.0,1374.0,12.486076354980469,"1,1,1,1,1,1,1"
"2026-06-07 14:39:19",0.00105,-0.01953125,0.01953125,0.0390625,1374.0,1374.0,1374.0,12.486076354980469,"1,1,1,1,1,1,1"
"2026-06-07 14:39:19",0.00106,-0.0,0.0,0.01953125,1374.0,1374.0,1374.0,12.486076354980469,"1,1,1,1,1,1,1"
"2026-06-07 14:39:19",0.00107,-0.01953125,0.05859375,0.0390625,1374.0,1374.0,1374.0,12.47088623046875,"1,1,1,1,1,1,1"
"2026-06-07 14:39:19",0.00108,-0.01953125,-0.01953125,0.0390625,1374.0,1374.0,1374.0,12.501265525817871,"1,1,1,1,1,1,1"
"2026-06-07 14:39:19",0.00109,-0.0390625,0.01953125,0.0390625,1374.0,1374.0,1374.0,12.486076354980469,"1,1,1,1,1,1,1"
"2026-06-07 14:39:19",0.0011,-0.01953125,0.0390625,0.01953125,1374.0,1374.0,1374.0,12.486076354980469,"1,1,1,1,1,1,1"
"2026-06-07 14:39:19",0.00111,-0.0390625,0.01953125,0.01953125,1374.0,1374.0,1374.0,12.47088623046875,"1,1,1,1,1,1,1"
"2026-06-07 14:39:19",0.00112,-0.01953125,0.01953125,0.0,1374.0,1374.0,1374.0,12.486076354980469,"1,1,1,1,1,1,1"
"2026-06-07 14:39:19",0.00113,-0.0390625,-0.0390625,0.01953125,1374.0,1374.0,1374.0,12.47088623046875,"1,1,1,1,1,1,1"
"2026-06-07 14:39:19",0.00114,-0.0390625,0.0,0.0390625,1374.0,1374.0,1374.0,12.486076354980469,"1,1,1,1,1,1,1"
"2026-06-07 14:39:19",0.00115,-0.0390625,-0.01953125,-0.01953125,1374.0,1374.0,1374.0,12.486076354980469,"1,1,1,1,1,1,1"
"2026-06-07 14:39:19",0.00116,-0.01953125,-0.0390625,-0.01953125,1374.0,1374.0,1374.0,12.47088623046875,"1,1,1,1,1,1,1"
"2026-06-07 14:39:19",0.00117,-0.01953125,-0.05859375,0.01953125,1374.0,1374.0,1374.0,12.455696105957031,"1,1,1,1,1,1,1"
"2026-06-07 14:39:19",0.00118,-0.01953125,-0.0390625,0.01953125,1374.0,1374.0,1374.0,12.47088623046875,"1,1,1,1,1,1,1"
"2026-06-07 14:39:19",0.00119,-0.0390625,-0.0390625,0.01953125,1374.0,1374.0,1374.0,12.486076354980469,"1,1,1,1,1,1,1"
"2026-06-07 14:39:19",0.0012,-0.01953125,-0.0390625,0.0,1374.0,1374.0,1374.0,12.486076354980469,"1,1,1,1,1,1,1"
"2026-06-07 14:39:19",0.00121,-0.01953125,-0.05859375,0.01953125,1374.0,1374.0,1374.0,12.47088623046875,"1,1,1,1,1,1,1"
"2026-06-07 14:39:19",0.00122,-0.01953125,0.0,0.0,1374.0,1374.0,1374.0,12.486076354980469,"1,1,1,1,1,1,1"
"2026-06-07 14:39:19",0.00123,-0.0390625,-0.0390625,0.0390625,1374.0,1374.0,1374.0,12.486076354980469,"1,1,1,1,1,1,1"
"2026-06-07 14:39:19",0.00124,-0.01953125,-0.05859375,0.0,1374.0,1374.0,1374.0,12.47088623046875,"1,1,1,1,1,1,1"
"2026-06-07 14:39:19",0.00125,-0.0390625,-0.0390625,0.01953125,1374.0,1374.0,1374.0,12.47088623046875,"1,1,1,1,1,1,1"
"2026-06-07 14:39:19",0.00126,-0.0,-0.05859375,0.0,1374.0,1374.0,1374.0,12.455696105957031,"1,1,1,1,1,1,1"
"2026-06-07 14:39:19",0.00127,-0.0,-0.05859375,0.01953125,1374.0,1374.0,1374.0,12.47088623046875,"1,1,1,1,1,1,1"
"2026-06-07 14:39:19",0.00128,-0.01953125,0.0,0.078125,1374.0,1374.0,1374.0,12.455696105957031,"1,1,1,1,1,1,1"
"2026-06-07 14:39:19",0.00129,-0.01953125,-0.0390625,0.01953125,1374.0,1374.0,1374.0,12.501265525817871,"1,1,1,1,1,1,1"
"2026-06-07 14:39:19",0.0013,-0.0,0.0,0.0,1374.0,1374.0,1374.0,12.47088623046875,"1,1,1,1,1,1,1"
"2026-06-07 14:39:19",0.00131,-0.0,-0.05859375,-0.01953125,1374.0,1374.0,1374.0,12.486076354980469,"1,1,1,1,1,1,1"
"2026-06-07 14:39:19",0.00132,-0.05859375,-0.05859375,-0.01953125,1374.0,1374.0,1374.0,12.47088623046875,"1,1,1,1,1,1,1"
"2026-06-07 14:39:19",0.00133,-0.01953125,-0.0390625,0.01953125,1374.0,1374.0,1374.0,12.486076354980469,"1,1,1,1,1,1,1"
"2026-06-07 14:39:19",0.00134,-0.0390625,-0.01953125,0.0390625,1374.0,1374.0,1374.0,12.47088623046875,"1,1,1,1,1,1,1"
"2026-06-07 14:39:19",0.00135,-0.0390625,-0.01953125,0.0390625,1374.0,1374.0,1374.0,12.47088623046875,"1,1,1,1,1,1,1"
"2026-06-07 14:39:19",0.00136,-0.01953125,-0.01953125,0.0390625,1374.0,1374.0,1374.0,12.47088623046875,"1,1,1,1,1,1,1"
"2026-06-07 14:39:19",0.00137,-0.0,0.0,0.0,1374.0,1374.0,1374.0,12.486076354980469,"1,1,1,1,1,1,1"
"2026-06-07 14:39:19",0.00138,-0.01953125,-0.01953125,0.01953125,1374.0,1374.0,1374.0,12.486076354980469,"1,1,1,1,1,1,1"
"2026-06-07 14:39:19",0.00139,-0.0390625,-0.01953125,-0.01953125,1374.0,1374.0,1374.0,12.47088623046875,"1,1,1,1,1,1,1"
"2026-06-07 14:39:19",0.0014,-0.05859375,-0.0390625,0.0,1374.0,1374.0,1374.0,12.501265525817871,"1,1,1,1,1,1,1"
"2026-06-07 14:39:19",0.00141,-0.01953125,-0.0390625,0.01953125,1374.0,1374.0,1374.0,12.486076354980469,"1,1,1,1,1,1,1"
"2026-06-07 14:39:19",0.00142,-0.01953125,0.0,0.01953125,1374.0,1374.0,1374.0,12.501265525817871,"1,1,1,1,1,1,1"
"2026-06-07 14:39:19",0.00143,-0.0390625,0.0,0.01953125,1374.0,1374.0,1374.0,12.455696105957031,"1,1,1,1,1,1,1"
"2026-06-07 14:39:19",0.00144,-0.0390625,-0.01953125,0.05859375,1374.0,1374.0,1374.0,12.486076354980469,"1,1,1,1,1,1,1"
"2026-06-07 14:39:19",0.00145,-0.01953125,0.01953125,0.0390625,1374.0,1374.0,1374.0,12.486076354980469,"1,1,1,1,1,1,1"
"2026-06-07 14:39:19",0.00146,-0.0390625,0.0,0.01953125,1374.0,1374.0,1374.0,12.47088623046875,"1,1,1,1,1,1,1"
"2026-06-07 14:39:19",0.00147,-0.01953125,0.0,0.01953125,1374.0,1374.0,1374.0,12.47088623046875,"1,1,1,1,1,1,1"
"2026-06-07 14:39:19",0.00148,-0.0390625,-0.01953125,0.01953125,1374.0,1374.0,1374.0,12.486076354980469,"1,1,1,1,1,1,1"
"2026-06-07 14:39:19",0.00149,-0.01953125,-0.0390625,0.0390625,1374.0,1374.0,1374.0,12.47088623046875,"1,1,1,1,1,1,1"
"2026-06-07 14:39:19",0.0015,-0.01953125,-0.0390625,0.01953125,1374.0,1374.0,1374.0,12.486076354980469,"1,1,1,1,1,1,1"
"2026-06-07 14:39:19",0.00151,-0.0390625,-0.0390625,0.0390625,1374.0,1374.0,1374.0,12.486076354980469,"1,1,1,1,1,1,1"
"2026-06-07 14:39:19",0.00152,-0.01953125,0.01953125,-0.01953125,1374.0,1374.0,1374.0,12.47088623046875,"1,1,1,1,1,1,1"
"2026-06-07 14:39:19",0.00153,-0.0390625,0.0390625,-0.01953125,1374.0,1374.0,1374.0,12.47088623046875,"1,1,1,1,1,1,1"
"2026-06-07 14:39:19",0.00154,-0.0390625,-0.01953125,0.0,1374.0,1374.0,1374.0,12.47088623046875,"1,1,1,1,1,1,1"
"2026-06-07 14:39:19",0.00155,-0.0390625,0.0,0.01953125,1374.0,1374.0,1374.0,12.486076354980469,"1,1,1,1,1,1,1"
"2026-06-07 14:39:19",0.00156,-0.0390625,0.01953125,-0.01953125,1374.0,1374.0,1374.0,12.47088623046875,"1,1,1,1,1,1,1"
"2026-06-07 14:39:19",0.00157,-0.01953125,-0.01953125,0.0,1374.0,1374.0,1374.0,12.486076354980469,"1,1,1,1,1,1,1"
"2026-06-07 14:39:19",0.00158,0.01953125,0.0,0.0,1374.0,1374.0,1374.0,12.47088623046875,"1,1,1,1,1,1,1"
"2026-06-07 14:39:19",0.00159,-0.0,0.01953125,-0.01953125,1374.0,1374.0,1374.0,12.486076354980469,"1,1,1,1,1,1,1"
"2026-06-07 14:39:19",0.0016,-0.05859375,0.01953125,0.0,1374.0,1374.0,1374.0,12.486076354980469,"1,1,1,1,1,1,1"
"2026-06-07 14:39:19",0.00161,-0.0,0.0,-0.01953125,1374.0,1374.0,1374.0,12.501265525817871,"1,1,1,1,1,1,1"
"2026-06-07 14:39:19",0.00162,-0.0390625,-0.0390625,-0.01953125,1374.0,1374.0,1374.0,12.47088623046875,"1,1,1,1,1,1,1"
"2026-06-07 14:39:19",0.00163,-0.0390625,0.0,0.0,1374.0,1374.0,1374.0,12.486076354980469,"1,1,1,1,1,1,1"
"2026-06-07 14:39:19",0.00164,-0.01953125,0.0,-0.01953125,1374.0,1374.0,1374.0,12.486076354980469,"1,1,1,1,1,1,1"
"2026-06-07 14:39:19",0.00165,-0.05859375,-0.01953125,0.01953125,1374.0,1374.0,1374.0,12.501265525817871,"1,1,1,1,1,1,1"
"2026-06-07 14:39:19",0.00166,-0.0390625,-0.01953125,0.0,1374.0,1374.0,1374.0,12.486076354980469,"1,1,1,1,1,1,1"
"2026-06-07 14:39:19",0.00167,-0.15625,-0.01953125,0.0,1374.0,1374.0,1374.0,12.486076354980469,"1,1,1,1,1,1,1"
"2026-06-07 14:39:19",0.00168,-0.1171875,-0.01953125,0.01953125,1374.0,1374.0,1374.0,12.47088623046875,"1,1,1,1,1,1,1"
"2026-06-07 14:39:19",0.00169,0.0390625,-0.0390625,0.01953125,1374.0,1374.0,1374.0,12.486076354980469,"1,1,1,1,1,1,1"
"2026-06-07 14:39:19",0.0017,-0.15625,0.0,-0.01953125,1374.0,1374.0,1374.0,12.501265525817871,"1,1,1,1,1,1,1"
"2026-06-07 14:39:19",0.00171,-0.05859375,-0.01953125,0.0390625,1374.0,1374.0,1374.0,12.486076354980469,"1,1,1,1,1,1,1"
"2026-06-07 14:39:19",0.00172,0.0390625,-0.0390625,0.01953125,1374.0,1374.0,1374.0,12.47088623046875,"1,1,1,1,1,1,1"
"2026-06-07 14:39:19",0.00173,-0.0390625,0.0,-0.01953125,1374.0,1374.0,1374.0,12.501265525817871,"1,1,1,1,1,1,1"
"2026-06-07 14:39:19",0.00174,-0.05859375,0.0,0.01953125,1374.0,1374.0,1374.0,12.486076354980469,"1,1,1,1,1,1,1"
"2026-06-07 14:39:19",0.00175,-0.0,0.01953125,0.0,1374.0,1374.0,1374.0,12.455696105957031,"1,1,1,1,1,1,1"
"2026-06-07 14:39:19",0.00176,-0.0390625,-0.01953125,-0.01953125,1374.0,1374.0,1374.0,12.486076354980469,"1,1,1,1,1,1,1"
"2026-06-07 14:39:19",0.00177,-0.0,0.0,0.0,1374.0,1374.0,1374.0,12.486076354980469,"1,1,1,1,1,1,1"
"2026-06-07 14:39:19",0.00178,-0.0,-0.01953125,-0.01953125,1374.0,1374.0,1374.0,12.486076354980469,"1,1,1,1,1,1,1"
"2026-06-07 14:39:19",0.00179,-0.0390625,0.0,-0.01953125,1374.0,1374.0,1374.0,12.486076354980469,"1,1,1,1,1,1,1"
"2026-06-07 14:39:19",0.0018,-0.05859375,-0.01953125,-0.01953125,1374.0,1374.0,1374.0,12.501265525817871,"1,1,1,1,1,1,1"
"2026-06-07 14:39:19",0.00181,-0.0390625,0.0,0.01953125,1374.0,1374.0,1374.0,12.486076354980469,"1,1,1,1,1,1,1"
"2026-06-07 14:39:19",0.00182,-0.0390625,-0.0390625,0.01953125,1374.0,1374.0,1374.0,12.47088623046875,"1,1,1,1,1,1,1"
"2026-06-07 14:39:19",0.00183,-0.0390625,0.0,0.01953125,1374.0,1374.0,1374.0,12.47088623046875,"1,1,1,1,1,1,1"
"2026-06-07 14:39:19",0.00184,-0.01953125,-0.01953125,0.01953125,1374.0,1374.0,1374.0,12.501265525817871,"1,1,1,1,1,1,1"
"2026-06-07 14:39:19",0.00185,-0.0,-0.01953125,0.05859375,1374.0,1374.0,1374.0,12.455696105957031,"1,1,1,1,1,1,1"
"2026-06-07 14:39:19",0.00186,-0.0,-0.0390625,0.01953125,1374.0,1374.0,1374.0,12.486076354980469,"1,1,1,1,1,1,1"
"2026-06-07 14:39:19",0.00187,-0.0,-0.0390625,0.0,1374.0,1374.0,1374.0,12.501265525817871,"1,1,1,1,1,1,1"
"2026-06-07 14:39:19",0.00188,-0.01953125,-0.0390625,0.01953125,1374.0,1374.0,1374.0,12.47088623046875,"1,1,1,1,1,1,1"
"2026-06-07 14:39:19",0.00189,-0.0390625,-0.01953125,0.0,1374.0,1374.0,1374.0,12.47088623046875,"1,1,1,1,1,1,1"
"2026-06-07 14:39:19",0.0019,-0.0,0.01953125,0.01953125,1374.0,1374.0,1374.0,12.47088623046875,"1,1,1,1,1,1,1"
"2026-06-07 14:39:19",0.00191,-0.01953125,-0.01953125,-0.01953125,1374.0,1374.0,1374.0,12.501265525817871,"1,1,1,1,1,1,1"
"2026-06-07 14:39:19",0.00192,-0.01953125,-0.01953125,0.0,1374.0,1374.0,1374.0,12.486076354980469,"1,1,1,1,1,1,1"
"2026-06-07 14:39:19",0.00193,-0.01953125,0.01953125,0.0,1374.0,1374.0,1374.0,12.486076354980469,"1,1,1,1,1,1,1"
"2026-06-07 14:39:19",0.00194,-0.01953125,0.0,-0.01953125,1374.0,1374.0,1374.0,12.47088623046875,"1,1,1,1,1,1,1"
"2026-06-07 14:39:19",0.00195,-0.01953125,0.0,0.0,1374.0,1374.0,1374.0,12.47088623046875,"1,1,1,1,1,1,1"
"2026-06-07 14:39:19",0.00196,-0.0390625,0.0,0.0,1374.0,1374.0,1374.0,12.47088623046875,"1,1,1,1,1,1,1"
"2026-06-07 14:39:19",0.00197,-0.05859375,0.01953125,0.0,1374.0,1374.0,1374.0,12.47088623046875,"1,1,1,1,1,1,1"
"2026-06-07 14:39:19",0.00198,-0.05859375,0.01953125,0.01953125,1374.0,1374.0,1374.0,12.47088623046875,"1,1,1,1,1,1,1"
"2026-06-07 14:39:19",0.00199,-0.01953125,0.0,0.0,1374.0,1374.0,1374.0,12.47088623046875,"1,1,1,1,1,1,1"
"2026-06-07 14:39:19",0.002,-0.0,-0.0390625,0.01953125,1374.0,1374.0,1374.0,12.47088623046875,"1,1,1,1,1,1,1"
"2026-06-07 14:39:19",0.00201,-0.05859375,-0.01953125,0.0390625,1374.0,1374.0,1374.0,12.486076354980469,"1,1,1,1,1,1,1"
"2026-06-07 14:39:19",0.00202,-0.01953125,-0.01953125,0.0,1374.0,1374.0,1374.0,12.486076354980469,"1,1,1,1,1,1,1"
"2026-06-07 14:39:19",0.00203,-0.0390625,-0.01953125,0.01953125,1374.0,1374.0,1374.0,12.486076354980469,"1,1,1,1,1,1,1"
"2026-06-07 14:39:19",0.00204,-0.0390625,0.0,0.01953125,1374.0,1374.0,1374.0,12.47088623046875,"1,1,1,1,1,1,1"
"2026-06-07 14:39:19",0.00205,-0.0390625,-0.01953125,0.0390625,1374.0,1374.0,1374.0,12.501265525817871,"1,1,1,1,1,1,1"
"2026-06-07 14:39:19",0.00206,-0.01953125,-0.01953125,0.01953125,1374.0,1374.0,1374.0,12.501265525817871,"1,1,1,1,1,1,1"
"2026-06-07 14:39:19",0.00207,-0.01953125,-0.01953125,0.0390625,1374.0,1374.0,1374.0,12.486076354980469,"1,1,1,1,1,1,1"
"2026-06-07 14:39:19",0.00208,-0.0390625,0.01953125,0.01953125,1374.0,1374.0,1374.0,12.47088623046875,"1,1,1,1,1,1,1"
"2026-06-07 14:39:19",0.00209,-0.05859375,-0.0390625,0.0390625,1374.0,1374.0,1374.0,12.47088623046875,"1,1,1,1,1,1,1"
"2026-06-07 14:39:19",0.0021,-0.0,-0.01953125,0.0390625,1374.0,1374.0,1374.0,12.486076354980469,"1,1,1,1,1,1,1"
"2026-06-07 14:39:19",0.00211,-0.01953125,-0.01953125,0.0,1374.0,1374.0,1374.0,12.47088623046875,"1,1,1,1,1,1,1"
"2026-06-07 14:39:19",0.00212,-0.0390625,-0.01953125,-0.01953125,1374.0,1374.0,1374.0,12.47088623046875,"1,1,1,1,1,1,1"
"2026-06-07 14:39:19",0.00213,-0.01953125,-0.05859375,0.01953125,1374.0,1374.0,1374.0,12.47088623046875,"1,1,1,1,1,1,1"
"2026-06-07 14:39:19",0.00214,-0.0390625,-0.0390625,0.01953125,1374.0,1374.0,1374.0,12.47088623046875,"1,1,1,1,1,1,1"
"2026-06-07 14:39:19",0.00215,-0.01953125,0.0,0.0,1374.0,1374.0,1374.0,12.47088623046875,"1,1,1,1,1,1,1"
"2026-06-07 14:39:19",0.00216,-0.01953125,-0.01953125,0.0390625,1374.0,1374.0,1374.0,12.486076354980469,"1,1,1,1,1,1,1"
"2026-06-07 14:39:19",0.00217,-0.0390625,-0.0390625,0.01953125,1374.0,1374.0,1374.0,12.486076354980469,"1,1,1,1,1,1,1"
"2026-06-07 14:39:19",0.00218,-0.0390625,-0.05859375,0.0,1374.0,1374.0,1374.0,12.486076354980469,"1,1,1,1,1,1,1"
"2026-06-07 14:39:19",0.00219,-0.05859375,-0.01953125,0.01953125,1374.0,1374.0,1374.0,12.486076354980469,"1,1,1,1,1,1,1"
"2026-06-07 14:39:19",0.0022,-0.0390625,0.0,0.01953125,1374.0,1374.0,1374.0,12.501265525817871,"1,1,1,1,1,1,1"
"2026-06-07 14:39:19",0.00221,-0.0390625,-0.01953125,0.0390625,1374.0,1374.0,1374.0,12.47088623046875,"1,1,1,1,1,1,1"
"2026-06-07 14:39:19",0.00222,-0.01953125,0.0,0.01953125,1374.0,1374.0,1374.0,12.486076354980469,"1,1,1,1,1,1,1"
"2026-06-07 14:39:19",0.00223,-0.0,0.0,0.05859375,1374.0,1374.0,1374.0,12.47088623046875,"1,1,1,1,1,1,1"
"2026-06-07 14:39:19",0.00224,0.01953125,0.0,0.078125,1374.0,1374.0,1374.0,12.47088623046875,"1,1,1,1,1,1,1"
"2026-06-07 14:39:19",0.00225,-0.0,0.0390625,0.05859375,1374.0,1374.0,1374.0,12.455696105957031,"1,1,1,1,1,1,1"
"2026-06-07 14:39:19",0.00226,-0.01953125,0.0390625,0.0390625,1374.0,1374.0,1374.0,12.455696105957031,"1,1,1,1,1,1,1"
"2026-06-07 14:39:19",0.00227,-0.0390625,0.01953125,0.0,1374.0,1374.0,1374.0,12.47088623046875,"1,1,1,1,1,1,1"
"2026-06-07 14:39:19",0.00228,0.01953125,0.0,-0.01953125,1374.0,1374.0,1374.0,12.47088623046875,"1,1,1,1,1,1,1"
"2026-06-07 14:39:19",0.00229,0.01953125,0.01953125,0.01953125,1374.0,1374.0,1374.0,12.47088623046875,"1,1,1,1,1,1,1"
"2026-06-07 14:39:19",0.0023,-0.0,0.0,0.01953125,1374.0,1374.0,1374.0,12.47088623046875,"1,1,1,1,1,1,1"
"2026-06-07 14:39:19",0.00231,-0.01953125,0.0,0.0390625,1374.0,1374.0,1374.0,12.47088623046875,"1,1,1,1,1,1,1"
"2026-06-07 14:39:19",0.00232,-0.01953125,0.0,0.01953125,1374.0,1374.0,1374.0,12.501265525817871,"1,1,1,1,1,1,1"
"2026-06-07 14:39:19",0.00233,-0.01953125,-0.01953125,0.0,1374.0,1374.0,1374.0,12.486076354980469,"1,1,1,1,1,1,1"
"2026-06-07 14:39:19",0.00234,-0.0,0.0390625,0.01953125,1374.0,1374.0,1374.0,12.486076354980469,"1,1,1,1,1,1,1"
"2026-06-07 14:39:19",0.00235,-0.01953125,0.0390625,0.0390625,1374.0,1374.0,1374.0,12.486076354980469,"1,1,1,1,1,1,1"
"2026-06-07 14:39:19",0.00236,-0.01953125,0.01953125,0.01953125,1374.0,1374.0,1374.0,12.501265525817871,"1,1,1,1,1,1,1"
"2026-06-07 14:39:19",0.00237,-0.05859375,0.0390625,0.01953125,1374.0,1374.0,1374.0,12.486076354980469,"1,1,1,1,1,1,1"
"2026-06-07 14:39:19",0.00238,-0.0390625,-0.0390625,0.0,1374.0,1374.0,1374.0,12.486076354980469,"1,1,1,1,1,1,1"
"2026-06-07 14:39:19",0.00239,-0.0390625,-0.0390625,0.0,1374.0,1374.0,1374.0,12.486076354980469,"1,1,1,1,1,1,1"
"2026-06-07 14:39:19",0.0024,-0.078125,-0.01953125,-0.01953125,1374.0,1374.0,1374.0,12.455696105957031,"1,1,1,1,1,1,1"
"2026-06-07 14:39:19",0.00241,-0.0390625,-0.0390625,-0.01953125,1374.0,1374.0,1374.0,12.47088623046875,"1,1,1,1,1,1,1"
"2026-06-07 14:39:19",0.00242,-0.05859375,-0.0390625,-0.01953125,1374.0,1374.0,1374.0,12.486076354980469,"1,1,1,1,1,1,1"
"2026-06-07 14:39:19",0.00243,-0.078125,-0.05859375,-0.01953125,1374.0,1374.0,1374.0,12.47088623046875,"1,1,1,1,1,1,1"
"2026-06-07 14:39:19",0.00244,-0.05859375,-0.0390625,0.01953125,1374.0,1374.0,1374.0,12.47088623046875,"1,1,1,1,1,1,1"
"2026-06-07 14:39:19",0.00245,-0.05859375,-0.0390625,-0.01953125,1374.0,1374.0,1374.0,12.47088623046875,"1,1,1,1,1,1,1"
"2026-06-07 14:39:19",0.00246,-0.0390625,0.0,0.01953125,1374.0,1374.0,1374.0,12.501265525817871,"1,1,1,1,1,1,1"
"2026-06-07 14:39:19",0.00247,-0.05859375,0.0,0.0,1374.0,1374.0,1374.0,12.47088623046875,"1,1,1,1,1,1,1"
"2026-06-07 14:39:19",0.00248,-0.05859375,0.0,0.0390625,1374.0,1374.0,1374.0,12.486076354980469,"1,1,1,1,1,1,1"
"2026-06-07 14:39:19",0.00249,-0.0390625,-0.01953125,0.0390625,1374.0,1374.0,1374.0,12.47088623046875,"1,1,1,1,1,1,1"
"2026-06-07 14:39:19",0.0025,-0.05859375,0.0,0.0,1374.0,1374.0,1374.0,12.486076354980469,"1,1,1,1,1,1,1"
"2026-06-07 14:39:19",0.00251,-0.05859375,-0.01953125,-0.01953125,1374.0,1374.0,1374.0,12.47088623046875,"1,1,1,1,1,1,1"
"2026-06-07 14:39:19",0.00252,-0.0390625,-0.0390625,0.01953125,1374.0,1374.0,1374.0,12.486076354980469,"1,1,1,1,1,1,1"
"2026-06-07 14:39:19",0.00253,-0.0390625,-0.0390625,-0.01953125,1374.0,1374.0,1374.0,12.486076354980469,"1,1,1,1,1,1,1"
"2026-06-07 14:39:19",0.00254,-0.05859375,-0.0390625,0.0,1374.0,1374.0,1374.0,12.47088623046875,"1,1,1,1,1,1,1"
"2026-06-07 14:39:19",0.00255,-0.01953125,0.0,0.01953125,1374.0,1374.0,1374.0,12.486076354980469,"1,1,1,1,1,1,1"
"2026-06-07 14:39:19",0.00256,-0.01953125,0.01953125,0.0,1374.0,1374.0,1374.0,12.501265525817871,"1,1,1,1,1,1,1"
"2026-06-07 14:39:19",0.00257,-0.0390625,0.01953125,0.01953125,1374.0,1374.0,1374.0,12.47088623046875,"1,1,1,1,1,1,1"
"2026-06-07 14:39:19",0.00258,-0.05859375,0.0,0.01953125,1374.0,1374.0,1374.0,12.47088623046875,"1,1,1,1,1,1,1"
"2026-06-07 14:39:19",0.00259,-0.05859375,0.0390625,0.0390625,1374.0,1374.0,1374.0,12.486076354980469,"1,1,1,1,1,1,1"
"2026-06-07 14:39:19",0.0026,-0.0390625,0.01953125,0.0,1374.0,1374.0,1374.0,12.501265525817871,"1,1,1,1,1,1,1"
"2026-06-07 14:39:19",0.00261,-0.05859375,0.0390625,0.0390625,1374.0,1374.0,1374.0,12.486076354980469,"1,1,1,1,1,1,1"
"2026-06-07 14:39:19",0.00262,-0.05859375,0.0,0.01953125,1374.0,1374.0,1374.0,12.47088623046875,"1,1,1,1,1,1,1"
"2026-06-07 14:39:19",0.00263,-0.0390625,0.01953125,-0.01953125,1374.0,1374.0,1374.0,12.47088623046875,"1,1,1,1,1,1,1"
"2026-06-07 14:39:19",0.00264,-0.0390625,0.01953125,-0.01953125,1374.0,1374.0,1374.0,12.47088623046875,"1,1,1,1,1,1,1"
"2026-06-07 14:39:19",0.00265,-0.01953125,0.01953125,0.0,1374.0,1374.0,1374.0,12.47088623046875,"1,1,1,1,1,1,1"
"2026-06-07 14:39:19",0.00266,-0.01953125,0.0,0.0,1374.0,1374.0,1374.0,12.47088623046875,"1,1,1,1,1,1,1"
"2026-06-07 14:39:19",0.00267,-0.0,0.01953125,0.01953125,1374.0,1374.0,1374.0,12.47088623046875,"1,1,1,1,1,1,1"
"2026-06-07 14:39:19",0.00268,-0.01953125,0.0,-0.01953125,1374.0,1374.0,1374.0,12.486076354980469,"1,1,1,1,1,1,1"
"2026-06-07 14:39:19",0.00269,-0.01953125,0.0,0.01953125,1374.0,1374.0,1374.0,12.486076354980469,"1,1,1,1,1,1,1"
"2026-06-07 14:39:19",0.0027,-0.01953125,-0.01953125,0.01953125,1374.0,1374.0,1374.0,12.501265525817871,"1,1,1,1,1,1,1"
"2026-06-07 14:39:19",0.00271,-0.0390625,-0.01953125,0.0,1374.0,1374.0,1374.0,12.486076354980469,"1,1,1,1,1,1,1"
"2026-06-07 14:39:19",0.00272,-0.0390625,-0.0390625,-0.01953125,1374.0,1374.0,1374.0,12.486076354980469,"1,1,1,1,1,1,1"
"2026-06-07 14:39:19",0.00273,-0.0390625,-0.01953125,-0.01953125,1374.0,1374.0,1374.0,12.486076354980469,"1,1,1,1,1,1,1"
"2026-06-07 14:39:19",0.00274,-0.0390625,0.01953125,0.0,1374.0,1374.0,1374.0,12.501265525817871,"1,1,1,1,1,1,1"
"2026-06-07 14:39:19",0.00275,-0.01953125,-0.01953125,0.0390625,1374.0,1374.0,1374.0,12.486076354980469,"1,1,1,1,1,1,1"
"2026-06-07 14:39:19",0.00276,-0.0,-0.0390625,0.0390625,1374.0,1374.0,1374.0,12.455696105957031,"1,1,1,1,1,1,1"
"2026-06-07 14:39:19",0.00277,0.01953125,-0.01953125,0.0,1374.0,1374.0,1374.0,12.486076354980469,"1,1,1,1,1,1,1"
"2026-06-07 14:39:19",0.00278,-0.01953125,-0.01953125,0.01953125,1374.0,1374.0,1374.0,12.47088623046875,"1,1,1,1,1,1,1"
"2026-06-07 14:39:19",0.00279,-0.01953125,0.01953125,0.0,1374.0,1374.0,1374.0,12.47088623046875,"1,1,1,1,1,1,1"
"2026-06-07 14:39:19",0.0028,-0.0390625,0.0,0.0,1374.0,1374.0,1374.0,12.47088623046875,"1,1,1,1,1,1,1"
"2026-06-07 14:39:19",0.00281,-0.01953125,0.01953125,0.0,1374.0,1374.0,1374.0,12.486076354980469,"1,1,1,1,1,1,1"
"2026-06-07 14:39:19",0.00282,-0.0390625,-0.01953125,0.0,1374.0,1374.0,1374.0,12.486076354980469,"1,1,1,1,1,1,1"
"2026-06-07 14:39:19",0.00283,-0.0390625,-0.0390625,-0.01953125,1374.0,1374.0,1374.0,12.47088623046875,"1,1,1,1,1,1,1"
"2026-06-07 14:39:19",0.00284,-0.01953125,-0.0390625,0.01953125,1374.0,1374.0,1374.0,12.47088623046875,"1,1,1,1,1,1,1"
"2026-06-07 14:39:19",0.00285,-0.0,0.0,0.01953125,1374.0,1374.0,1374.0,12.47088623046875,"1,1,1,1,1,1,1"
"2026-06-07 14:39:19",0.00286,-0.01953125,-0.01953125,-0.01953125,1374.0,1374.0,1374.0,12.486076354980469,"1,1,1,1,1,1,1"
"2026-06-07 14:39:19",0.00287,-0.01953125,-0.01953125,-0.0390625,1374.0,1374.0,1374.0,12.501265525817871,"1,1,1,1,1,1,1"
"2026-06-07 14:39:19",0.00288,-0.01953125,-0.01953125,-0.0390625,1374.0,1374.0,1374.0,12.501265525817871,"1,1,1,1,1,1,1"
"2026-06-07 14:39:19",0.00289,-0.01953125,-0.0390625,-0.0390625,1374.0,1374.0,1374.0,12.486076354980469,"1,1,1,1,1,1,1"
"2026-06-07 14:39:19",0.0029,-0.0390625,-0.01953125,-0.0390625,1374.0,1374.0,1374.0,12.47088623046875,"1,1,1,1,1,1,1"
"2026-06-07 14:39:19",0.00291,-0.01953125,0.0,0.01953125,1374.0,1374.0,1374.0,12.486076354980469,"1,1,1,1,1,1,1"
"2026-06-07 14:39:19",0.00292,-0.01953125,-0.01953125,-0.01953125,1374.0,1374.0,1374.0,12.501265525817871,"1,1,1,1,1,1,1"
"2026-06-07 14:39:19",0.00293,-0.01953125,0.0,-0.01953125,1374.0,1374.0,1374.0,12.455696105957031,"1,1,1,1,1,1,1"
"2026-06-07 14:39:19",0.00294,-0.05859375,0.01953125,0.0,1374.0,1374.0,1374.0,12.486076354980469,"1,1,1,1,1,1,1"
"2026-06-07 14:39:19",0.00295,-0.05859375,0.0,-0.01953125,1374.0,1374.0,1374.0,12.486076354980469,"1,1,1,1,1,1,1"
"2026-06-07 14:39:19",0.00296,-0.0390625,0.0,-0.01953125,1374.0,1374.0,1374.0,12.486076354980469,"1,1,1,1,1,1,1"
"2026-06-07 14:39:19",0.00297,-0.01953125,-0.0390625,-0.01953125,1374.0,1374.0,1374.0,12.47088623046875,"1,1,1,1,1,1,1"
"2026-06-07 14:39:19",0.00298,-0.01953125,0.0,0.0,1374.0,1374.0,1374.0,12.486076354980469,"1,1,1,1,1,1,1"
"2026-06-07 14:39:19",0.00299,-0.05859375,0.01953125,0.0,1374.0,1374.0,1374.0,12.486076354980469,"1,1,1,1,1,1,1"
"2026-06-07 14:39:19",0.003,-0.01953125,0.0,0.0390625,1374.0,1374.0,1374.0,12.486076354980469,"1,1,1,1,1,1,1"
"2026-06-07 14:39:19",0.00301,-0.01953125,-0.0390625,0.01953125,1374.0,1374.0,1374.0,12.455696105957031,"1,1,1,1,1,1,1"
"2026-06-07 14:39:19",0.00302,-0.0,0.0,0.01953125,1374.0,1374.0,1374.0,12.486076354980469,"1,1,1,1,1,1,1"
"2026-06-07 14:39:19",0.00303,-0.0390625,-0.01953125,0.0,1374.0,1374.0,1374.0,12.47088623046875,"1,1,1,1,1,1,1"
"2026-06-07 14:39:19",0.00304,-0.05859375,0.0,0.05859375,1374.0,1374.0,1374.0,12.486076354980469,"1,1,1,1,1,1,1"
"2026-06-07 14:39:19",0.00305,-0.0390625,-0.01953125,0.0,1374.0,1374.0,1374.0,12.501265525817871,"1,1,1,1,1,1,1"
"2026-06-07 14:39:19",0.00306,-0.0390625,0.0,0.0390625,1374.0,1374.0,1374.0,12.486076354980469,"1,1,1,1,1,1,1"
"2026-06-07 14:39:19",0.00307,-0.05859375,-0.01953125,0.0,1374.0,1374.0,1374.0,12.486076354980469,"1,1,1,1,1,1,1"
"2026-06-07 14:39:19",0.00308,-0.0390625,-0.05859375,0.0390625,1374.0,1374.0,1374.0,12.47088623046875,"1,1,1,1,1,1,1"
"2026-06-07 14:39:19",0.00309,-0.01953125,-0.01953125,0.01953125,1374.0,1374.0,1374.0,12.501265525817871,"1,1,1,1,1,1,1"
"2026-06-07 14:39:19",0.0031,-0.01953125,0.0,-0.01953125,1374.0,1374.0,1374.0,12.486076354980469,"1,1,1,1,1,1,1"
"2026-06-07 14:39:19",0.00311,-0.01953125,-0.01953125,0.0,1374.0,1374.0,1374.0,12.47088623046875,"1,1,1,1,1,1,1"
"2026-06-07 14:39:19",0.00312,-0.0390625,-0.0390625,0.0390625,1374.0,1374.0,1374.0,12.47088623046875,"1,1,1,1,1,1,1"
"2026-06-07 14:39:19",0.00313,-0.05859375,0.0,-0.01953125,1374.0,1374.0,1374.0,12.486076354980469,"1,1,1,1,1,1,1"
"2026-06-07 14:39:19",0.00314,-0.0390625,0.0,0.01953125,1374.0,1374.0,1374.0,12.486076354980469,"1,1,1,1,1,1,1"
"2026-06-07 14:39:19",0.00315,-0.01953125,0.0,0.01953125,1374.0,1374.0,1374.0,12.501265525817871,"1,1,1,1,1,1,1"
"2026-06-07 14:39:19",0.00316,-0.01953125,-0.0390625,0.05859375,1374.0,1374.0,1374.0,12.47088623046875,"1,1,1,1,1,1,1"
"2026-06-07 14:39:19",0.00317,-0.0,-0.0390625,-0.01953125,1374.0,1374.0,1374.0,12.486076354980469,"1,1,1,1,1,1,1"
"2026-06-07 14:39:19",0.00318,-0.0,-0.01953125,0.0,1374.0,1374.0,1374.0,12.501265525817871,"1,1,1,1,1,1,1"
"2026-06-07 14:39:19",0.00319,-0.01953125,0.0,0.0,1374.0,1374.0,1374.0,12.486076354980469,"1,1,1,1,1,1,1"
"2026-06-07 14:39:19",0.0032,-0.0390625,0.0,0.0,1374.0,1374.0,1374.0,12.486076354980469,"1,1,1,1,1,1,1"
"2026-06-07 14:39:19",0.00321,-0.0,0.0,-0.01953125,1374.0,1374.0,1374.0,12.486076354980469,"1,1,1,1,1,1,1"
"2026-06-07 14:39:19",0.00322,-0.01953125,0.0,0.0,1374.0,1374.0,1374.0,12.47088623046875,"1,1,1,1,1,1,1"
"2026-06-07 14:39:19",0.00323,-0.0,-0.01953125,0.0390625,1374.0,1374.0,1374.0,12.486076354980469,"1,1,1,1,1,1,1"
"2026-06-07 14:39:19",0.00324,-0.0,-0.0390625,0.0390625,1374.0,1374.0,1374.0,12.486076354980469,"1,1,1,1,1,1,1"
"2026-06-07 14:39:19",0.00325,-0.0390625,0.0,0.078125,1374.0,1374.0,1374.0,12.47088623046875,"1,1,1,1,1,1,1"
"2026-06-07 14:39:19",0.00326,-0.01953125,-0.01953125,0.05859375,1374.0,1374.0,1374.0,12.47088623046875,"1,1,1,1,1,1,1"
"2026-06-07 14:39:19",0.00327,-0.0390625,-0.0390625,0.0390625,1374.0,1374.0,1374.0,12.486076354980469,"1,1,1,1,1,1,1"
"2026-06-07 14:39:19",0.00328,-0.01953125,0.01953125,0.0390625,1374.0,1374.0,1374.0,12.501265525817871,"1,1,1,1,1,1,1"
"2026-06-07 14:39:19",0.00329,0.01953125,0.05859375,0.05859375,1374.0,1374.0,1374.0,12.486076354980469,"1,1,1,1,1,1,1"
"2026-06-07 14:39:19",0.0033,-0.01953125,0.01953125,0.0390625,1374.0,1374.0,1374.0,12.47088623046875,"1,1,1,1,1,1,1"
"2026-06-07 14:39:19",0.00331,-0.01953125,0.01953125,0.05859375,1374.0,1374.0,1374.0,12.486076354980469,"1,1,1,1,1,1,1"
"2026-06-07 14:39:19",0.00332,-0.01953125,-0.01953125,0.0390625,1374.0,1374.0,1374.0,12.47088623046875,"1,1,1,1,1,1,1"
"2026-06-07 14:39:19",0.00333,-0.0,0.0,0.0,1374.0,1374.0,1374.0,12.47088623046875,"1,1,1,1,1,1,1"
"2026-06-07 14:39:19",0.00334,-0.0390625,-0.01953125,0.0,1374.0,1374.0,1374.0,12.486076354980469,"1,1,1,1,1,1,1"
"2026-06-07 14:39:19",0.00335,-0.05859375,-0.01953125,0.01953125,1374.0,1374.0,1374.0,12.486076354980469,"1,1,1,1,1,1,1"
"2026-06-07 14:39:19",0.00336,-0.05859375,-0.01953125,-0.01953125,1374.0,1374.0,1374.0,12.486076354980469,"1,1,1,1,1,1,1"
"2026-06-07 14:39:19",0.00337,-0.0390625,-0.01953125,0.01953125,1374.0,1374.0,1374.0,12.47088623046875,"1,1,1,1,1,1,1"
"2026-06-07 14:39:19",0.00338,-0.01953125,0.0,0.0,1374.0,1374.0,1374.0,12.486076354980469,"1,1,1,1,1,1,1"
"2026-06-07 14:39:19",0.00339,-0.01953125,0.0,-0.01953125,1374.0,1374.0,1374.0,12.455696105957031,"1,1,1,1,1,1,1"
"2026-06-07 14:39:19",0.0034,-0.01953125,0.0,-0.0390625,1374.0,1374.0,1374.0,12.486076354980469,"1,1,1,1,1,1,1"
"2026-06-07 14:39:19",0.00341,-0.01953125,-0.0390625,-0.01953125,1374.0,1374.0,1374.0,12.486076354980469,"1,1,1,1,1,1,1"
"2026-06-07 14:39:19",0.00342,-0.01953125,-0.0390625,-0.01953125,1374.0,1374.0,1374.0,12.486076354980469,"1,1,1,1,1,1,1"
"2026-06-07 14:39:19",0.00343,-0.01953125,0.0,0.01953125,1374.0,1374.0,1374.0,12.486076354980469,"1,1,1,1,1,1,1"
"2026-06-07 14:39:19",0.00344,-0.0,-0.01953125,0.01953125,1374.0,1374.0,1374.0,12.47088623046875,"1,1,1,1,1,1,1"
"2026-06-07 14:39:19",0.00345,-0.01953125,0.0,-0.01953125,1374.0,1374.0,1374.0,12.486076354980469,"1,1,1,1,1,1,1"
"2026-06-07 14:39:19",0.00346,0.01953125,0.01953125,0.01953125,1374.0,1374.0,1374.0,12.47088623046875,"1,1,1,1,1,1,1"
"2026-06-07 14:39:19",0.00347,-0.01953125,0.01953125,0.0,1374.0,1374.0,1374.0,12.47088623046875,"1,1,1,1,1,1,1"
"2026-06-07 14:39:19",0.00348,-0.01953125,-0.0390625,0.01953125,1374.0,1374.0,1374.0,12.455696105957031,"1,1,1,1,1,1,1"
"2026-06-07 14:39:19",0.00349,-0.01953125,-0.01953125,0.01953125,1374.0,1374.0,1374.0,12.47088623046875,"1,1,1,1,1,1,1"
"2026-06-07 14:39:19",0.0035,-0.0,-0.01953125,0.01953125,1374.0,1374.0,1374.0,12.486076354980469,"1,1,1,1,1,1,1"
"2026-06-07 14:39:19",0.00351,-0.0390625,0.0,0.01953125,1374.0,1374.0,1374.0,12.486076354980469,"1,1,1,1,1,1,1"
"2026-06-07 14:39:19",0.00352,-0.05859375,0.0,0.0390625,1374.0,1374.0,1374.0,12.486076354980469,"1,1,1,1,1,1,1"
"2026-06-07 14:39:19",0.00353,-0.01953125,-0.01953125,0.0390625,1374.0,1374.0,1374.0,12.486076354980469,"1,1,1,1,1,1,1"
"2026-06-07 14:39:19",0.00354,-0.01953125,-0.0390625,0.01953125,1374.0,1374.0,1374.0,12.47088623046875,"1,1,1,1,1,1,1"
"2026-06-07 14:39:19",0.00355,-0.0390625,0.0,0.01953125,1374.0,1374.0,1374.0,12.486076354980469,"1,1,1,1,1,1,1"
"2026-06-07 14:39:19",0.00356,-0.0390625,-0.01953125,0.01953125,1374.0,1374.0,1374.0,12.486076354980469,"1,1,1,1,1,1,1"
"2026-06-07 14:39:19",0.00357,-0.0390625,-0.01953125,0.0390625,1374.0,1374.0,1374.0,12.486076354980469,"1,1,1,1,1,1,1"
"2026-06-07 14:39:19",0.00358,-0.01953125,0.0,0.0390625,1374.0,1374.0,1374.0,12.455696105957031,"1,1,1,1,1,1,1"
"2026-06-07 14:39:19",0.00359,-0.0390625,-0.0390625,0.0390625,1374.0,1374.0,1374.0,12.47088623046875,"1,1,1,1,1,1,1"
"2026-06-07 14:39:19",0.0036,-0.01953125,-0.0390625,0.0390625,1374.0,1374.0,1374.0,12.486076354980469,"1,1,1,1,1,1,1"
"2026-06-07 14:39:19",0.00361,-0.078125,0.0,0.0390625,1374.0,1374.0,1374.0,12.47088623046875,"1,1,1,1,1,1,1"
"2026-06-07 14:39:19",0.00362,0.01953125,-0.01953125,0.01953125,1374.0,1374.0,1374.0,12.47088623046875,"1,1,1,1,1,1,1"
"2026-06-07 14:39:19",0.00363,-0.01953125,-0.01953125,0.0,1374.0,1374.0,1374.0,12.486076354980469,"1,1,1,1,1,1,1"
"2026-06-07 14:39:19",0.00364,-0.0,-0.01953125,0.0,1374.0,1374.0,1374.0,12.486076354980469,"1,1,1,1,1,1,1"
"2026-06-07 14:39:19",0.00365,-0.01953125,-0.0390625,-0.0390625,1374.0,1374.0,1374.0,12.455696105957031,"1,1,1,1,1,1,1"
"2026-06-07 14:39:19",0.00366,-0.01953125,-0.0390625,0.01953125,1374.0,1374.0,1374.0,12.486076354980469,"1,1,1,1,1,1,1"
"2026-06-07 14:39:19",0.00367,-0.01953125,-0.0390625,0.0,1374.0,1374.0,1374.0,12.486076354980469,"1,1,1,1,1,1,1"
"2026-06-07 14:39:19",0.00368,-0.01953125,-0.0390625,0.01953125,1374.0,1374.0,1374.0,12.486076354980469,"1,1,1,1,1,1,1"
"2026-06-07 14:39:19",0.00369,-0.0,-0.0390625,-0.01953125,1374.0,1374.0,1374.0,12.47088623046875,"1,1,1,1,1,1,1"
"2026-06-07 14:39:19",0.0037,-0.01953125,-0.01953125,0.0,1374.0,1374.0,1374.0,12.501265525817871,"1,1,1,1,1,1,1"
"2026-06-07 14:39:19",0.00371,-0.01953125,0.0,0.0,1374.0,1374.0,1374.0,12.47088623046875,"1,1,1,1,1,1,1"
"2026-06-07 14:39:19",0.00372,-0.0,0.0,0.0390625,1374.0,1374.0,1374.0,12.47088623046875,"1,1,1,1,1,1,1"
"2026-06-07 14:39:19",0.00373,-0.01953125,0.0,0.01953125,1374.0,1374.0,1374.0,12.455696105957031,"1,1,1,1,1,1,1"
"2026-06-07 14:39:19",0.00374,-0.0390625,-0.01953125,0.01953125,1374.0,1374.0,1374.0,12.47088623046875,"1,1,1,1,1,1,1"
"2026-06-07 14:39:19",0.00375,-0.01953125,-0.05859375,0.0,1374.0,1374.0,1374.0,12.455696105957031,"1,1,1,1,1,1,1"
"2026-06-07 14:39:19",0.00376,0.01953125,-0.0390625,0.01953125,1374.0,1374.0,1374.0,12.47088623046875,"1,1,1,1,1,1,1"
"2026-06-07 14:39:19",0.00377,-0.01953125,-0.01953125,0.01953125,1374.0,1374.0,1374.0,12.47088623046875,"1,1,1,1,1,1,1"
"2026-06-07 14:39:19",0.00378,-0.01953125,-0.0390625,0.01953125,1374.0,1374.0,1374.0,12.47088623046875,"1,1,1,1,1,1,1"
"2026-06-07 14:39:19",0.00379,-0.05859375,-0.0390625,0.0390625,1374.0,1374.0,1374.0,12.47088623046875,"1,1,1,1,1,1,1"
"2026-06-07 14:39:19",0.0038,-0.0390625,-0.0390625,0.0390625,1374.0,1374.0,1374.0,12.47088623046875,"1,1,1,1,1,1,1"
"2026-06-07 14:39:19",0.00381,-0.05859375,-0.01953125,-0.0390625,1374.0,1374.0,1374.0,12.486076354980469,"1,1,1,1,1,1,1"
"2026-06-07 14:39:19",0.00382,-0.0390625,-0.0390625,0.01953125,1374.0,1374.0,1374.0,12.486076354980469,"1,1,1,1,1,1,1"
"2026-06-07 14:39:19",0.00383,-0.0390625,-0.0390625,-0.01953125,1374.0,1374.0,1374.0,12.501265525817871,"1,1,1,1,1,1,1"
"2026-06-07 14:39:19",0.00384,-0.01953125,-0.05859375,0.0,1374.0,1374.0,1374.0,12.486076354980469,"1,1,1,1,1,1,1"
"2026-06-07 14:39:19",0.00385,-0.0390625,-0.05859375,-0.01953125,1374.0,1374.0,1374.0,12.486076354980469,"1,1,1,1,1,1,1"
"2026-06-07 14:39:19",0.00386,-0.05859375,-0.05859375,-0.01953125,1374.0,1374.0,1374.0,12.486076354980469,"1,1,1,1,1,1,1"
"2026-06-07 14:39:19",0.00387,-0.078125,-0.01953125,-0.01953125,1374.0,1374.0,1374.0,12.47088623046875,"1,1,1,1,1,1,1"
"2026-06-07 14:39:19",0.00388,-0.0390625,0.0,-0.01953125,1374.0,1374.0,1374.0,12.47088623046875,"1,1,1,1,1,1,1"
"2026-06-07 14:39:19",0.00389,-0.078125,0.0,0.0,1374.0,1374.0,1374.0,12.47088623046875,"1,1,1,1,1,1,1"
"2026-06-07 14:39:19",0.0039,-0.05859375,-0.0390625,0.01953125,1374.0,1374.0,1374.0,12.47088623046875,"1,1,1,1,1,1,1"
"2026-06-07 14:39:19",0.00391,-0.05859375,-0.0390625,-0.0390625,1374.0,1374.0,1374.0,12.486076354980469,"1,1,1,1,1,1,1"
"2026-06-07 14:39:19",0.00392,-0.078125,-0.0390625,0.0,1374.0,1374.0,1374.0,12.501265525817871,"1,1,1,1,1,1,1"
"2026-06-07 14:39:19",0.00393,-0.078125,0.01953125,0.0390625,1374.0,1374.0,1374.0,12.47088623046875,"1,1,1,1,1,1,1"
"2026-06-07 14:39:19",0.00394,-0.078125,0.0,0.0,1374.0,1374.0,1374.0,12.47088623046875,"1,1,1,1,1,1,1"
"2026-06-07 14:39:19",0.00395,-0.0390625,0.01953125,-0.01953125,1374.0,1374.0,1374.0,12.47088623046875,"1,1,1,1,1,1,1"
"2026-06-07 14:39:19",0.00396,-0.05859375,0.0,-0.01953125,1374.0,1374.0,1374.0,12.486076354980469,"1,1,1,1,1,1,1"
"2026-06-07 14:39:19",0.00397,-0.05859375,0.0,-0.01953125,1374.0,1374.0,1374.0,12.47088623046875,"1,1,1,1,1,1,1"
"2026-06-07 14:39:19",0.00398,-0.05859375,-0.01953125,0.01953125,1374.0,1374.0,1374.0,12.47088623046875,"1,1,1,1,1,1,1"
"2026-06-07 14:39:19",0.00399,-0.05859375,-0.01953125,0.01953125,1374.0,1374.0,1374.0,12.47088623046875,"1,1,1,1,1,1,1"
"2026-06-07 14:39:19",0.004,-0.078125,-0.01953125,0.01953125,1374.0,1374.0,1374.0,12.486076354980469,"1,1,1,1,1,1,1"
"2026-06-07 14:39:19",0.00401,-0.05859375,0.0390625,0.01953125,1374.0,1374.0,1374.0,12.455696105957031,"1,1,1,1,1,1,1"
"2026-06-07 14:39:19",0.00402,-0.05859375,0.01953125,0.01953125,1374.0,1374.0,1374.0,12.486076354980469,"1,1,1,1,1,1,1"
"2026-06-07 14:39:19",0.00403,-0.05859375,0.0,0.0,1374.0,1374.0,1374.0,12.47088623046875,"1,1,1,1,1,1,1"
"2026-06-07 14:39:19",0.00404,-0.05859375,-0.01953125,0.01953125,1374.0,1374.0,1374.0,12.47088623046875,"1,1,1,1,1,1,1"
"2026-06-07 14:39:19",0.00405,-0.0,-0.0390625,-0.01953125,1374.0,1374.0,1374.0,12.455696105957031,"1,1,1,1,1,1,1"
"2026-06-07 14:39:19",0.00406,-0.01953125,0.0,0.01953125,1374.0,1374.0,1374.0,12.486076354980469,"1,1,1,1,1,1,1"
"2026-06-07 14:39:19",0.00407,-0.0390625,-0.05859375,0.0,1374.0,1374.0,1374.0,12.455696105957031,"1,1,1,1,1,1,1"
"2026-06-07 14:39:19",0.00408,-0.01953125,-0.01953125,0.01953125,1374.0,1374.0,1374.0,12.47088623046875,"1,1,1,1,1,1,1"
"2026-06-07 14:39:19",0.00409,-0.01953125,-0.01953125,0.01953125,1374.0,1374.0,1374.0,12.47088623046875,"1,1,1,1,1,1,1"
"2026-06-07 14:39:19",0.0041,-0.0390625,-0.01953125,0.0390625,1374.0,1374.0,1374.0,12.47088623046875,"1,1,1,1,1,1,1"
"2026-06-07 14:39:19",0.00411,-0.0,-0.0390625,0.0390625,1374.0,1374.0,1374.0,12.486076354980469,"1,1,1,1,1,1,1"
"2026-06-07 14:39:19",0.00412,-0.01953125,-0.01953125,0.05859375,1374.0,1374.0,1374.0,12.47088623046875,"1,1,1,1,1,1,1"
"2026-06-07 14:39:19",0.00413,-0.0,0.0,0.05859375,1374.0,1374.0,1374.0,12.486076354980469,"1,1,1,1,1,1,1"
"2026-06-07 14:39:19",0.00414,-0.01953125,0.01953125,0.0390625,1374.0,1374.0,1374.0,12.486076354980469,"1,1,1,1,1,1,1"
"2026-06-07 14:39:19",0.00415,-0.01953125,0.0,0.0390625,1374.0,1374.0,1374.0,12.486076354980469,"1,1,1,1,1,1,1"
"2026-06-07 14:39:19",0.00416,-0.05859375,0.0,0.0390625,1374.0,1374.0,1374.0,12.455696105957031,"1,1,1,1,1,1,1"
"2026-06-07 14:39:19",0.00417,-0.01953125,0.0,0.01953125,1374.0,1374.0,1374.0,12.501265525817871,"1,1,1,1,1,1,1"
"2026-06-07 14:39:19",0.00418,-0.01953125,0.01953125,0.01953125,1374.0,1374.0,1374.0,12.501265525817871,"1,1,1,1,1,1,1"
"2026-06-07 14:39:19",0.00419,-0.05859375,-0.01953125,0.01953125,1374.0,1374.0,1374.0,12.486076354980469,"1,1,1,1,1,1,1"
"2026-06-07 14:39:19",0.0042,-0.0390625,-0.01953125,0.0390625,1374.0,1374.0,1374.0,12.47088623046875,"1,1,1,1,1,1,1"
"2026-06-07 14:39:19",0.00421,-0.0390625,-0.01953125,0.0,1374.0,1374.0,1374.0,12.501265525817871,"1,1,1,1,1,1,1"
"2026-06-07 14:39:19",0.00422,-0.0,-0.01953125,-0.01953125,1374.0,1374.0,1374.0,12.486076354980469,"1,1,1,1,1,1,1"
"2026-06-07 14:39:19",0.00423,-0.01953125,0.0,0.01953125,1374.0,1374.0,1374.0,12.486076354980469,"1,1,1,1,1,1,1"
"2026-06-07 14:39:19",0.00424,-0.0,0.0,0.0390625,1374.0,1374.0,1374.0,12.47088623046875,"1,1,1,1,1,1,1"
"2026-06-07 14:39:19",0.00425,-0.0390625,0.0,0.01953125,1374.0,1374.0,1374.0,12.486076354980469,"1,1,1,1,1,1,1"
"2026-06-07 14:39:19",0.00426,-0.0390625,0.0,0.01953125,1374.0,1374.0,1374.0,12.47088623046875,"1,1,1,1,1,1,1"
"2026-06-07 14:39:19",0.00427,-0.0,0.01953125,0.01953125,1374.0,1374.0,1374.0,12.486076354980469,"1,1,1,1,1,1,1"
"2026-06-07 14:39:19",0.00428,-0.01953125,0.0390625,0.01953125,1374.0,1374.0,1374.0,12.501265525817871,"1,1,1,1,1,1,1"
"2026-06-07 14:39:19",0.00429,-0.01953125,-0.01953125,0.01953125,1374.0,1374.0,1374.0,12.486076354980469,"1,1,1,1,1,1,1"
"2026-06-07 14:39:19",0.0043,-0.01953125,0.01953125,0.05859375,1374.0,1374.0,1374.0,12.47088623046875,"1,1,1,1,1,1,1"
"2026-06-07 14:39:19",0.00431,-0.0390625,-0.01953125,0.05859375,1374.0,1374.0,1374.0,12.47088623046875,"1,1,1,1,1,1,1"
"2026-06-07 14:39:19",0.00432,-0.01953125,0.0,0.0390625,1374.0,1374.0,1374.0,12.47088623046875,"1,1,1,1,1,1,1"
"2026-06-07 14:39:19",0.00433,-0.01953125,0.0,0.0,1374.0,1374.0,1374.0,12.47088623046875,"1,1,1,1,1,1,1"
"2026-06-07 14:39:19",0.00434,-0.01953125,0.0390625,-0.01953125,1374.0,1374.0,1374.0,12.486076354980469,"1,1,1,1,1,1,1"
"2026-06-07 14:39:19",0.00435,-0.0,0.0,-0.01953125,1374.0,1374.0,1374.0,12.455696105957031,"1,1,1,1,1,1,1"
"2026-06-07 14:39:19",0.00436,-0.0,-0.01953125,-0.01953125,1374.0,1374.0,1374.0,12.47088623046875,"1,1,1,1,1,1,1"
"2026-06-07 14:39:19",0.00437,-0.0390625,0.0,0.01953125,1374.0,1374.0,1374.0,12.47088623046875,"1,1,1,1,1,1,1"
"2026-06-07 14:39:19",0.00438,-0.05859375,0.0,0.01953125,1374.0,1374.0,1374.0,12.486076354980469,"1,1,1,1,1,1,1"
"2026-06-07 14:39:19",0.00439,-0.01953125,0.01953125,0.01953125,1374.0,1374.0,1374.0,12.486076354980469,"1,1,1,1,1,1,1"
"2026-06-07 14:39:19",0.0044,-0.01953125,0.01953125,-0.01953125,1374.0,1374.0,1374.0,12.486076354980469,"1,1,1,1,1,1,1"
"2026-06-07 14:39:19",0.00441,-0.01953125,-0.01953125,0.0,1374.0,1374.0,1374.0,12.47088623046875,"1,1,1,1,1,1,1"
"2026-06-07 14:39:19",0.00442,-0.01953125,-0.01953125,0.01953125,1374.0,1374.0,1374.0,12.501265525817871,"1,1,1,1,1,1,1"
"2026-06-07 14:39:19",0.00443,-0.01953125,0.0,0.01953125,1374.0,1374.0,1374.0,12.486076354980469,"1,1,1,1,1,1,1"
"2026-06-07 14:39:19",0.00444,-0.01953125,0.0,0.01953125,1374.0,1374.0,1374.0,12.486076354980469,"1,1,1,1,1,1,1"
"2026-06-07 14:39:19",0.00445,-0.0,0.0,0.0390625,1374.0,1374.0,1374.0,12.47088623046875,"1,1,1,1,1,1,1"
"2026-06-07 14:39:19",0.00446,-0.0,0.01953125,0.0,1374.0,1374.0,1374.0,12.47088623046875,"1,1,1,1,1,1,1"
"2026-06-07 14:39:19",0.00447,-0.0390625,0.0,0.0,1374.0,1374.0,1374.0,12.486076354980469,"1,1,1,1,1,1,1"
"2026-06-07 14:39:19",0.00448,-0.0390625,0.0,0.01953125,1374.0,1374.0,1374.0,12.455696105957031,"1,1,1,1,1,1,1"
"2026-06-07 14:39:19",0.00449,-0.0390625,0.01953125,-0.01953125,1374.0,1374.0,1374.0,12.47088623046875,"1,1,1,1,1,1,1"
"2026-06-07 14:39:19",0.0045,-0.078125,-0.01953125,-0.01953125,1374.0,1374.0,1374.0,12.47088623046875,"1,1,1,1,1,1,1"
"2026-06-07 14:39:19",0.00451,-0.0390625,-0.01953125,0.0,1374.0,1374.0,1374.0,12.486076354980469,"1,1,1,1,1,1,1"
"2026-06-07 14:39:19",0.00452,-0.01953125,-0.01953125,-0.01953125,1374.0,1374.0,1374.0,12.47088623046875,"1,1,1,1,1,1,1"
"2026-06-07 14:39:19",0.00453,-0.01953125,-0.01953125,-0.01953125,1374.0,1374.0,1374.0,12.486076354980469,"1,1,1,1,1,1,1"
"2026-06-07 14:39:19",0.00454,-0.01953125,-0.01953125,0.0,1374.0,1374.0,1374.0,12.486076354980469,"1,1,1,1,1,1,1"
"2026-06-07 14:39:19",0.00455,-0.0390625,0.0,0.0,1374.0,1374.0,1374.0,12.486076354980469,"1,1,1,1,1,1,1"
"2026-06-07 14:39:19",0.00456,-0.0390625,0.0,0.0390625,1374.0,1374.0,1374.0,12.486076354980469,"1,1,1,1,1,1,1"
"2026-06-07 14:39:19",0.00457,-0.01953125,-0.0390625,0.0,1374.0,1374.0,1374.0,12.501265525817871,"1,1,1,1,1,1,1"
"2026-06-07 14:39:19",0.00458,-0.0390625,-0.01953125,0.0390625,1374.0,1374.0,1374.0,12.47088623046875,"1,1,1,1,1,1,1"
"2026-06-07 14:39:19",0.00459,-0.01953125,-0.01953125,-0.01953125,1374.0,1374.0,1374.0,12.47088623046875,"1,1,1,1,1,1,1"
"2026-06-07 14:39:19",0.0046,0.01953125,-0.0390625,0.01953125,1374.0,1374.0,1374.0,12.486076354980469,"1,1,1,1,1,1,1"
"2026-06-07 14:39:19",0.00461,-0.0390625,-0.01953125,0.01953125,1374.0,1374.0,1374.0,12.486076354980469,"1,1,1,1,1,1,1"
"2026-06-07 14:39:19",0.00462,-0.0390625,0.0,0.0390625,1374.0,1374.0,1374.0,12.455696105957031,"1,1,1,1,1,1,1"
"2026-06-07 14:39:19",0.00463,-0.0,0.01953125,0.0,1374.0,1374.0,1374.0,12.47088623046875,"1,1,1,1,1,1,1"
"2026-06-07 14:39:19",0.00464,-0.01953125,0.0,0.01953125,1374.0,1374.0,1374.0,12.486076354980469,"1,1,1,1,1,1,1"
"2026-06-07 14:39:19",0.00465,-0.01953125,-0.01953125,0.0390625,1374.0,1374.0,1374.0,12.486076354980469,"1,1,1,1,1,1,1"
"2026-06-07 14:39:19",0.00466,-0.0390625,-0.0390625,0.0390625,1374.0,1374.0,1374.0,12.47088623046875,"1,1,1,1,1,1,1"
"2026-06-07 14:39:19",0.00467,-0.0390625,-0.01953125,0.0390625,1374.0,1374.0,1374.0,12.455696105957031,"1,1,1,1,1,1,1"
"2026-06-07 14:39:19",0.00468,-0.01953125,0.0,0.0,1374.0,1374.0,1374.0,12.486076354980469,"1,1,1,1,1,1,1"
"2026-06-07 14:39:19",0.00469,-0.0,0.0,0.01953125,1374.0,1374.0,1374.0,12.486076354980469,"1,1,1,1,1,1,1"
"2026-06-07 14:39:19",0.0047,-0.01953125,-0.01953125,0.01953125,1374.0,1374.0,1374.0,12.501265525817871,"1,1,1,1,1,1,1"
"2026-06-07 14:39:19",0.00471,-0.0390625,-0.0390625,0.0,1374.0,1374.0,1374.0,12.486076354980469,"1,1,1,1,1,1,1"
"2026-06-07 14:39:19",0.00472,-0.01953125,0.0,0.05859375,1374.0,1374.0,1374.0,12.486076354980469,"1,1,1,1,1,1,1"
"2026-06-07 14:39:19",0.00473,-0.0,0.0,0.0390625,1374.0,1374.0,1374.0,12.486076354980469,"1,1,1,1,1,1,1"
"2026-06-07 14:39:19",0.00474,-0.0,-0.01953125,0.01953125,1374.0,1374.0,1374.0,12.486076354980469,"1,1,1,1,1,1,1"
"2026-06-07 14:39:19",0.00475,-0.01953125,0.0,0.0,1374.0,1374.0,1374.0,12.486076354980469,"1,1,1,1,1,1,1"
"2026-06-07 14:39:19",0.00476,-0.0390625,0.01953125,0.05859375,1374.0,1374.0,1374.0,12.501265525817871,"1,1,1,1,1,1,1"
"2026-06-07 14:39:19",0.00477,-0.05859375,0.01953125,0.01953125,1374.0,1374.0,1374.0,12.455696105957031,"1,1,1,1,1,1,1"
"2026-06-07 14:39:19",0.00478,-0.05859375,-0.01953125,0.0,1374.0,1374.0,1374.0,12.486076354980469,"1,1,1,1,1,1,1"
"2026-06-07 14:39:19",0.00479,-0.01953125,-0.0390625,0.0,1374.0,1374.0,1374.0,12.47088623046875,"1,1,1,1,1,1,1"
"2026-06-07 14:39:19",0.0048,-0.0,-0.0390625,0.01953125,1374.0,1374.0,1374.0,12.47088623046875,"1,1,1,1,1,1,1"
"2026-06-07 14:39:19",0.00481,-0.0,0.0,0.0390625,1374.0,1374.0,1374.0,12.455696105957031,"1,1,1,1,1,1,1"
"2026-06-07 14:39:19",0.00482,-0.01953125,-0.01953125,0.0,1374.0,1374.0,1374.0,12.47088623046875,"1,1,1,1,1,1,1"
"2026-06-07 14:39:19",0.00483,-0.01953125,-0.0390625,0.0,1374.0,1374.0,1374.0,12.47088623046875,"1,1,1,1,1,1,1"
"2026-06-07 14:39:19",0.00484,-0.0390625,-0.0390625,0.01953125,1374.0,1374.0,1374.0,12.455696105957031,"1,1,1,1,1,1,1"
"2026-06-07 14:39:19",0.00485,-0.01953125,-0.01953125,-0.0390625,1374.0,1374.0,1374.0,12.47088623046875,"1,1,1,1,1,1,1"
"2026-06-07 14:39:19",0.00486,-0.01953125,-0.0390625,0.01953125,1374.0,1374.0,1374.0,12.47088623046875,"1,1,1,1,1,1,1"
"2026-06-07 14:39:19",0.00487,-0.01953125,0.0,0.0,1374.0,1374.0,1374.0,12.47088623046875,"1,1,1,1,1,1,1"
"2026-06-07 14:39:19",0.00488,-0.05859375,0.0,0.01953125,1374.0,1374.0,1374.0,12.47088623046875,"1,1,1,1,1,1,1"
"2026-06-07 14:39:19",0.00489,-0.078125,0.0,0.0390625,1374.0,1374.0,1374.0,12.47088623046875,"1,1,1,1,1,1,1"
"2026-06-07 14:39:19",0.0049,-0.0390625,-0.01953125,0.0390625,1374.0,1374.0,1374.0,12.486076354980469,"1,1,1,1,1,1,1"
"2026-06-07 14:39:19",0.00491,-0.05859375,-0.0390625,0.0390625,1374.0,1374.0,1374.0,12.486076354980469,"1,1,1,1,1,1,1"
"2026-06-07 14:39:19",0.00492,-0.078125,0.0,0.0390625,1374.0,1374.0,1374.0,12.486076354980469,"1,1,1,1,1,1,1"
"2026-06-07 14:39:19",0.00493,-0.078125,-0.0390625,0.01953125,1374.0,1374.0,1374.0,12.486076354980469,"1,1,1,1,1,1,1"
"2026-06-07 14:39:19",0.00494,-0.05859375,-0.0390625,0.01953125,1374.0,1374.0,1374.0,12.47088623046875,"1,1,1,1,1,1,1"
"2026-06-07 14:39:19",0.00495,-0.05859375,-0.0390625,0.0390625,1374.0,1374.0,1374.0,12.47088623046875,"1,1,1,1,1,1,1"
"2026-06-07 14:39:19",0.00496,-0.0390625,0.0,0.0,1374.0,1374.0,1374.0,12.486076354980469,"1,1,1,1,1,1,1"
"2026-06-07 14:39:19",0.00497,-0.0390625,-0.01953125,-0.0390625,1374.0,1374.0,1374.0,12.486076354980469,"1,1,1,1,1,1,1"
"2026-06-07 14:39:19",0.00498,-0.05859375,-0.0390625,-0.01953125,1374.0,1374.0,1374.0,12.455696105957031,"1,1,1,1,1,1,1"
"2026-06-07 14:39:19",0.00499,-0.01953125,-0.01953125,-0.01953125,1374.0,1374.0,1374.0,12.47088623046875,"1,1,1,1,1,1,1"
"2026-06-07 14:39:19",0.005,-0.0,-0.0390625,-0.01953125,1374.0,1374.0,1374.0,12.486076354980469,"1,1,1,1,1,1,1"
"2026-06-07 14:39:19",0.00501,-0.01953125,-0.01953125,-0.01953125,1374.0,1374.0,1374.0,12.486076354980469,"1,1,1,1,1,1,1"
"2026-06-07 14:39:19",0.00502,-0.0,-0.0390625,0.01953125,1374.0,1374.0,1374.0,12.455696105957031,"1,1,1,1,1,1,1"
"2026-06-07 14:39:19",0.00503,-0.0390625,-0.05859375,0.01953125,1374.0,1374.0,1374.0,12.486076354980469,"1,1,1,1,1,1,1"
"2026-06-07 14:39:19",0.00504,-0.01953125,-0.05859375,0.01953125,1374.0,1374.0,1374.0,12.486076354980469,"1,1,1,1,1,1,1"
"2026-06-07 14:39:19",0.00505,-0.0390625,-0.0390625,0.0390625,1374.0,1374.0,1374.0,12.455696105957031,"1,1,1,1,1,1,1"
"2026-06-07 14:39:19",0.00506,-0.01953125,0.01953125,0.01953125,1374.0,1374.0,1374.0,12.501265525817871,"1,1,1,1,1,1,1"
"2026-06-07 14:39:19",0.00507,-0.01953125,0.0390625,0.01953125,1374.0,1374.0,1374.0,12.47088623046875,"1,1,1,1,1,1,1"
"2026-06-07 14:39:19",0.00508,-0.0390625,-0.01953125,0.0390625,1374.0,1374.0,1374.0,12.47088623046875,"1,1,1,1,1,1,1"
"2026-06-07 14:39:19",0.00509,-0.0,-0.01953125,0.05859375,1374.0,1374.0,1374.0,12.486076354980469,"1,1,1,1,1,1,1"
"2026-06-07 14:39:19",0.0051,0.01953125,0.0,0.01953125,1374.0,1374.0,1374.0,12.486076354980469,"1,1,1,1,1,1,1"
"2026-06-07 14:39:19",0.00511,-0.0,-0.01953125,0.01953125,1374.0,1374.0,1374.0,12.486076354980469,"1,1,1,1,1,1,1"
"2026-06-07 14:39:19",0.00512,-0.0,0.0,0.0390625,1374.0,1374.0,1374.0,12.47088623046875,"1,1,1,1,1,1,1"
"2026-06-07 14:39:19",0.00513,-0.01953125,0.0,0.0390625,1374.0,1374.0,1374.0,12.455696105957031,"1,1,1,1,1,1,1"
"2026-06-07 14:39:19",0.00514,-0.0,-0.01953125,0.01953125,1374.0,1374.0,1374.0,12.486076354980469,"1,1,1,1,1,1,1"
"2026-06-07 14:39:19",0.00515,-0.0,0.0,0.01953125,1374.0,1374.0,1374.0,12.486076354980469,"1,1,1,1,1,1,1"
"2026-06-07 14:39:19",0.00516,-0.0,-0.01953125,0.0390625,1374.0,1374.0,1374.0,12.455696105957031,"1,1,1,1,1,1,1"
"2026-06-07 14:39:19",0.00517,-0.0,-0.01953125,0.078125,1374.0,1374.0,1374.0,12.455696105957031,"1,1,1,1,1,1,1"
"2026-06-07 14:39:19",0.00518,-0.01953125,-0.0390625,0.0390625,1374.0,1374.0,1374.0,12.47088623046875,"1,1,1,1,1,1,1"
"2026-06-07 14:39:19",0.00519,-0.01953125,-0.0390625,0.0390625,1374.0,1374.0,1374.0,12.486076354980469,"1,1,1,1,1,1,1"
"2026-06-07 14:39:19",0.0052,-0.0390625,-0.0390625,0.01953125,1374.0,1374.0,1374.0,12.47088623046875,"1,1,1,1,1,1,1"
"2026-06-07 14:39:19",0.00521,-0.01953125,-0.0390625,0.01953125,1374.0,1374.0,1374.0,12.47088623046875,"1,1,1,1,1,1,1"
"2026-06-07 14:39:19",0.00522,-0.01953125,-0.0390625,0.0390625,1374.0,1374.0,1374.0,12.501265525817871,"1,1,1,1,1,1,1"
"2026-06-07 14:39:19",0.00523,-0.0390625,-0.0390625,0.0390625,1374.0,1374.0,1374.0,12.455696105957031,"1,1,1,1,1,1,1"
"2026-06-07 14:39:19",0.00524,-0.0,0.0,0.01953125,1374.0,1374.0,1374.0,12.455696105957031,"1,1,1,1,1,1,1"
"2026-06-07 14:39:19",0.00525,0.01953125,0.0,0.0390625,1374.0,1374.0,1374.0,12.486076354980469,"1,1,1,1,1,1,1"
"2026-06-07 14:39:19",0.00526,0.01953125,0.0,0.05859375,1374.0,1374.0,1374.0,12.486076354980469,"1,1,1,1,1,1,1"
"2026-06-07 14:39:19",0.00527,-0.0,0.01953125,0.0390625,1374.0,1374.0,1374.0,12.47088623046875,"1,1,1,1,1,1,1"
"2026-06-07 14:39:19",0.00528,-0.01953125,0.0390625,0.01953125,1374.0,1374.0,1374.0,12.486076354980469,"1,1,1,1,1,1,1"
"2026-06-07 14:39:19",0.00529,-0.01953125,0.01953125,0.0,1374.0,1374.0,1374.0,12.47088623046875,"1,1,1,1,1,1,1"
"2026-06-07 14:39:19",0.0053,-0.0390625,0.0,0.0,1374.0,1374.0,1374.0,12.47088623046875,"1,1,1,1,1,1,1"
"2026-06-07 14:39:19",0.00531,-0.0390625,-0.0390625,0.0,1374.0,1374.0,1374.0,12.47088623046875,"1,1,1,1,1,1,1"
"2026-06-07 14:39:19",0.00532,-0.0390625,0.0,-0.01953125,1374.0,1374.0,1374.0,12.486076354980469,"1,1,1,1,1,1,1"
"2026-06-07 14:39:19",0.00533,-0.05859375,0.0,0.0,1374.0,1374.0,1374.0,12.47088623046875,"1,1,1,1,1,1,1"
"2026-06-07 14:39:19",0.00534,-0.05859375,0.01953125,0.01953125,1374.0,1374.0,1374.0,12.455696105957031,"1,1,1,1,1,1,1"
"2026-06-07 14:39:19",0.00535,-0.0390625,0.01953125,0.0390625,1374.0,1374.0,1374.0,12.455696105957031,"1,1,1,1,1,1,1"
"2026-06-07 14:39:19",0.00536,-0.0390625,0.0390625,0.0,1374.0,1374.0,1374.0,12.47088623046875,"1,1,1,1,1,1,1"
"2026-06-07 14:39:19",0.00537,-0.0390625,0.0,0.01953125,1374.0,1374.0,1374.0,12.455696105957031,"1,1,1,1,1,1,1"
"2026-06-07 14:39:19",0.00538,-0.01953125,-0.01953125,0.01953125,1374.0,1374.0,1374.0,12.455696105957031,"1,1,1,1,1,1,1"
"2026-06-07 14:39:19",0.00539,-0.0390625,0.0,0.0,1374.0,1374.0,1374.0,12.455696105957031,"1,1,1,1,1,1,1"
"2026-06-07 14:39:19",0.0054,-0.01953125,0.0,0.0,1374.0,1374.0,1374.0,12.47088623046875,"1,1,1,1,1,1,1"
"2026-06-07 14:39:19",0.00541,-0.0,0.0390625,-0.01953125,1374.0,1374.0,1374.0,12.47088623046875,"1,1,1,1,1,1,1"
"2026-06-07 14:39:19",0.00542,-0.01953125,0.0390625,0.0390625,1374.0,1374.0,1374.0,12.486076354980469,"1,1,1,1,1,1,1"
"2026-06-07 14:39:19",0.00543,-0.01953125,0.01953125,0.05859375,1374.0,1374.0,1374.0,12.486076354980469,"1,1,1,1,1,1,1"
"2026-06-07 14:39:19",0.00544,-0.0390625,0.01953125,0.01953125,1374.0,1374.0,1374.0,12.501265525817871,"1,1,1,1,1,1,1"
"2026-06-07 14:39:19",0.00545,-0.01953125,0.0,0.01953125,1374.0,1374.0,1374.0,12.486076354980469,"1,1,1,1,1,1,1"
"2026-06-07 14:39:19",0.00546,-0.0,-0.0390625,0.0,1374.0,1374.0,1374.0,12.486076354980469,"1,1,1,1,1,1,1"
"2026-06-07 14:39:19",0.00547,0.01953125,-0.01953125,-0.01953125,1374.0,1374.0,1374.0,12.501265525817871,"1,1,1,1,1,1,1"
"2026-06-07 14:39:19",0.00548,-0.01953125,0.0,0.0,1374.0,1374.0,1374.0,12.455696105957031,"1,1,1,1,1,1,1"
"2026-06-07 14:39:19",0.00549,-0.05859375,0.0,-0.01953125,1374.0,1374.0,1374.0,12.455696105957031,"1,1,1,1,1,1,1"
"2026-06-07 14:39:19",0.0055,-0.01953125,0.01953125,0.0,1374.0,1374.0,1374.0,12.47088623046875,"1,1,1,1,1,1,1"
"2026-06-07 14:39:19",0.00551,-0.0390625,0.0,-0.01953125,1374.0,1374.0,1374.0,12.47088623046875,"1,1,1,1,1,1,1"
"2026-06-07 14:39:19",0.00552,-0.0390625,-0.0390625,0.0390625,1374.0,1374.0,1374.0,12.455696105957031,"1,1,1,1,1,1,1"
"2026-06-07 14:39:19",0.00553,-0.0390625,-0.01953125,0.01953125,1374.0,1374.0,1374.0,12.455696105957031,"1,1,1,1,1,1,1"
"2026-06-07 14:39:19",0.00554,-0.01953125,0.0,0.0,1374.0,1374.0,1374.0,12.47088623046875,"1,1,1,1,1,1,1"
"2026-06-07 14:39:19",0.00555,-0.0390625,0.0,-0.0390625,1374.0,1374.0,1374.0,12.47088623046875,"1,1,1,1,1,1,1"
"2026-06-07 14:39:19",0.00556,-0.0390625,0.01953125,-0.01953125,1374.0,1374.0,1374.0,12.47088623046875,"1,1,1,1,1,1,1"
"2026-06-07 14:39:19",0.00557,-0.01953125,0.0,0.0390625,1374.0,1374.0,1374.0,12.47088623046875,"1,1,1,1,1,1,1"
"2026-06-07 14:39:19",0.00558,-0.0390625,-0.01953125,0.0390625,1374.0,1374.0,1374.0,12.486076354980469,"1,1,1,1,1,1,1"
"2026-06-07 14:39:19",0.00559,-0.01953125,-0.0390625,0.0390625,1374.0,1374.0,1374.0,12.47088623046875,"1,1,1,1,1,1,1"
"2026-06-07 14:39:19",0.0056,-0.05859375,-0.0390625,-0.01953125,1374.0,1374.0,1374.0,12.486076354980469,"1,1,1,1,1,1,1"
"2026-06-07 14:39:19",0.00561,-0.01953125,-0.0390625,0.01953125,1374.0,1374.0,1374.0,12.47088623046875,"1,1,1,1,1,1,1"
"2026-06-07 14:39:19",0.00562,-0.05859375,-0.0390625,0.0,1374.0,1374.0,1374.0,12.486076354980469,"1,1,1,1,1,1,1"
"2026-06-07 14:39:19",0.00563,-0.0390625,-0.05859375,-0.01953125,1374.0,1374.0,1374.0,12.455696105957031,"1,1,1,1,1,1,1"
"2026-06-07 14:39:19",0.00564,-0.0,-0.078125,0.0,1374.0,1374.0,1374.0,12.47088623046875,"1,1,1,1,1,1,1"
"2026-06-07 14:39:19",0.00565,0.01953125,-0.05859375,0.0,1374.0,1374.0,1374.0,12.47088623046875,"1,1,1,1,1,1,1"
"2026-06-07 14:39:19",0.00566,-0.0,-0.0390625,0.01953125,1374.0,1374.0,1374.0,12.47088623046875,"1,1,1,1,1,1,1"
"2026-06-07 14:39:19",0.00567,-0.0,-0.01953125,0.01953125,1374.0,1374.0,1374.0,12.455696105957031,"1,1,1,1,1,1,1"
"2026-06-07 14:39:19",0.00568,-0.0390625,0.0,-0.01953125,1374.0,1374.0,1374.0,12.47088623046875,"1,1,1,1,1,1,1"
"2026-06-07 14:39:19",0.00569,-0.01953125,0.0390625,-0.01953125,1374.0,1374.0,1374.0,12.47088623046875,"1,1,1,1,1,1,1"
"2026-06-07 14:39:19",0.0057,0.01953125,0.01953125,-0.0390625,1374.0,1374.0,1374.0,12.455696105957031,"1,1,1,1,1,1,1"
"2026-06-07 14:39:19",0.00571,-0.01953125,0.01953125,0.0,1374.0,1374.0,1374.0,12.47088623046875,"1,1,1,1,1,1,1"
"2026-06-07 14:39:19",0.00572,-0.01953125,0.0,0.0390625,1374.0,1374.0,1374.0,12.47088623046875,"1,1,1,1,1,1,1"
"2026-06-07 14:39:19",0.00573,-0.01953125,-0.0390625,-0.01953125,1374.0,1374.0,1374.0,12.47088623046875,"1,1,1,1,1,1,1"
"2026-06-07 14:39:19",0.00574,-0.01953125,-0.01953125,0.01953125,1374.0,1374.0,1374.0,12.455696105957031,"1,1,1,1,1,1,1"
"2026-06-07 14:39:19",0.00575,-0.01953125,0.0,0.0,1820.0,1150.0,1150.0,12.486076354980469,"1,1,1,1,1,1,1"
"2026-06-07 14:39:19",0.00576,-0.0390625,0.0,-0.01953125,1820.0,1150.0,1150.0,12.486076354980469,"1,1,1,1,1,1,1"
"2026-06-07 14:39:19",0.00577,0.05859375,-0.05859375,-0.01953125,1820.0,1150.0,1150.0,12.455696105957031,"1,1,1,1,1,1,1"
"2026-06-07 14:39:19",0.00578,0.13671875,-0.1171875,-0.1171875,1820.0,1150.0,1150.0,12.47088623046875,"1,1,1,1,1,1,1"
"2026-06-07 14:39:19",0.00579,0.234375,-0.15625,-0.15625,1820.0,1150.0,1150.0,12.455696105957031,"1,1,1,1,1,1,1"
"2026-06-07 14:39:19",0.0058,0.33203125,-0.1953125,-0.1953125,1820.0,1150.0,1150.0,12.455696105957031,"1,1,1,1,1,1,1"
"2026-06-07 14:39:19",0.00581,0.44921875,-0.25390625,-0.25390625,1820.0,1150.0,1150.0,12.47088623046875,"1,1,1,1,1,1,1"
"2026-06-07 14:39:19",0.00582,0.56640625,-0.33203125,-0.2734375,1820.0,1150.0,1150.0,12.47088623046875,"1,1,1,1,1,1,1"
"2026-06-07 14:39:19",0.00583,0.6640625,-0.37109375,-0.33203125,1820.0,1150.0,1150.0,12.47088623046875,"1,1,1,1,1,1,1"
"2026-06-07 14:39:19",0.00584,0.76171875,-0.3515625,-0.390625,1820.0,1150.0,1150.0,12.455696105957031,"1,1,1,1,1,1,1"
"2026-06-07 14:39:19",0.00585,0.83984375,-0.41015625,-0.4296875,1820.0,1150.0,1150.0,12.440505981445312,"1,1,1,1,1,1,1"
"2026-06-07 14:39:19",0.00586,0.95703125,-0.46875,-0.44921875,1820.0,1150.0,1150.0,12.455696105957031,"1,1,1,1,1,1,1"
"2026-06-07 14:39:19",0.00587,0.99609375,-0.52734375,-0.5078125,1820.0,1150.0,1150.0,12.440505981445312,"1,1,1,1,1,1,1"
"2026-06-07 14:39:19",0.00588,1.0546875,-0.56640625,-0.52734375,1820.0,1150.0,1150.0,12.440505981445312,"1,1,1,1,1,1,1"
"2026-06-07 14:39:19",0.00589,1.1328125,-0.60546875,-0.56640625,1820.0,1150.0,1150.0,12.440505981445312,"1,1,1,1,1,1,1"
"2026-06-07 14:39:19",0.0059,1.19140625,-0.625,-0.625,1820.0,1150.0,1150.0,12.440505981445312,"1,1,1,1,1,1,1"
"2026-06-07 14:39:19",0.00591,1.26953125,-0.703125,-0.6640625,1820.0,1150.0,1150.0,12.440505981445312,"1,1,1,1,1,1,1"
"2026-06-07 14:39:19",0.00592,1.328125,-0.68359375,-0.64453125,1820.0,1150.0,1150.0,12.42531681060791,"1,1,1,1,1,1,1"
"2026-06-07 14:39:19",0.00593,1.3671875,-0.72265625,-0.703125,1820.0,1150.0,1150.0,12.410126686096191,"1,1,1,1,1,1,1"
"2026-06-07 14:39:19",0.00594,1.42578125,-0.7421875,-0.703125,1820.0,1150.0,1150.0,12.42531681060791,"1,1,1,1,1,1,1"
"2026-06-07 14:39:19",0.00595,1.54296875,-0.78125,-0.7421875,1820.0,1150.0,1150.0,12.410126686096191,"1,1,1,1,1,1,1"
"2026-06-07 14:39:19",0.00596,1.6015625,-0.80078125,-0.80078125,1820.0,1150.0,1150.0,12.410126686096191,"1,1,1,1,1,1,1"
"2026-06-07 14:39:19",0.00597,1.66015625,-0.80078125,-0.8203125,1820.0,1150.0,1150.0,12.410126686096191,"1,1,1,1,1,1,1"
"2026-06-07 14:39:19",0.00598,1.71875,-0.83984375,-0.87890625,1820.0,1150.0,1150.0,12.394936561584473,"1,1,1,1,1,1,1"
"2026-06-07 14:39:19",0.00599,1.7578125,-0.859375,-0.8984375,1820.0,1150.0,1150.0,12.379746437072754,"1,1,1,1,1,1,1"
"2026-06-07 14:39:19",0.006,1.8359375,-0.9375,-0.91796875,1820.0,1150.0,1150.0,12.394936561584473,"1,1,1,1,1,1,1"
"2026-06-07 14:39:19",0.00601,1.875,-0.9375,-0.9375,1820.0,1150.0,1150.0,12.379746437072754,"1,1,1,1,1,1,1"
"2026-06-07 14:39:19",0.00602,1.9140625,-0.99609375,-0.95703125,1820.0,1150.0,1150.0,12.379746437072754,"1,1,1,1,1,1,1"
"2026-06-07 14:39:19",0.00603,1.97265625,-0.9765625,-0.95703125,1820.0,1150.0,1150.0,12.349367141723633,"1,1,1,1,1,1,1"
"2026-06-07 14:39:19",0.00604,2.03125,-1.015625,-0.9765625,1820.0,1150.0,1150.0,12.364557266235352,"1,1,1,1,1,1,1"
"2026-06-07 14:39:19",0.00605,2.0703125,-1.03515625,-1.03515625,1820.0,1150.0,1150.0,12.349367141723633,"1,1,1,1,1,1,1"
"2026-06-07 14:39:19",0.00606,2.12890625,-1.03515625,-1.0546875,1820.0,1150.0,1150.0,12.334177017211914,"1,1,1,1,1,1,1"
"2026-06-07 14:39:19",0.00607,2.1484375,-1.09375,-1.07421875,1820.0,1150.0,1150.0,12.334177017211914,"1,1,1,1,1,1,1"
"2026-06-07 14:39:19",0.00608,2.1484375,-1.15234375,-1.09375,1820.0,1150.0,1150.0,12.334177017211914,"1,1,1,1,1,1,1"
"2026-06-07 14:39:19",0.00609,2.1875,-1.1328125,-1.11328125,1820.0,1150.0,1150.0,12.334177017211914,"1,1,1,1,1,1,1"
"2026-06-07 14:39:19",0.0061,2.2265625,-1.15234375,-1.15234375,1820.0,1150.0,1150.0,12.318986892700195,"1,1,1,1,1,1,1"
"2026-06-07 14:39:19",0.00611,2.3046875,-1.171875,-1.15234375,1820.0,1150.0,1150.0,12.334177017211914,"1,1,1,1,1,1,1"
"2026-06-07 14:39:19",0.00612,2.32421875,-1.19140625,-1.15234375,1820.0,1150.0,1150.0,12.334177017211914,"1,1,1,1,1,1,1"
"2026-06-07 14:39:19",0.00613,2.36328125,-1.25,-1.2109375,1820.0,1150.0,1150.0,12.318986892700195,"1,1,1,1,1,1,1"
"2026-06-07 14:39:19",0.00614,2.36328125,-1.2109375,-1.2109375,1820.0,1150.0,1150.0,12.288607597351074,"1,1,1,1,1,1,1"
"2026-06-07 14:39:19",0.00615,2.3828125,-1.25,-1.23046875,1820.0,1150.0,1150.0,12.288607597351074,"1,1,1,1,1,1,1"
"2026-06-07 14:39:19",0.00616,2.4609375,-1.25,-1.23046875,1820.0,1150.0,1150.0,12.273417472839355,"1,1,1,1,1,1,1"
"2026-06-07 14:39:19",0.00617,2.5,-1.26953125,-1.25,1820.0,1150.0,1150.0,12.288607597351074,"1,1,1,1,1,1,1"
"2026-06-07 14:39:19",0.00618,2.5,-1.30859375,-1.2890625,1820.0,1150.0,1150.0,12.273417472839355,"1,1,1,1,1,1,1"
"2026-06-07 14:39:19",0.00619,2.5390625,-1.26953125,-1.2890625,1820.0,1150.0,1150.0,12.258228302001953,"1,1,1,1,1,1,1"
"2026-06-07 14:39:19",0.0062,2.59765625,-1.2890625,-1.328125,1820.0,1150.0,1150.0,12.258228302001953,"1,1,1,1,1,1,1"
"2026-06-07 14:39:19",0.00621,2.63671875,-1.34765625,-1.328125,1820.0,1150.0,1150.0,12.258228302001953,"1,1,1,1,1,1,1"
"2026-06-07 14:39:19",0.00622,2.65625,-1.3671875,-1.328125,1820.0,1150.0,1150.0,12.258228302001953,"1,1,1,1,1,1,1"
"2026-06-07 14:39:19",0.00623,2.65625,-1.34765625,-1.2890625,1820.0,1150.0,1150.0,12.258228302001953,"1,1,1,1,1,1,1"
"2026-06-07 14:39:19",0.00624,2.65625,-1.34765625,-1.328125,1820.0,1150.0,1150.0,12.258228302001953,"1,1,1,1,1,1,1"
"2026-06-07 14:39:19",0.00625,2.71484375,-1.38671875,-1.34765625,1820.0,1150.0,1150.0,12.227848052978516,"1,1,1,1,1,1,1"
"2026-06-07 14:39:19",0.00626,2.71484375,-1.38671875,-1.38671875,1820.0,1150.0,1150.0,12.258228302001953,"1,1,1,1,1,1,1"
"2026-06-07 14:39:19",0.00627,2.75390625,-1.3671875,-1.3671875,1820.0,1150.0,1150.0,12.258228302001953,"1,1,1,1,1,1,1"
"2026-06-07 14:39:19",0.00628,2.7734375,-1.38671875,-1.3671875,1820.0,1150.0,1150.0,12.258228302001953,"1,1,1,1,1,1,1"
"2026-06-07 14:39:19",0.00629,2.79296875,-1.40625,-1.40625,1820.0,1150.0,1150.0,12.258228302001953,"1,1,1,1,1,1,1"
"2026-06-07 14:39:19",0.0063,2.79296875,-1.4453125,-1.40625,1820.0,1150.0,1150.0,12.258228302001953,"1,1,1,1,1,1,1"
"2026-06-07 14:39:19",0.00631,2.8515625,-1.4453125,-1.40625,1820.0,1150.0,1150.0,12.258228302001953,"1,1,1,1,1,1,1"
"2026-06-07 14:39:19",0.00632,2.87109375,-1.484375,-1.46484375,1820.0,1150.0,1150.0,12.273417472839355,"1,1,1,1,1,1,1"
"2026-06-07 14:39:19",0.00633,2.87109375,-1.46484375,-1.4453125,1820.0,1150.0,1150.0,12.273417472839355,"1,1,1,1,1,1,1"
"2026-06-07 14:39:19",0.00634,2.8515625,-1.4453125,-1.46484375,1820.0,1150.0,1150.0,12.273417472839355,"1,1,1,1,1,1,1"
"2026-06-07 14:39:19",0.00635,2.91015625,-1.484375,-1.46484375,1820.0,1150.0,1150.0,12.258228302001953,"1,1,1,1,1,1,1"
"2026-06-07 14:39:19",0.00636,2.91015625,-1.484375,-1.484375,1820.0,1150.0,1150.0,12.273417472839355,"1,1,1,1,1,1,1"
"2026-06-07 14:39:19",0.00637,2.890625,-1.484375,-1.46484375,1820.0,1150.0,1150.0,12.288607597351074,"1,1,1,1,1,1,1"
"2026-06-07 14:39:19",0.00638,2.9296875,-1.5234375,-1.46484375,1820.0,1150.0,1150.0,12.288607597351074,"1,1,1,1,1,1,1"
"2026-06-07 14:39:19",0.00639,2.94921875,-1.46484375,-1.484375,1820.0,1150.0,1150.0,12.288607597351074,"1,1,1,1,1,1,1"
"2026-06-07 14:39:19",0.0064,2.96875,-1.5234375,-1.50390625,1820.0,1150.0,1150.0,12.288607597351074,"1,1,1,1,1,1,1"
"2026-06-07 14:39:19",0.00641,2.98828125,-1.5625,-1.50390625,1820.0,1150.0,1150.0,12.334177017211914,"1,1,1,1,1,1,1"
"2026-06-07 14:39:19",0.00642,2.96875,-1.54296875,-1.484375,1820.0,1150.0,1150.0,12.288607597351074,"1,1,1,1,1,1,1"
"2026-06-07 14:39:19",0.00643,2.98828125,-1.5234375,-1.50390625,1820.0,1150.0,1150.0,12.303797721862793,"1,1,1,1,1,1,1"
"2026-06-07 14:39:19",0.00644,2.96875,-1.54296875,-1.54296875,1820.0,1150.0,1150.0,12.318986892700195,"1,1,1,1,1,1,1"
"2026-06-07 14:39:19",0.00645,3.02734375,-1.5625,-1.54296875,1820.0,1150.0,1150.0,12.318986892700195,"1,1,1,1,1,1,1"
"2026-06-07 14:39:19",0.00646,3.046875,-1.54296875,-1.50390625,1820.0,1150.0,1150.0,12.318986892700195,"1,1,1,1,1,1,1"
"2026-06-07 14:39:19",0.00647,3.046875,-1.54296875,-1.50390625,1820.0,1150.0,1150.0,12.334177017211914,"1,1,1,1,1,1,1"
"2026-06-07 14:39:19",0.00648,3.046875,-1.5625,-1.50390625,1820.0,1150.0,1150.0,12.303797721862793,"1,1,1,1,1,1,1"
"2026-06-07 14:39:19",0.00649,3.046875,-1.54296875,-1.50390625,1820.0,1150.0,1150.0,12.318986892700195,"1,1,1,1,1,1,1"
"2026-06-07 14:39:19",0.0065,3.046875,-1.5625,-1.5625,1820.0,1150.0,1150.0,12.334177017211914,"1,1,1,1,1,1,1"
"2026-06-07 14:39:19",0.00651,3.0859375,-1.58203125,-1.5625,1820.0,1150.0,1150.0,12.334177017211914,"1,1,1,1,1,1,1"
"2026-06-07 14:39:19",0.00652,3.0859375,-1.5625,-1.54296875,1820.0,1150.0,1150.0,12.318986892700195,"1,1,1,1,1,1,1"
"2026-06-07 14:39:19",0.00653,3.10546875,-1.54296875,-1.54296875,1820.0,1150.0,1150.0,12.334177017211914,"1,1,1,1,1,1,1"
"2026-06-07 14:39:19",0.00654,3.125,-1.6015625,-1.54296875,1820.0,1150.0,1150.0,12.334177017211914,"1,1,1,1,1,1,1"
"2026-06-07 14:39:19",0.00655,3.125,-1.62109375,-1.5625,1820.0,1150.0,1150.0,12.318986892700195,"1,1,1,1,1,1,1"
"2026-06-07 14:39:19",0.00656,3.14453125,-1.6015625,-1.54296875,1820.0,1150.0,1150.0,12.318986892700195,"1,1,1,1,1,1,1"
"2026-06-07 14:39:19",0.00657,3.10546875,-1.640625,-1.6015625,1820.0,1150.0,1150.0,12.318986892700195,"1,1,1,1,1,1,1"
"2026-06-07 14:39:19",0.00658,3.1640625,-1.62109375,-1.5625,1820.0,1150.0,1150.0,12.334177017211914,"1,1,1,1,1,1,1"
"2026-06-07 14:39:19",0.00659,3.14453125,-1.62109375,-1.5625,1820.0,1150.0,1150.0,12.334177017211914,"1,1,1,1,1,1,1"
"2026-06-07 14:39:19",0.0066,3.14453125,-1.640625,-1.58203125,1820.0,1150.0,1150.0,12.334177017211914,"1,1,1,1,1,1,1"
"2026-06-07 14:39:19",0.00661,3.18359375,-1.6015625,-1.58203125,1820.0,1150.0,1150.0,12.303797721862793,"1,1,1,1,1,1,1"
"2026-06-07 14:39:19",0.00662,3.1640625,-1.62109375,-1.6015625,1820.0,1150.0,1150.0,12.334177017211914,"1,1,1,1,1,1,1"
"2026-06-07 14:39:19",0.00663,3.203125,-1.62109375,-1.5625,1820.0,1150.0,1150.0,12.334177017211914,"1,1,1,1,1,1,1"
"2026-06-07 14:39:19",0.00664,3.203125,-1.640625,-1.54296875,1820.0,1150.0,1150.0,12.334177017211914,"1,1,1,1,1,1,1"
"2026-06-07 14:39:19",0.00665,3.203125,-1.66015625,-1.5625,1820.0,1150.0,1150.0,12.334177017211914,"1,1,1,1,1,1,1"
"2026-06-07 14:39:19",0.00666,3.18359375,-1.640625,-1.5625,1820.0,1150.0,1150.0,12.334177017211914,"1,1,1,1,1,1,1"
"2026-06-07 14:39:19",0.00667,3.1640625,-1.66015625,-1.5625,1820.0,1150.0,1150.0,12.334177017211914,"1,1,1,1,1,1,1"
"2026-06-07 14:39:19",0.00668,3.203125,-1.640625,-1.58203125,1820.0,1150.0,1150.0,12.334177017211914,"1,1,1,1,1,1,1"
"2026-06-07 14:39:19",0.00669,3.1640625,-1.62109375,-1.58203125,1820.0,1150.0,1150.0,12.334177017211914,"1,1,1,1,1,1,1"
"2026-06-07 14:39:19",0.0067,3.203125,-1.62109375,-1.6015625,1820.0,1150.0,1150.0,12.334177017211914,"1,1,1,1,1,1,1"
"2026-06-07 14:39:19",0.00671,3.22265625,-1.62109375,-1.6015625,1820.0,1150.0,1150.0,12.318986892700195,"1,1,1,1,1,1,1"
"2026-06-07 14:39:19",0.00672,3.22265625,-1.66015625,-1.6015625,1820.0,1150.0,1150.0,12.364557266235352,"1,1,1,1,1,1,1"
"2026-06-07 14:39:19",0.00673,3.22265625,-1.66015625,-1.6015625,1820.0,1150.0,1150.0,12.349367141723633,"1,1,1,1,1,1,1"
"2026-06-07 14:39:19",0.00674,3.26171875,-1.640625,-1.62109375,1820.0,1150.0,1150.0,12.349367141723633,"1,1,1,1,1,1,1"
"2026-06-07 14:39:19",0.00675,3.2421875,-1.66015625,-1.6015625,1820.0,1150.0,1150.0,12.334177017211914,"1,1,1,1,1,1,1"
"2026-06-07 14:39:19",0.00676,3.2421875,-1.69921875,-1.6015625,1820.0,1150.0,1150.0,12.349367141723633,"1,1,1,1,1,1,1"
"2026-06-07 14:39:19",0.00677,3.22265625,-1.69921875,-1.640625,1820.0,1150.0,1150.0,12.334177017211914,"1,1,1,1,1,1,1"
"2026-06-07 14:39:19",0.00678,3.26171875,-1.71875,-1.640625,1820.0,1150.0,1150.0,12.349367141723633,"1,1,1,1,1,1,1"
"2026-06-07 14:39:19",0.00679,3.26171875,-1.71875,-1.66015625,1820.0,1150.0,1150.0,12.334177017211914,"1,1,1,1,1,1,1"
"2026-06-07 14:39:19",0.0068,3.26171875,-1.69921875,-1.66015625,1820.0,1150.0,1150.0,12.334177017211914,"1,1,1,1,1,1,1"
"2026-06-07 14:39:19",0.00681,3.28125,-1.6796875,-1.6796875,1820.0,1150.0,1150.0,12.349367141723633,"1,1,1,1,1,1,1"
"2026-06-07 14:39:19",0.00682,3.28125,-1.640625,-1.640625,1820.0,1150.0,1150.0,12.364557266235352,"1,1,1,1,1,1,1"
"2026-06-07 14:39:19",0.00683,3.26171875,-1.640625,-1.62109375,1820.0,1150.0,1150.0,12.364557266235352,"1,1,1,1,1,1,1"
"2026-06-07 14:39:19",0.00684,3.3203125,-1.66015625,-1.640625,1820.0,1150.0,1150.0,12.379746437072754,"1,1,1,1,1,1,1"
"2026-06-07 14:39:19",0.00685,3.30078125,-1.6796875,-1.66015625,1820.0,1150.0,1150.0,12.349367141723633,"1,1,1,1,1,1,1"
"2026-06-07 14:39:19",0.00686,3.30078125,-1.69921875,-1.640625,1820.0,1150.0,1150.0,12.334177017211914,"1,1,1,1,1,1,1"
"2026-06-07 14:39:19",0.00687,3.3203125,-1.69921875,-1.6015625,1820.0,1150.0,1150.0,12.364557266235352,"1,1,1,1,1,1,1"
"2026-06-07 14:39:19",0.00688,3.28125,-1.6796875,-1.62109375,1820.0,1150.0,1150.0,12.349367141723633,"1,1,1,1,1,1,1"
"2026-06-07 14:39:19",0.00689,3.28125,-1.6796875,-1.62109375,1820.0,1150.0,1150.0,12.364557266235352,"1,1,1,1,1,1,1"
"2026-06-07 14:39:19",0.0069,3.33984375,-1.66015625,-1.62109375,1820.0,1150.0,1150.0,12.364557266235352,"1,1,1,1,1,1,1"
"2026-06-07 14:39:19",0.00691,3.30078125,-1.69921875,-1.640625,1820.0,1150.0,1150.0,12.349367141723633,"1,1,1,1,1,1,1"
"2026-06-07 14:39:19",0.00692,3.28125,-1.71875,-1.62109375,1820.0,1150.0,1150.0,12.379746437072754,"1,1,1,1,1,1,1"
"2026-06-07 14:39:19",0.00693,3.3203125,-1.69921875,-1.66015625,1820.0,1150.0,1150.0,12.349367141723633,"1,1,1,1,1,1,1"
"2026-06-07 14:39:19",0.00694,3.3203125,-1.69921875,-1.66015625,1820.0,1150.0,1150.0,12.349367141723633,"1,1,1,1,1,1,1"
"2026-06-07 14:39:19",0.00695,3.30078125,-1.71875,-1.66015625,1820.0,1150.0,1150.0,12.379746437072754,"1,1,1,1,1,1,1"
"2026-06-07 14:39:19",0.00696,3.28125,-1.69921875,-1.640625,1820.0,1150.0,1150.0,12.379746437072754,"1,1,1,1,1,1,1"
"2026-06-07 14:39:19",0.00697,3.3203125,-1.6796875,-1.6796875,1820.0,1150.0,1150.0,12.364557266235352,"1,1,1,1,1,1,1"
"2026-06-07 14:39:19",0.00698,3.33984375,-1.6796875,-1.640625,1820.0,1150.0,1150.0,12.379746437072754,"1,1,1,1,1,1,1"
"2026-06-07 14:39:19",0.00699,3.37890625,-1.66015625,-1.640625,1820.0,1150.0,1150.0,12.364557266235352,"1,1,1,1,1,1,1"
"2026-06-07 14:39:19",0.007,3.3203125,-1.6796875,-1.640625,1820.0,1150.0,1150.0,12.379746437072754,"1,1,1,1,1,1,1"
"2026-06-07 14:39:19",0.00701,3.30078125,-1.69921875,-1.640625,1820.0,1150.0,1150.0,12.379746437072754,"1,1,1,1,1,1,1"
"2026-06-07 14:39:19",0.00702,3.3203125,-1.69921875,-1.66015625,1820.0,1150.0,1150.0,12.364557266235352,"1,1,1,1,1,1,1"
"2026-06-07 14:39:19",0.00703,3.3203125,-1.69921875,-1.640625,1820.0,1150.0,1150.0,12.379746437072754,"1,1,1,1,1,1,1"
"2026-06-07 14:39:19",0.00704,3.30078125,-1.69921875,-1.640625,1820.0,1150.0,1150.0,12.364557266235352,"1,1,1,1,1,1,1"
"2026-06-07 14:39:19",0.00705,3.28125,-1.6796875,-1.66015625,1820.0,1150.0,1150.0,12.379746437072754,"1,1,1,1,1,1,1"
"2026-06-07 14:39:19",0.00706,3.28125,-1.69921875,-1.66015625,1820.0,1150.0,1150.0,12.349367141723633,"1,1,1,1,1,1,1"
"2026-06-07 14:39:19",0.00707,3.28125,-1.6796875,-1.6796875,1820.0,1150.0,1150.0,12.334177017211914,"1,1,1,1,1,1,1"
"2026-06-07 14:39:19",0.00708,3.30078125,-1.6796875,-1.62109375,1820.0,1150.0,1150.0,12.364557266235352,"1,1,1,1,1,1,1"
"2026-06-07 14:39:19",0.00709,3.3203125,-1.69921875,-1.62109375,1820.0,1150.0,1150.0,12.349367141723633,"1,1,1,1,1,1,1"
"2026-06-07 14:39:19",0.0071,3.3203125,-1.69921875,-1.640625,1820.0,1150.0,1150.0,12.349367141723633,"1,1,1,1,1,1,1"
"2026-06-07 14:39:19",0.00711,3.30078125,-1.69921875,-1.640625,1820.0,1150.0,1150.0,12.364557266235352,"1,1,1,1,1,1,1"
"2026-06-07 14:39:19",0.00712,3.3203125,-1.71875,-1.66015625,1820.0,1150.0,1150.0,12.379746437072754,"1,1,1,1,1,1,1"
"2026-06-07 14:39:19",0.00713,3.30078125,-1.71875,-1.640625,1820.0,1150.0,1150.0,12.379746437072754,"1,1,1,1,1,1,1"
"2026-06-07 14:39:19",0.00714,3.3203125,-1.69921875,-1.640625,1820.0,1150.0,1150.0,12.379746437072754,"1,1,1,1,1,1,1"
"2026-06-07 14:39:19",0.00715,3.359375,-1.69921875,-1.66015625,1820.0,1150.0,1150.0,12.364557266235352,"1,1,1,1,1,1,1"
"2026-06-07 14:39:19",0.00716,3.33984375,-1.71875,-1.71875,1820.0,1150.0,1150.0,12.379746437072754,"1,1,1,1,1,1,1"
"2026-06-07 14:39:19",0.00717,3.359375,-1.69921875,-1.66015625,1820.0,1150.0,1150.0,12.394936561584473,"1,1,1,1,1,1,1"
"2026-06-07 14:39:19",0.00718,3.3203125,-1.71875,-1.69921875,1820.0,1150.0,1150.0,12.379746437072754,"1,1,1,1,1,1,1"
"2026-06-07 14:39:19",0.00719,3.3203125,-1.69921875,-1.69921875,1820.0,1150.0,1150.0,12.379746437072754,"1,1,1,1,1,1,1"
"2026-06-07 14:39:19",0.0072,3.3203125,-1.71875,-1.69921875,1820.0,1150.0,1150.0,12.394936561584473,"1,1,1,1,1,1,1"
"2026-06-07 14:39:19",0.00721,3.3203125,-1.6796875,-1.71875,1820.0,1150.0,1150.0,12.394936561584473,"1,1,1,1,1,1,1"
"2026-06-07 14:39:19",0.00722,3.359375,-1.71875,-1.6796875,1820.0,1150.0,1150.0,12.379746437072754,"1,1,1,1,1,1,1"
"2026-06-07 14:39:19",0.00723,3.33984375,-1.71875,-1.69921875,1820.0,1150.0,1150.0,12.379746437072754,"1,1,1,1,1,1,1"
"2026-06-07 14:39:19",0.00724,3.37890625,-1.7578125,-1.6796875,1820.0,1150.0,1150.0,12.379746437072754,"1,1,1,1,1,1,1"
"2026-06-07 14:39:19",0.00725,3.33984375,-1.71875,-1.6796875,1820.0,1150.0,1150.0,12.379746437072754,"1,1,1,1,1,1,1"
"2026-06-07 14:39:19",0.00726,3.33984375,-1.6796875,-1.640625,1820.0,1150.0,1150.0,12.349367141723633,"1,1,1,1,1,1,1"
"2026-06-07 14:39:19",0.00727,3.3203125,-1.71875,-1.66015625,1820.0,1150.0,1150.0,12.394936561584473,"1,1,1,1,1,1,1"
"2026-06-07 14:39:19",0.00728,3.3203125,-1.69921875,-1.69921875,1820.0,1150.0,1150.0,12.379746437072754,"1,1,1,1,1,1,1"
"2026-06-07 14:39:19",0.00729,3.33984375,-1.69921875,-1.6796875,1820.0,1150.0,1150.0,12.349367141723633,"1,1,1,1,1,1,1"
"2026-06-07 14:39:19",0.0073,3.3203125,-1.6796875,-1.640625,1820.0,1150.0,1150.0,12.364557266235352,"1,1,1,1,1,1,1"
"2026-06-07 14:39:19",0.00731,3.359375,-1.6796875,-1.6796875,1820.0,1150.0,1150.0,12.379746437072754,"1,1,1,1,1,1,1"
"2026-06-07 14:39:19",0.00732,3.33984375,-1.69921875,-1.640625,1820.0,1150.0,1150.0,12.379746437072754,"1,1,1,1,1,1,1"
"2026-06-07 14:39:19",0.00733,3.359375,-1.69921875,-1.640625,1820.0,1150.0,1150.0,12.394936561584473,"1,1,1,1,1,1,1"
"2026-06-07 14:39:19",0.00734,3.33984375,-1.71875,-1.66015625,1820.0,1150.0,1150.0,12.379746437072754,"1,1,1,1,1,1,1"
"2026-06-07 14:39:19",0.00735,3.3203125,-1.73828125,-1.69921875,1820.0,1150.0,1150.0,12.379746437072754,"1,1,1,1,1,1,1"
"2026-06-07 14:39:19",0.00736,3.37890625,-1.73828125,-1.640625,1820.0,1150.0,1150.0,12.379746437072754,"1,1,1,1,1,1,1"
"2026-06-07 14:39:19",0.00737,3.359375,-1.71875,-1.66015625,1820.0,1150.0,1150.0,12.379746437072754,"1,1,1,1,1,1,1"
"2026-06-07 14:39:19",0.00738,3.359375,-1.71875,-1.640625,1820.0,1150.0,1150.0,12.379746437072754,"1,1,1,1,1,1,1"
"2026-06-07 14:39:19",0.00739,3.33984375,-1.7578125,-1.66015625,1820.0,1150.0,1150.0,12.379746437072754,"1,1,1,1,1,1,1"
"2026-06-07 14:39:19",0.0074,3.33984375,-1.6796875,-1.66015625,1820.0,1150.0,1150.0,12.364557266235352,"1,1,1,1,1,1,1"
"2026-06-07 14:39:19",0.00741,3.33984375,-1.73828125,-1.66015625,1820.0,1150.0,1150.0,12.379746437072754,"1,1,1,1,1,1,1"
"2026-06-07 14:39:19",0.00742,3.33984375,-1.71875,-1.6796875,1820.0,1150.0,1150.0,12.394936561584473,"1,1,1,1,1,1,1"
"2026-06-07 14:39:19",0.00743,3.359375,-1.71875,-1.6796875,1820.0,1150.0,1150.0,12.379746437072754,"1,1,1,1,1,1,1"
"2026-06-07 14:39:19",0.00744,3.359375,-1.7578125,-1.66015625,1820.0,1150.0,1150.0,12.379746437072754,"1,1,1,1,1,1,1"
"2026-06-07 14:39:19",0.00745,3.359375,-1.71875,-1.640625,1820.0,1150.0,1150.0,12.379746437072754,"1,1,1,1,1,1,1"
"2026-06-07 14:39:19",0.00746,3.37890625,-1.71875,-1.6796875,1820.0,1150.0,1150.0,12.364557266235352,"1,1,1,1,1,1,1"
"2026-06-07 14:39:19",0.00747,3.30078125,-1.71875,-1.6796875,1820.0,1150.0,1150.0,12.379746437072754,"1,1,1,1,1,1,1"
"2026-06-07 14:39:19",0.00748,3.3203125,-1.71875,-1.640625,1820.0,1150.0,1150.0,12.379746437072754,"1,1,1,1,1,1,1"
"2026-06-07 14:39:19",0.00749,3.359375,-1.73828125,-1.66015625,1820.0,1150.0,1150.0,12.379746437072754,"1,1,1,1,1,1,1"
"2026-06-07 14:39:19",0.0075,3.33984375,-1.71875,-1.66015625,1820.0,1150.0,1150.0,12.394936561584473,"1,1,1,1,1,1,1"
"2026-06-07 14:39:19",0.00751,3.3203125,-1.71875,-1.66015625,1820.0,1150.0,1150.0,12.379746437072754,"1,1,1,1,1,1,1"
"2026-06-07 14:39:19",0.00752,3.33984375,-1.69921875,-1.6796875,1820.0,1150.0,1150.0,12.394936561584473,"1,1,1,1,1,1,1"
"2026-06-07 14:39:19",0.00753,3.33984375,-1.71875,-1.69921875,1820.0,1150.0,1150.0,12.379746437072754,"1,1,1,1,1,1,1"
"2026-06-07 14:39:19",0.00754,3.37890625,-1.71875,-1.69921875,1820.0,1150.0,1150.0,12.379746437072754,"1,1,1,1,1,1,1"
"2026-06-07 14:39:19",0.00755,3.3984375,-1.73828125,-1.6796875,1820.0,1150.0,1150.0,12.394936561584473,"1,1,1,1,1,1,1"
"2026-06-07 14:39:19",0.00756,3.37890625,-1.71875,-1.69921875,1820.0,1150.0,1150.0,12.394936561584473,"1,1,1,1,1,1,1"
"2026-06-07 14:39:19",0.00757,3.37890625,-1.73828125,-1.66015625,1820.0,1150.0,1150.0,12.349367141723633,"1,1,1,1,1,1,1"
"2026-06-07 14:39:19",0.00758,3.3984375,-1.71875,-1.6796875,1820.0,1150.0,1150.0,12.379746437072754,"1,1,1,1,1,1,1"
"2026-06-07 14:39:19",0.00759,3.359375,-1.69921875,-1.640625,1820.0,1150.0,1150.0,12.379746437072754,"1,1,1,1,1,1,1"
"2026-06-07 14:39:19",0.0076,3.37890625,-1.69921875,-1.6796875,1820.0,1150.0,1150.0,12.394936561584473,"1,1,1,1,1,1,1"
"2026-06-07 14:39:19",0.00761,3.37890625,-1.69921875,-1.640625,1820.0,1150.0,1150.0,12.379746437072754,"1,1,1,1,1,1,1"
"2026-06-07 14:39:19",0.00762,3.359375,-1.69921875,-1.66015625,1820.0,1150.0,1150.0,12.379746437072754,"1,1,1,1,1,1,1"
"2026-06-07 14:39:19",0.00763,3.359375,-1.69921875,-1.66015625,1820.0,1150.0,1150.0,12.394936561584473,"1,1,1,1,1,1,1"
"2026-06-07 14:39:19",0.00764,3.37890625,-1.73828125,-1.6796875,1820.0,1150.0,1150.0,12.379746437072754,"1,1,1,1,1,1,1"
"2026-06-07 14:39:19",0.00765,3.3203125,-1.7578125,-1.66015625,1820.0,1150.0,1150.0,12.379746437072754,"1,1,1,1,1,1,1"
"2026-06-07 14:39:19",0.00766,3.33984375,-1.69921875,-1.6796875,1820.0,1150.0,1150.0,12.379746437072754,"1,1,1,1,1,1,1"
"2026-06-07 14:39:19",0.00767,3.33984375,-1.71875,-1.69921875,1820.0,1150.0,1150.0,12.394936561584473,"1,1,1,1,1,1,1"
"2026-06-07 14:39:19",0.00768,3.33984375,-1.69921875,-1.66015625,1820.0,1150.0,1150.0,12.394936561584473,"1,1,1,1,1,1,1"
"2026-06-07 14:39:19",0.00769,3.3203125,-1.71875,-1.6796875,1820.0,1150.0,1150.0,12.379746437072754,"1,1,1,1,1,1,1"
"2026-06-07 14:39:19",0.0077,3.33984375,-1.71875,-1.69921875,1820.0,1150.0,1150.0,12.379746437072754,"1,1,1,1,1,1,1"
"2026-06-07 14:39:19",0.00771,3.359375,-1.71875,-1.6796875,1820.0,1150.0,1150.0,12.379746437072754,"1,1,1,1,1,1,1"
"2026-06-07 14:39:19",0.00772,3.359375,-1.71875,-1.71875,1820.0,1150.0,1150.0,12.379746437072754,"1,1,1,1,1,1,1"
"2026-06-07 14:39:19",0.00773,3.37890625,-1.73828125,-1.6796875,1820.0,1150.0,1150.0,12.364557266235352,"1,1,1,1,1,1,1"
"2026-06-07 14:39:19",0.00774,3.359375,-1.6796875,-1.69921875,1820.0,1150.0,1150.0,12.394936561584473,"1,1,1,1,1,1,1"
"2026-06-07 14:39:19",0.00775,3.359375,-1.69921875,-1.69921875,1820.0,1150.0,1150.0,12.394936561584473,"1,1,1,1,1,1,1"
"2026-06-07 14:39:19",0.00776,3.37890625,-1.71875,-1.6796875,1820.0,1150.0,1150.0,12.379746437072754,"1,1,1,1,1,1,1"
"2026-06-07 14:39:19",0.00777,3.37890625,-1.71875,-1.66015625,1820.0,1150.0,1150.0,12.394936561584473,"1,1,1,1,1,1,1"
"2026-06-07 14:39:19",0.00778,3.359375,-1.73828125,-1.6796875,1820.0,1150.0,1150.0,12.394936561584473,"1,1,1,1,1,1,1"
"2026-06-07 14:39:19",0.00779,3.3984375,-1.71875,-1.66015625,1820.0,1150.0,1150.0,12.379746437072754,"1,1,1,1,1,1,1"
"2026-06-07 14:39:19",0.0078,3.3984375,-1.71875,-1.66015625,1820.0,1150.0,1150.0,12.379746437072754,"1,1,1,1,1,1,1"
"2026-06-07 14:39:19",0.00781,3.3984375,-1.69921875,-1.6796875,1820.0,1150.0,1150.0,12.394936561584473,"1,1,1,1,1,1,1"
"2026-06-07 14:39:19",0.00782,3.3984375,-1.71875,-1.69921875,1820.0,1150.0,1150.0,12.379746437072754,"1,1,1,1,1,1,1"
"2026-06-07 14:39:19",0.00783,3.37890625,-1.69921875,-1.69921875,1820.0,1150.0,1150.0,12.379746437072754,"1,1,1,1,1,1,1"
"2026-06-07 14:39:19",0.00784,3.3984375,-1.71875,-1.6796875,1820.0,1150.0,1150.0,12.394936561584473,"1,1,1,1,1,1,1"
"2026-06-07 14:39:19",0.00785,3.3984375,-1.71875,-1.66015625,1820.0,1150.0,1150.0,12.379746437072754,"1,1,1,1,1,1,1"
"2026-06-07 14:39:19",0.00786,3.3984375,-1.73828125,-1.6796875,1820.0,1150.0,1150.0,12.379746437072754,"1,1,1,1,1,1,1"
"2026-06-07 14:39:19",0.00787,3.37890625,-1.71875,-1.6796875,1820.0,1150.0,1150.0,12.379746437072754,"1,1,1,1,1,1,1"
"2026-06-07 14:39:19",0.00788,3.33984375,-1.69921875,-1.6796875,1820.0,1150.0,1150.0,12.394936561584473,"1,1,1,1,1,1,1"
"2026-06-07 14:39:19",0.00789,3.37890625,-1.71875,-1.6796875,1820.0,1150.0,1150.0,12.364557266235352,"1,1,1,1,1,1,1"
"2026-06-07 14:39:19",0.0079,3.359375,-1.69921875,-1.69921875,1820.0,1150.0,1150.0,12.394936561584473,"1,1,1,1,1,1,1"
"2026-06-07 14:39:19",0.00791,3.37890625,-1.71875,-1.69921875,1820.0,1150.0,1150.0,12.379746437072754,"1,1,1,1,1,1,1"
"2026-06-07 14:39:19",0.00792,3.359375,-1.73828125,-1.69921875,1820.0,1150.0,1150.0,12.394936561584473,"1,1,1,1,1,1,1"
"2026-06-07 14:39:19",0.00793,3.33984375,-1.71875,-1.6796875,1820.0,1150.0,1150.0,12.364557266235352,"1,1,1,1,1,1,1"
"2026-06-07 14:39:19",0.00794,3.3984375,-1.71875,-1.71875,1820.0,1150.0,1150.0,12.379746437072754,"1,1,1,1,1,1,1"
"2026-06-07 14:39:19",0.00795,3.33984375,-1.69921875,-1.69921875,1820.0,1150.0,1150.0,12.394936561584473,"1,1,1,1,1,1,1"
"2026-06-07 14:39:19",0.00796,3.3203125,-1.73828125,-1.6796875,1820.0,1150.0,1150.0,12.394936561584473,"1,1,1,1,1,1,1"
"2026-06-07 14:39:19",0.00797,3.33984375,-1.7578125,-1.640625,1820.0,1150.0,1150.0,12.394936561584473,"1,1,1,1,1,1,1"
"2026-06-07 14:39:19",0.00798,3.33984375,-1.7578125,-1.66015625,1820.0,1150.0,1150.0,12.379746437072754,"1,1,1,1,1,1,1"
"2026-06-07 14:39:19",0.00799,3.33984375,-1.73828125,-1.6796875,1820.0,1150.0,1150.0,12.394936561584473,"1,1,1,1,1,1,1"
"2026-06-07 14:39:19",0.008,3.3203125,-1.73828125,-1.6796875,1820.0,1150.0,1150.0,12.379746437072754,"1,1,1,1,1,1,1"
"2026-06-07 14:39:19",0.00801,3.33984375,-1.71875,-1.640625,1820.0,1150.0,1150.0,12.410126686096191,"1,1,1,1,1,1,1"
"2026-06-07 14:39:19",0.00802,3.37890625,-1.69921875,-1.6796875,1820.0,1150.0,1150.0,12.379746437072754,"1,1,1,1,1,1,1"
"2026-06-07 14:39:19",0.00803,3.37890625,-1.71875,-1.6796875,1820.0,1150.0,1150.0,12.394936561584473,"1,1,1,1,1,1,1"
"2026-06-07 14:39:19",0.00804,3.33984375,-1.73828125,-1.6796875,1820.0,1150.0,1150.0,12.379746437072754,"1,1,1,1,1,1,1"
"2026-06-07 14:39:19",0.00805,3.3203125,-1.7578125,-1.69921875,1820.0,1150.0,1150.0,12.394936561584473,"1,1,1,1,1,1,1"
"2026-06-07 14:39:19",0.00806,3.359375,-1.73828125,-1.69921875,1820.0,1150.0,1150.0,12.394936561584473,"1,1,1,1,1,1,1"
"2026-06-07 14:39:19",0.00807,3.359375,-1.71875,-1.6796875,1820.0,1150.0,1150.0,12.379746437072754,"1,1,1,1,1,1,1"
"2026-06-07 14:39:19",0.00808,3.359375,-1.71875,-1.71875,1820.0,1150.0,1150.0,12.379746437072754,"1,1,1,1,1,1,1"
"2026-06-07 14:39:19",0.00809,3.359375,-1.71875,-1.6796875,1820.0,1150.0,1150.0,12.394936561584473,"1,1,1,1,1,1,1"
"2026-06-07 14:39:19",0.0081,3.359375,-1.73828125,-1.69921875,1820.0,1150.0,1150.0,12.410126686096191,"1,1,1,1,1,1,1"
"2026-06-07 14:39:19",0.00811,3.359375,-1.71875,-1.69921875,1820.0,1150.0,1150.0,12.379746437072754,"1,1,1,1,1,1,1"
"2026-06-07 14:39:19",0.00812,3.359375,-1.7578125,-1.66015625,1820.0,1150.0,1150.0,12.379746437072754,"1,1,1,1,1,1,1"
"2026-06-07 14:39:19",0.00813,3.33984375,-1.73828125,-1.6796875,1820.0,1150.0,1150.0,12.394936561584473,"1,1,1,1,1,1,1"
"2026-06-07 14:39:19",0.00814,3.3203125,-1.73828125,-1.69921875,1820.0,1150.0,1150.0,12.379746437072754,"1,1,1,1,1,1,1"
"2026-06-07 14:39:19",0.00815,3.359375,-1.73828125,-1.69921875,1820.0,1150.0,1150.0,12.394936561584473,"1,1,1,1,1,1,1"
"2026-06-07 14:39:19",0.00816,3.37890625,-1.73828125,-1.66015625,1820.0,1150.0,1150.0,12.379746437072754,"1,1,1,1,1,1,1"
"2026-06-07 14:39:19",0.00817,3.37890625,-1.71875,-1.6796875,1820.0,1150.0,1150.0,12.364557266235352,"1,1,1,1,1,1,1"
"2026-06-07 14:39:19",0.00818,3.359375,-1.69921875,-1.66015625,1820.0,1150.0,1150.0,12.379746437072754,"1,1,1,1,1,1,1"
"2026-06-07 14:39:19",0.00819,3.33984375,-1.71875,-1.62109375,1820.0,1150.0,1150.0,12.379746437072754,"1,1,1,1,1,1,1"
"2026-06-07 14:39:19",0.0082,3.37890625,-1.71875,-1.640625,1820.0,1150.0,1150.0,12.410126686096191,"1,1,1,1,1,1,1"
"2026-06-07 14:39:19",0.00821,3.359375,-1.73828125,-1.6796875,1820.0,1150.0,1150.0,12.379746437072754,"1,1,1,1,1,1,1"
"2026-06-07 14:39:19",0.00822,3.3984375,-1.73828125,-1.66015625,1820.0,1150.0,1150.0,12.394936561584473,"1,1,1,1,1,1,1"
"2026-06-07 14:39:19",0.00823,3.359375,-1.7578125,-1.6796875,1820.0,1150.0,1150.0,12.379746437072754,"1,1,1,1,1,1,1"
"2026-06-07 14:39:19",0.00824,3.359375,-1.71875,-1.6796875,1820.0,1150.0,1150.0,12.394936561584473,"1,1,1,1,1,1,1"
"2026-06-07 14:39:19",0.00825,3.3203125,-1.7578125,-1.6796875,1820.0,1150.0,1150.0,12.394936561584473,"1,1,1,1,1,1,1"
"2026-06-07 14:39:19",0.00826,3.359375,-1.71875,-1.66015625,1820.0,1150.0,1150.0,12.379746437072754,"1,1,1,1,1,1,1"
"2026-06-07 14:39:19",0.00827,3.359375,-1.71875,-1.66015625,1820.0,1150.0,1150.0,12.394936561584473,"1,1,1,1,1,1,1"
"2026-06-07 14:39:19",0.00828,3.359375,-1.69921875,-1.6796875,1820.0,1150.0,1150.0,12.394936561584473,"1,1,1,1,1,1,1"
"2026-06-07 14:39:19",0.00829,3.359375,-1.73828125,-1.66015625,1820.0,1150.0,1150.0,12.410126686096191,"1,1,1,1,1,1,1"
"2026-06-07 14:39:19",0.0083,3.3984375,-1.69921875,-1.66015625,1820.0,1150.0,1150.0,12.379746437072754,"1,1,1,1,1,1,1"
"2026-06-07 14:39:19",0.00831,3.33984375,-1.69921875,-1.66015625,1820.0,1150.0,1150.0,12.394936561584473,"1,1,1,1,1,1,1"
"2026-06-07 14:39:19",0.00832,3.37890625,-1.69921875,-1.6796875,1820.0,1150.0,1150.0,12.379746437072754,"1,1,1,1,1,1,1"
"2026-06-07 14:39:19",0.00833,3.359375,-1.73828125,-1.66015625,1820.0,1150.0,1150.0,12.394936561584473,"1,1,1,1,1,1,1"
"2026-06-07 14:39:19",0.00834,3.37890625,-1.6796875,-1.66015625,1820.0,1150.0,1150.0,12.394936561584473,"1,1,1,1,1,1,1"
"2026-06-07 14:39:19",0.00835,3.37890625,-1.69921875,-1.66015625,1820.0,1150.0,1150.0,12.394936561584473,"1,1,1,1,1,1,1"
"2026-06-07 14:39:19",0.00836,3.37890625,-1.69921875,-1.66015625,1820.0,1150.0,1150.0,12.394936561584473,"1,1,1,1,1,1,1"
"2026-06-07 14:39:19",0.00837,3.359375,-1.73828125,-1.66015625,1820.0,1150.0,1150.0,12.379746437072754,"1,1,1,1,1,1,1"
"2026-06-07 14:39:19",0.00838,3.359375,-1.73828125,-1.69921875,1820.0,1150.0,1150.0,12.394936561584473,"1,1,1,1,1,1,1"
"2026-06-07 14:39:19",0.00839,3.33984375,-1.73828125,-1.6796875,1820.0,1150.0,1150.0,12.394936561584473,"1,1,1,1,1,1,1"
"2026-06-07 14:39:19",0.0084,3.37890625,-1.7578125,-1.6796875,1820.0,1150.0,1150.0,12.379746437072754,"1,1,1,1,1,1,1"
"2026-06-07 14:39:19",0.00841,3.37890625,-1.73828125,-1.66015625,1820.0,1150.0,1150.0,12.394936561584473,"1,1,1,1,1,1,1"
"2026-06-07 14:39:19",0.00842,3.37890625,-1.7578125,-1.6796875,1820.0,1150.0,1150.0,12.394936561584473,"1,1,1,1,1,1,1"
"2026-06-07 14:39:19",0.00843,3.359375,-1.73828125,-1.66015625,1820.0,1150.0,1150.0,12.394936561584473,"1,1,1,1,1,1,1"
"2026-06-07 14:39:19",0.00844,3.33984375,-1.71875,-1.640625,1820.0,1150.0,1150.0,12.379746437072754,"1,1,1,1,1,1,1"
"2026-06-07 14:39:19",0.00845,3.37890625,-1.73828125,-1.6796875,1820.0,1150.0,1150.0,12.394936561584473,"1,1,1,1,1,1,1"
"2026-06-07 14:39:19",0.00846,3.359375,-1.7578125,-1.66015625,1820.0,1150.0,1150.0,12.379746437072754,"1,1,1,1,1,1,1"
"2026-06-07 14:39:19",0.00847,3.37890625,-1.73828125,-1.6796875,1820.0,1150.0,1150.0,12.410126686096191,"1,1,1,1,1,1,1"
"2026-06-07 14:39:19",0.00848,3.37890625,-1.77734375,-1.6796875,1820.0,1150.0,1150.0,12.394936561584473,"1,1,1,1,1,1,1"
"2026-06-07 14:39:19",0.00849,3.37890625,-1.7578125,-1.69921875,1820.0,1150.0,1150.0,12.394936561584473,"1,1,1,1,1,1,1"
"2026-06-07 14:39:19",0.0085,3.3984375,-1.73828125,-1.69921875,1820.0,1150.0,1150.0,12.394936561584473,"1,1,1,1,1,1,1"
"2026-06-07 14:39:19",0.00851,3.37890625,-1.71875,-1.71875,1820.0,1150.0,1150.0,12.394936561584473,"1,1,1,1,1,1,1"
"2026-06-07 14:39:19",0.00852,3.33984375,-1.71875,-1.6796875,1820.0,1150.0,1150.0,12.410126686096191,"1,1,1,1,1,1,1"
"2026-06-07 14:39:19",0.00853,3.33984375,-1.71875,-1.66015625,1820.0,1150.0,1150.0,12.394936561584473,"1,1,1,1,1,1,1"
"2026-06-07 14:39:19",0.00854,3.359375,-1.73828125,-1.69921875,1820.0,1150.0,1150.0,12.394936561584473,"1,1,1,1,1,1,1"
"2026-06-07 14:39:19",0.00855,3.33984375,-1.73828125,-1.69921875,1820.0,1150.0,1150.0,12.394936561584473,"1,1,1,1,1,1,1"
"2026-06-07 14:39:19",0.00856,3.3203125,-1.69921875,-1.6796875,1820.0,1150.0,1150.0,12.410126686096191,"1,1,1,1,1,1,1"
"2026-06-07 14:39:19",0.00857,3.33984375,-1.71875,-1.6796875,1820.0,1150.0,1150.0,12.410126686096191,"1,1,1,1,1,1,1"
"2026-06-07 14:39:19",0.00858,3.3203125,-1.69921875,-1.6796875,1820.0,1150.0,1150.0,12.394936561584473,"1,1,1,1,1,1,1"
"2026-06-07 14:39:19",0.00859,3.30078125,-1.69921875,-1.66015625,1820.0,1150.0,1150.0,12.379746437072754,"1,1,1,1,1,1,1"
"2026-06-07 14:39:19",0.0086,3.30078125,-1.71875,-1.640625,1820.0,1150.0,1150.0,12.394936561584473,"1,1,1,1,1,1,1"
"2026-06-07 14:39:19",0.00861,3.359375,-1.71875,-1.66015625,1820.0,1150.0,1150.0,12.410126686096191,"1,1,1,1,1,1,1"
"2026-06-07 14:39:19",0.00862,3.359375,-1.71875,-1.6796875,1820.0,1150.0,1150.0,12.394936561584473,"1,1,1,1,1,1,1"
"2026-06-07 14:39:19",0.00863,3.37890625,-1.71875,-1.71875,1820.0,1150.0,1150.0,12.394936561584473,"1,1,1,1,1,1,1"
"2026-06-07 14:39:19",0.00864,3.37890625,-1.69921875,-1.69921875,1820.0,1150.0,1150.0,12.394936561584473,"1,1,1,1,1,1,1"
"2026-06-07 14:39:19",0.00865,3.37890625,-1.69921875,-1.6796875,1820.0,1150.0,1150.0,12.394936561584473,"1,1,1,1,1,1,1"
"2026-06-07 14:39:19",0.00866,3.3984375,-1.71875,-1.6796875,1820.0,1150.0,1150.0,12.394936561584473,"1,1,1,1,1,1,1"
"2026-06-07 14:39:19",0.00867,3.359375,-1.73828125,-1.66015625,1820.0,1150.0,1150.0,12.394936561584473,"1,1,1,1,1,1,1"
"2026-06-07 14:39:19",0.00868,3.37890625,-1.73828125,-1.66015625,1820.0,1150.0,1150.0,12.410126686096191,"1,1,1,1,1,1,1"
"2026-06-07 14:39:19",0.00869,3.37890625,-1.69921875,-1.6796875,1820.0,1150.0,1150.0,12.394936561584473,"1,1,1,1,1,1,1"
"2026-06-07 14:39:19",0.0087,3.359375,-1.71875,-1.640625,1820.0,1150.0,1150.0,12.410126686096191,"1,1,1,1,1,1,1"
"2026-06-07 14:39:19",0.00871,3.359375,-1.7578125,-1.640625,1820.0,1150.0,1150.0,12.410126686096191,"1,1,1,1,1,1,1"
"2026-06-07 14:39:19",0.00872,3.359375,-1.71875,-1.640625,1820.0,1150.0,1150.0,12.379746437072754,"1,1,1,1,1,1,1"
"2026-06-07 14:39:19",0.00873,3.33984375,-1.73828125,-1.66015625,1820.0,1150.0,1150.0,12.379746437072754,"1,1,1,1,1,1,1"
"2026-06-07 14:39:19",0.00874,3.33984375,-1.71875,-1.640625,1820.0,1150.0,1150.0,12.410126686096191,"1,1,1,1,1,1,1"
"2026-06-07 14:39:19",0.00875,3.3203125,-1.71875,-1.62109375,1820.0,1150.0,1150.0,12.394936561584473,"1,1,1,1,1,1,1"
"2026-06-07 14:39:19",0.00876,3.33984375,-1.73828125,-1.640625,1820.0,1150.0,1150.0,12.394936561584473,"1,1,1,1,1,1,1"
"2026-06-07 14:39:19",0.00877,3.359375,-1.69921875,-1.6796875,1820.0,1150.0,1150.0,12.394936561584473,"1,1,1,1,1,1,1"
"2026-06-07 14:39:19",0.00878,3.359375,-1.69921875,-1.69921875,1820.0,1150.0,1150.0,12.410126686096191,"1,1,1,1,1,1,1"
"2026-06-07 14:39:19",0.00879,3.33984375,-1.71875,-1.66015625,1820.0,1150.0,1150.0,12.394936561584473,"1,1,1,1,1,1,1"
"2026-06-07 14:39:19",0.0088,3.359375,-1.69921875,-1.66015625,1820.0,1150.0,1150.0,12.394936561584473,"1,1,1,1,1,1,1"
"2026-06-07 14:39:19",0.00881,3.33984375,-1.73828125,-1.640625,1820.0,1150.0,1150.0,12.394936561584473,"1,1,1,1,1,1,1"
"2026-06-07 14:39:19",0.00882,3.30078125,-1.71875,-1.640625,1820.0,1150.0,1150.0,12.410126686096191,"1,1,1,1,1,1,1"
"2026-06-07 14:39:19",0.00883,3.28125,-1.71875,-1.640625,1820.0,1150.0,1150.0,12.410126686096191,"1,1,1,1,1,1,1"
"2026-06-07 14:39:19",0.00884,3.3203125,-1.71875,-1.66015625,1820.0,1150.0,1150.0,12.394936561584473,"1,1,1,1,1,1,1"
"2026-06-07 14:39:19",0.00885,3.33984375,-1.69921875,-1.66015625,1820.0,1150.0,1150.0,12.394936561584473,"1,1,1,1,1,1,1"
"2026-06-07 14:39:19",0.00886,3.33984375,-1.69921875,-1.66015625,1820.0,1150.0,1150.0,12.394936561584473,"1,1,1,1,1,1,1"
"2026-06-07 14:39:19",0.00887,3.30078125,-1.71875,-1.66015625,1820.0,1150.0,1150.0,12.410126686096191,"1,1,1,1,1,1,1"
"2026-06-07 14:39:19",0.00888,3.3203125,-1.73828125,-1.6796875,1820.0,1150.0,1150.0,12.394936561584473,"1,1,1,1,1,1,1"
"2026-06-07 14:39:19",0.00889,3.33984375,-1.7578125,-1.66015625,1820.0,1150.0,1150.0,12.394936561584473,"1,1,1,1,1,1,1"
"2026-06-07 14:39:19",0.0089,3.33984375,-1.7578125,-1.69921875,1820.0,1150.0,1150.0,12.394936561584473,"1,1,1,1,1,1,1"
"2026-06-07 14:39:19",0.00891,3.33984375,-1.69921875,-1.69921875,1820.0,1150.0,1150.0,12.379746437072754,"1,1,1,1,1,1,1"
"2026-06-07 14:39:19",0.00892,3.37890625,-1.77734375,-1.71875,1820.0,1150.0,1150.0,12.410126686096191,"1,1,1,1,1,1,1"
"2026-06-07 14:39:19",0.00893,3.3984375,-1.73828125,-1.69921875,1820.0,1150.0,1150.0,12.394936561584473,"1,1,1,1,1,1,1"
"2026-06-07 14:39:19",0.00894,3.3984375,-1.71875,-1.6796875,1820.0,1150.0,1150.0,12.379746437072754,"1,1,1,1,1,1,1"
"2026-06-07 14:39:19",0.00895,3.37890625,-1.7578125,-1.640625,1820.0,1150.0,1150.0,12.394936561584473,"1,1,1,1,1,1,1"
"2026-06-07 14:39:19",0.00896,3.37890625,-1.73828125,-1.6796875,1820.0,1150.0,1150.0,12.394936561584473,"1,1,1,1,1,1,1"
"2026-06-07 14:39:19",0.00897,3.37890625,-1.73828125,-1.71875,1820.0,1150.0,1150.0,12.394936561584473,"1,1,1,1,1,1,1"
"2026-06-07 14:39:19",0.00898,3.37890625,-1.73828125,-1.71875,1820.0,1150.0,1150.0,12.394936561584473,"1,1,1,1,1,1,1"
"2026-06-07 14:39:19",0.00899,3.37890625,-1.73828125,-1.71875,1820.0,1150.0,1150.0,12.410126686096191,"1,1,1,1,1,1,1"
"2026-06-07 14:39:19",0.009,3.37890625,-1.73828125,-1.69921875,1820.0,1150.0,1150.0,12.410126686096191,"1,1,1,1,1,1,1"
"2026-06-07 14:39:19",0.00901,3.37890625,-1.71875,-1.6796875,1820.0,1150.0,1150.0,12.394936561584473,"1,1,1,1,1,1,1"
"2026-06-07 14:39:19",0.00902,3.359375,-1.69921875,-1.69921875,1820.0,1150.0,1150.0,12.394936561584473,"1,1,1,1,1,1,1"
"2026-06-07 14:39:19",0.00903,3.37890625,-1.73828125,-1.6796875,1820.0,1150.0,1150.0,12.410126686096191,"1,1,1,1,1,1,1"
"2026-06-07 14:39:19",0.00904,3.37890625,-1.73828125,-1.69921875,1820.0,1150.0,1150.0,12.394936561584473,"1,1,1,1,1,1,1"
"2026-06-07 14:39:19",0.00905,3.33984375,-1.73828125,-1.71875,1820.0,1150.0,1150.0,12.410126686096191,"1,1,1,1,1,1,1"
"2026-06-07 14:39:19",0.00906,3.33984375,-1.71875,-1.69921875,1820.0,1150.0,1150.0,12.410126686096191,"1,1,1,1,1,1,1"
"2026-06-07 14:39:19",0.00907,3.3203125,-1.6796875,-1.71875,1820.0,1150.0,1150.0,12.394936561584473,"1,1,1,1,1,1,1"
"2026-06-07 14:39:19",0.00908,3.33984375,-1.69921875,-1.69921875,1820.0,1150.0,1150.0,12.394936561584473,"1,1,1,1,1,1,1"
"2026-06-07 14:39:19",0.00909,3.37890625,-1.71875,-1.6796875,1820.0,1150.0,1150.0,12.394936561584473,"1,1,1,1,1,1,1"
"2026-06-07 14:39:19",0.0091,3.37890625,-1.69921875,-1.6796875,1820.0,1150.0,1150.0,12.410126686096191,"1,1,1,1,1,1,1"
"2026-06-07 14:39:19",0.00911,3.3984375,-1.73828125,-1.640625,1820.0,1150.0,1150.0,12.394936561584473,"1,1,1,1,1,1,1"
"2026-06-07 14:39:19",0.00912,3.37890625,-1.71875,-1.6796875,1820.0,1150.0,1150.0,12.394936561584473,"1,1,1,1,1,1,1"
"2026-06-07 14:39:19",0.00913,3.37890625,-1.71875,-1.6796875,1820.0,1150.0,1150.0,12.394936561584473,"1,1,1,1,1,1,1"
"2026-06-07 14:39:19",0.00914,3.37890625,-1.73828125,-1.6796875,1820.0,1150.0,1150.0,12.394936561584473,"1,1,1,1,1,1,1"
"2026-06-07 14:39:19",0.00915,3.37890625,-1.73828125,-1.6796875,1820.0,1150.0,1150.0,12.410126686096191,"1,1,1,1,1,1,1"
"2026-06-07 14:39:19",0.00916,3.359375,-1.73828125,-1.6796875,1820.0,1150.0,1150.0,12.394936561584473,"1,1,1,1,1,1,1"
"2026-06-07 14:39:19",0.00917,3.359375,-1.7578125,-1.69921875,1820.0,1150.0,1150.0,12.410126686096191,"1,1,1,1,1,1,1"
"2026-06-07 14:39:19",0.00918,3.359375,-1.71875,-1.6796875,1820.0,1150.0,1150.0,12.410126686096191,"1,1,1,1,1,1,1"
"2026-06-07 14:39:19",0.00919,3.37890625,-1.77734375,-1.6796875,1820.0,1150.0,1150.0,12.410126686096191,"1,1,1,1,1,1,1"
"2026-06-07 14:39:19",0.0092,3.37890625,-1.71875,-1.66015625,1820.0,1150.0,1150.0,12.410126686096191,"1,1,1,1,1,1,1"
"2026-06-07 14:39:19",0.00921,3.359375,-1.71875,-1.6796875,1820.0,1150.0,1150.0,12.394936561584473,"1,1,1,1,1,1,1"
"2026-06-07 14:39:19",0.00922,3.359375,-1.69921875,-1.66015625,1820.0,1150.0,1150.0,12.410126686096191,"1,1,1,1,1,1,1"
"2026-06-07 14:39:19",0.00923,3.359375,-1.71875,-1.66015625,1820.0,1150.0,1150.0,12.379746437072754,"1,1,1,1,1,1,1"
"2026-06-07 14:39:19",0.00924,3.33984375,-1.73828125,-1.640625,1820.0,1150.0,1150.0,12.410126686096191,"1,1,1,1,1,1,1"
"2026-06-07 14:39:19",0.00925,3.37890625,-1.71875,-1.62109375,1820.0,1150.0,1150.0,12.42531681060791,"1,1,1,1,1,1,1"
"2026-06-07 14:39:19",0.00926,3.33984375,-1.71875,-1.62109375,1820.0,1150.0,1150.0,12.394936561584473,"1,1,1,1,1,1,1"
"2026-06-07 14:39:19",0.00927,3.359375,-1.71875,-1.6796875,1820.0,1150.0,1150.0,12.394936561584473,"1,1,1,1,1,1,1"
"2026-06-07 14:39:19",0.00928,3.33984375,-1.73828125,-1.69921875,1820.0,1150.0,1150.0,12.410126686096191,"1,1,1,1,1,1,1"
"2026-06-07 14:39:19",0.00929,3.359375,-1.69921875,-1.69921875,1820.0,1150.0,1150.0,12.410126686096191,"1,1,1,1,1,1,1"
"2026-06-07 14:39:19",0.0093,3.37890625,-1.73828125,-1.69921875,1820.0,1150.0,1150.0,12.364557266235352,"1,1,1,1,1,1,1"
"2026-06-07 14:39:19",0.00931,3.359375,-1.71875,-1.6796875,1820.0,1150.0,1150.0,12.379746437072754,"1,1,1,1,1,1,1"
"2026-06-07 14:39:19",0.00932,3.37890625,-1.71875,-1.6796875,1820.0,1150.0,1150.0,12.379746437072754,"1,1,1,1,1,1,1"
"2026-06-07 14:39:19",0.00933,3.359375,-1.71875,-1.66015625,1820.0,1150.0,1150.0,12.379746437072754,"1,1,1,1,1,1,1"
"2026-06-07 14:39:19",0.00934,3.33984375,-1.71875,-1.69921875,1820.0,1150.0,1150.0,12.379746437072754,"1,1,1,1,1,1,1"
"2026-06-07 14:39:19",0.00935,3.33984375,-1.71875,-1.6796875,1820.0,1150.0,1150.0,12.364557266235352,"1,1,1,1,1,1,1"
"2026-06-07 14:39:19",0.00936,3.33984375,-1.71875,-1.6796875,1820.0,1150.0,1150.0,12.349367141723633,"1,1,1,1,1,1,1"
"2026-06-07 14:39:19",0.00937,3.359375,-1.71875,-1.6796875,1820.0,1150.0,1150.0,12.364557266235352,"1,1,1,1,1,1,1"
"2026-06-07 14:39:19",0.00938,3.359375,-1.71875,-1.69921875,1820.0,1150.0,1150.0,12.364557266235352,"1,1,1,1,1,1,1"
"2026-06-07 14:39:19",0.00939,3.359375,-1.73828125,-1.66015625,1820.0,1150.0,1150.0,12.349367141723633,"1,1,1,1,1,1,1"
"2026-06-07 14:39:19",0.0094,3.33984375,-1.73828125,-1.66015625,1820.0,1150.0,1150.0,12.288607597351074,"1,1,1,1,1,1,1"
"2026-06-07 14:39:19",0.00941,3.33984375,-1.71875,-1.640625,1820.0,1150.0,1150.0,12.288607597351074,"1,1,1,1,1,1,1"
"2026-06-07 14:39:19",0.00942,3.37890625,-1.71875,-1.6796875,1820.0,1150.0,1150.0,12.318986892700195,"1,1,1,1,1,1,1"
"2026-06-07 14:39:19",0.00943,3.37890625,-1.73828125,-1.6796875,1820.0,1150.0,1150.0,12.318986892700195,"1,1,1,1,1,1,1"
"2026-06-07 14:39:19",0.00944,3.33984375,-1.73828125,-1.69921875,1820.0,1150.0,1150.0,12.288607597351074,"1,1,1,1,1,1,1"
"2026-06-07 14:39:19",0.00945,3.33984375,-1.71875,-1.6796875,1820.0,1150.0,1150.0,12.273417472839355,"1,1,1,1,1,1,1"
"2026-06-07 14:39:19",0.00946,3.359375,-1.73828125,-1.6796875,1820.0,1150.0,1150.0,12.288607597351074,"1,1,1,1,1,1,1"
"2026-06-07 14:39:19",0.00947,3.37890625,-1.69921875,-1.6796875,1820.0,1150.0,1150.0,12.288607597351074,"1,1,1,1,1,1,1"
"2026-06-07 14:39:19",0.00948,3.359375,-1.73828125,-1.640625,1820.0,1150.0,1150.0,12.288607597351074,"1,1,1,1,1,1,1"
"2026-06-07 14:39:19",0.00949,3.359375,-1.71875,-1.66015625,1820.0,1150.0,1150.0,12.258228302001953,"1,1,1,1,1,1,1"
"2026-06-07 14:39:19",0.0095,3.359375,-1.71875,-1.69921875,1820.0,1150.0,1150.0,12.258228302001953,"1,1,1,1,1,1,1"
"2026-06-07 14:39:19",0.00951,3.3203125,-1.71875,-1.6796875,1820.0,1150.0,1150.0,12.379746437072754,"1,1,1,1,1,1,1"
"2026-06-07 14:39:19",0.00952,3.33984375,-1.69921875,-1.640625,1820.0,1150.0,1150.0,12.258228302001953,"1,1,1,1,1,1,1"
"2026-06-07 14:39:19",0.00953,3.37890625,-1.73828125,-1.66015625,1820.0,1150.0,1150.0,12.258228302001953,"1,1,1,1,1,1,1"
"2026-06-07 14:39:19",0.00954,3.3984375,-1.71875,-1.640625,1820.0,1150.0,1150.0,12.243038177490234,"1,1,1,1,1,1,1"
"2026-06-07 14:39:19",0.00955,3.359375,-1.71875,-1.6796875,1820.0,1150.0,1150.0,12.243038177490234,"1,1,1,1,1,1,1"
"2026-06-07 14:39:19",0.00956,3.37890625,-1.71875,-1.66015625,1820.0,1150.0,1150.0,12.258228302001953,"1,1,1,1,1,1,1"
"2026-06-07 14:39:19",0.00957,3.359375,-1.73828125,-1.6796875,1820.0,1150.0,1150.0,12.243038177490234,"1,1,1,1,1,1,1"
"2026-06-07 14:39:19",0.00958,3.33984375,-1.71875,-1.66015625,1820.0,1150.0,1150.0,12.212657928466797,"1,1,1,1,1,1,1"
"2026-06-07 14:39:19",0.00959,3.359375,-1.7578125,-1.66015625,1820.0,1150.0,1150.0,12.212657928466797,"1,1,1,1,1,1,1"
"2026-06-07 14:39:19",0.0096,3.3984375,-1.69921875,-1.6796875,1820.0,1150.0,1150.0,12.243038177490234,"1,1,1,1,1,1,1"
"2026-06-07 14:39:19",0.00961,3.37890625,-1.69921875,-1.69921875,1820.0,1150.0,1150.0,12.243038177490234,"1,1,1,1,1,1,1"
"2026-06-07 14:39:19",0.00962,3.37890625,-1.69921875,-1.6796875,1820.0,1150.0,1150.0,12.212657928466797,"1,1,1,1,1,1,1"
"2026-06-07 14:39:19",0.00963,3.33984375,-1.71875,-1.66015625,1820.0,1150.0,1150.0,12.212657928466797,"1,1,1,1,1,1,1"
"2026-06-07 14:39:19",0.00964,3.37890625,-1.71875,-1.6796875,1820.0,1150.0,1150.0,12.227848052978516,"1,1,1,1,1,1,1"
"2026-06-07 14:39:19",0.00965,3.3984375,-1.73828125,-1.6796875,1820.0,1150.0,1150.0,12.227848052978516,"1,1,1,1,1,1,1"
"2026-06-07 14:39:19",0.00966,3.37890625,-1.7578125,-1.6796875,1820.0,1150.0,1150.0,12.227848052978516,"1,1,1,1,1,1,1"
"2026-06-07 14:39:19",0.00967,3.37890625,-1.7578125,-1.69921875,1820.0,1150.0,1150.0,12.212657928466797,"1,1,1,1,1,1,1"
"2026-06-07 14:39:19",0.00968,3.359375,-1.73828125,-1.69921875,1820.0,1150.0,1150.0,12.227848052978516,"1,1,1,1,1,1,1"
"2026-06-07 14:39:19",0.00969,3.359375,-1.71875,-1.69921875,1820.0,1150.0,1150.0,12.243038177490234,"1,1,1,1,1,1,1"
"2026-06-07 14:39:19",0.0097,3.359375,-1.71875,-1.6796875,1820.0,1150.0,1150.0,12.258228302001953,"1,1,1,1,1,1,1"
"2026-06-07 14:39:19",0.00971,3.3203125,-1.73828125,-1.640625,1820.0,1150.0,1150.0,12.258228302001953,"1,1,1,1,1,1,1"
"2026-06-07 14:39:19",0.00972,3.3203125,-1.71875,-1.6796875,1820.0,1150.0,1150.0,12.227848052978516,"1,1,1,1,1,1,1"
"2026-06-07 14:39:19",0.00973,3.359375,-1.71875,-1.69921875,1820.0,1150.0,1150.0,12.227848052978516,"1,1,1,1,1,1,1"
"2026-06-07 14:39:19",0.00974,3.30078125,-1.73828125,-1.6796875,1820.0,1150.0,1150.0,12.227848052978516,"1,1,1,1,1,1,1"
"2026-06-07 14:39:19",0.00975,3.33984375,-1.7578125,-1.6796875,1820.0,1150.0,1150.0,12.243038177490234,"1,1,1,1,1,1,1"
"2026-06-07 14:39:19",0.00976,3.359375,-1.71875,-1.73828125,1820.0,1150.0,1150.0,12.227848052978516,"1,1,1,1,1,1,1"
"2026-06-07 14:39:19",0.00977,3.37890625,-1.7578125,-1.6796875,1820.0,1150.0,1150.0,12.227848052978516,"1,1,1,1,1,1,1"
"2026-06-07 14:39:19",0.00978,3.37890625,-1.77734375,-1.69921875,1820.0,1150.0,1150.0,12.227848052978516,"1,1,1,1,1,1,1"
"2026-06-07 14:39:19",0.00979,3.37890625,-1.7578125,-1.6796875,1820.0,1150.0,1150.0,12.243038177490234,"1,1,1,1,1,1,1"
"2026-06-07 14:39:19",0.0098,3.37890625,-1.7578125,-1.66015625,1820.0,1150.0,1150.0,12.227848052978516,"1,1,1,1,1,1,1"
"2026-06-07 14:39:19",0.00981,3.37890625,-1.7578125,-1.66015625,1820.0,1150.0,1150.0,12.243038177490234,"1,1,1,1,1,1,1"
"2026-06-07 14:39:19",0.00982,3.37890625,-1.7578125,-1.66015625,1820.0,1150.0,1150.0,12.258228302001953,"1,1,1,1,1,1,1"
"2026-06-07 14:39:19",0.00983,3.37890625,-1.73828125,-1.69921875,1820.0,1150.0,1150.0,12.258228302001953,"1,1,1,1,1,1,1"
"2026-06-07 14:39:19",0.00984,3.37890625,-1.71875,-1.6796875,1820.0,1150.0,1150.0,12.258228302001953,"1,1,1,1,1,1,1"
"2026-06-07 14:39:19",0.00985,3.37890625,-1.69921875,-1.66015625,1820.0,1150.0,1150.0,12.258228302001953,"1,1,1,1,1,1,1"
"2026-06-07 14:39:19",0.00986,3.3984375,-1.73828125,-1.66015625,1820.0,1150.0,1150.0,12.258228302001953,"1,1,1,1,1,1,1"
"2026-06-07 14:39:19",0.00987,3.37890625,-1.69921875,-1.66015625,1820.0,1150.0,1150.0,12.258228302001953,"1,1,1,1,1,1,1"
"2026-06-07 14:39:19",0.00988,3.359375,-1.71875,-1.6796875,1820.0,1150.0,1150.0,12.258228302001953,"1,1,1,1,1,1,1"
"2026-06-07 14:39:19",0.00989,3.37890625,-1.73828125,-1.66015625,1820.0,1150.0,1150.0,12.273417472839355,"1,1,1,1,1,1,1"
"2026-06-07 14:39:19",0.0099,3.359375,-1.73828125,-1.6796875,1820.0,1150.0,1150.0,12.258228302001953,"1,1,1,1,1,1,1"
"2026-06-07 14:39:19",0.00991,3.33984375,-1.71875,-1.6796875,1820.0,1150.0,1150.0,12.258228302001953,"1,1,1,1,1,1,1"
"2026-06-07 14:39:19",0.00992,3.359375,-1.73828125,-1.6796875,1820.0,1150.0,1150.0,12.288607597351074,"1,1,1,1,1,1,1"
"2026-06-07 14:39:19",0.00993,3.359375,-1.73828125,-1.6796875,1820.0,1150.0,1150.0,12.273417472839355,"1,1,1,1,1,1,1"
"2026-06-07 14:39:19",0.00994,3.37890625,-1.71875,-1.66015625,1820.0,1150.0,1150.0,12.273417472839355,"1,1,1,1,1,1,1"
"2026-06-07 14:39:19",0.00995,3.37890625,-1.69921875,-1.640625,1820.0,1150.0,1150.0,12.258228302001953,"1,1,1,1,1,1,1"
"2026-06-07 14:39:19",0.00996,3.3984375,-1.69921875,-1.640625,1820.0,1150.0,1150.0,12.288607597351074,"1,1,1,1,1,1,1"
"2026-06-07 14:39:19",0.00997,3.3984375,-1.69921875,-1.62109375,1820.0,1150.0,1150.0,12.273417472839355,"1,1,1,1,1,1,1"
"2026-06-07 14:39:19",0.00998,3.33984375,-1.69921875,-1.640625,1820.0,1150.0,1150.0,12.288607597351074,"1,1,1,1,1,1,1"
"2026-06-07 14:39:19",0.00999,3.37890625,-1.69921875,-1.62109375,1820.0,1150.0,1150.0,12.288607597351074,"1,1,1,1,1,1,1"
"2026-06-07 14:39:19",0.01,3.37890625,-1.6796875,-1.640625,1820.0,1150.0,1150.0,12.288607597351074,"1,1,1,1,1,1,1"
"2026-06-07 14:39:19",0.01001,3.37890625,-1.6796875,-1.66015625,1820.0,1150.0,1150.0,12.303797721862793,"1,1,1,1,1,1,1"
"2026-06-07 14:39:19",0.01002,3.359375,-1.71875,-1.6796875,1820.0,1150.0,1150.0,12.303797721862793,"1,1,1,1,1,1,1"
"2026-06-07 14:39:19",0.01003,3.359375,-1.6796875,-1.66015625,1820.0,1150.0,1150.0,12.303797721862793,"1,1,1,1,1,1,1"
"2026-06-07 14:39:19",0.01004,3.37890625,-1.71875,-1.6796875,1820.0,1150.0,1150.0,12.334177017211914,"1,1,1,1,1,1,1"
"2026-06-07 14:39:19",0.01005,3.359375,-1.6796875,-1.6796875,1820.0,1150.0,1150.0,12.288607597351074,"1,1,1,1,1,1,1"
"2026-06-07 14:39:19",0.01006,3.33984375,-1.6796875,-1.66015625,1820.0,1150.0,1150.0,12.318986892700195,"1,1,1,1,1,1,1"
"2026-06-07 14:39:19",0.01007,3.33984375,-1.69921875,-1.6796875,1820.0,1150.0,1150.0,12.334177017211914,"1,1,1,1,1,1,1"
"2026-06-07 14:39:19",0.01008,3.33984375,-1.71875,-1.6796875,1820.0,1150.0,1150.0,12.318986892700195,"1,1,1,1,1,1,1"
"2026-06-07 14:39:19",0.01009,3.33984375,-1.69921875,-1.6796875,1820.0,1150.0,1150.0,12.318986892700195,"1,1,1,1,1,1,1"
"2026-06-07 14:39:19",0.0101,3.359375,-1.6796875,-1.66015625,1820.0,1150.0,1150.0,12.318986892700195,"1,1,1,1,1,1,1"
"2026-06-07 14:39:19",0.01011,3.37890625,-1.69921875,-1.6796875,1820.0,1150.0,1150.0,12.334177017211914,"1,1,1,1,1,1,1"
"2026-06-07 14:39:19",0.01012,3.359375,-1.69921875,-1.6796875,1820.0,1150.0,1150.0,12.318986892700195,"1,1,1,1,1,1,1"
"2026-06-07 14:39:19",0.01013,3.37890625,-1.71875,-1.6796875,1820.0,1150.0,1150.0,12.334177017211914,"1,1,1,1,1,1,1"
"2026-06-07 14:39:19",0.01014,3.33984375,-1.71875,-1.69921875,1820.0,1150.0,1150.0,12.334177017211914,"1,1,1,1,1,1,1"
"2026-06-07 14:39:19",0.01015,3.33984375,-1.71875,-1.6796875,1820.0,1150.0,1150.0,12.334177017211914,"1,1,1,1,1,1,1"
"2026-06-07 14:39:19",0.01016,3.3203125,-1.73828125,-1.6796875,1820.0,1150.0,1150.0,12.318986892700195,"1,1,1,1,1,1,1"
"2026-06-07 14:39:19",0.01017,3.33984375,-1.73828125,-1.6796875,1820.0,1150.0,1150.0,12.334177017211914,"1,1,1,1,1,1,1"
"2026-06-07 14:39:19",0.01018,3.33984375,-1.73828125,-1.69921875,1820.0,1150.0,1150.0,12.334177017211914,"1,1,1,1,1,1,1"
"2026-06-07 14:39:19",0.01019,3.33984375,-1.73828125,-1.6796875,1820.0,1150.0,1150.0,12.334177017211914,"1,1,1,1,1,1,1"
"2026-06-07 14:39:19",0.0102,3.3203125,-1.71875,-1.69921875,1820.0,1150.0,1150.0,12.334177017211914,"1,1,1,1,1,1,1"
"2026-06-07 14:39:19",0.01021,3.3203125,-1.73828125,-1.6796875,1820.0,1150.0,1150.0,12.349367141723633,"1,1,1,1,1,1,1"
"2026-06-07 14:39:19",0.01022,3.3203125,-1.7578125,-1.66015625,1820.0,1150.0,1150.0,12.334177017211914,"1,1,1,1,1,1,1"
"2026-06-07 14:39:19",0.01023,3.359375,-1.77734375,-1.6796875,1820.0,1150.0,1150.0,12.349367141723633,"1,1,1,1,1,1,1"
"2026-06-07 14:39:19",0.01024,3.37890625,-1.73828125,-1.6796875,1820.0,1150.0,1150.0,12.349367141723633,"1,1,1,1,1,1,1"
"2026-06-07 14:39:19",0.01025,3.359375,-1.73828125,-1.66015625,1820.0,1150.0,1150.0,12.349367141723633,"1,1,1,1,1,1,1"
"2026-06-07 14:39:19",0.01026,3.359375,-1.73828125,-1.66015625,1820.0,1150.0,1150.0,12.349367141723633,"1,1,1,1,1,1,1"
"2026-06-07 14:39:19",0.01027,3.33984375,-1.73828125,-1.66015625,1820.0,1150.0,1150.0,12.334177017211914,"1,1,1,1,1,1,1"
"2026-06-07 14:39:19",0.01028,3.33984375,-1.71875,-1.66015625,1820.0,1150.0,1150.0,12.349367141723633,"1,1,1,1,1,1,1"
"2026-06-07 14:39:19",0.01029,3.33984375,-1.71875,-1.66015625,1820.0,1150.0,1150.0,12.349367141723633,"1,1,1,1,1,1,1"
"2026-06-07 14:39:19",0.0103,3.3203125,-1.69921875,-1.6796875,1820.0,1150.0,1150.0,12.334177017211914,"1,1,1,1,1,1,1"
"2026-06-07 14:39:19",0.01031,3.3203125,-1.71875,-1.6796875,1820.0,1150.0,1150.0,12.334177017211914,"1,1,1,1,1,1,1"
"2026-06-07 14:39:19",0.01032,3.33984375,-1.69921875,-1.69921875,1820.0,1150.0,1150.0,12.349367141723633,"1,1,1,1,1,1,1"
"2026-06-07 14:39:19",0.01033,3.3203125,-1.73828125,-1.69921875,1820.0,1150.0,1150.0,12.349367141723633,"1,1,1,1,1,1,1"
"2026-06-07 14:39:19",0.01034,3.33984375,-1.73828125,-1.71875,1820.0,1150.0,1150.0,12.364557266235352,"1,1,1,1,1,1,1"
"2026-06-07 14:39:19",0.01035,3.30078125,-1.71875,-1.6796875,1820.0,1150.0,1150.0,12.349367141723633,"1,1,1,1,1,1,1"
"2026-06-07 14:39:19",0.01036,3.33984375,-1.71875,-1.69921875,1820.0,1150.0,1150.0,12.334177017211914,"1,1,1,1,1,1,1"
"2026-06-07 14:39:19",0.01037,3.359375,-1.7578125,-1.6796875,1820.0,1150.0,1150.0,12.334177017211914,"1,1,1,1,1,1,1"
"2026-06-07 14:39:19",0.01038,3.30078125,-1.71875,-1.6796875,1820.0,1150.0,1150.0,12.334177017211914,"1,1,1,1,1,1,1"
"2026-06-07 14:39:19",0.01039,3.3203125,-1.71875,-1.640625,1820.0,1150.0,1150.0,12.349367141723633,"1,1,1,1,1,1,1"
"2026-06-07 14:39:19",0.0104,3.3203125,-1.7578125,-1.640625,1820.0,1150.0,1150.0,12.349367141723633,"1,1,1,1,1,1,1"
"2026-06-07 14:39:19",0.01041,3.359375,-1.71875,-1.69921875,1820.0,1150.0,1150.0,12.349367141723633,"1,1,1,1,1,1,1"
"2026-06-07 14:39:19",0.01042,3.33984375,-1.73828125,-1.6796875,1820.0,1150.0,1150.0,12.349367141723633,"1,1,1,1,1,1,1"
"2026-06-07 14:39:19",0.01043,3.33984375,-1.71875,-1.66015625,1820.0,1150.0,1150.0,12.349367141723633,"1,1,1,1,1,1,1"
"2026-06-07 14:39:19",0.01044,3.3203125,-1.69921875,-1.69921875,1820.0,1150.0,1150.0,12.334177017211914,"1,1,1,1,1,1,1"
"2026-06-07 14:39:19",0.01045,3.3203125,-1.7578125,-1.6796875,1820.0,1150.0,1150.0,12.334177017211914,"1,1,1,1,1,1,1"
"2026-06-07 14:39:19",0.01046,3.33984375,-1.73828125,-1.66015625,1820.0,1150.0,1150.0,12.349367141723633,"1,1,1,1,1,1,1"
"2026-06-07 14:39:19",0.01047,3.359375,-1.73828125,-1.66015625,1820.0,1150.0,1150.0,12.349367141723633,"1,1,1,1,1,1,1"
"2026-06-07 14:39:19",0.01048,3.3203125,-1.73828125,-1.6796875,1820.0,1150.0,1150.0,12.334177017211914,"1,1,1,1,1,1,1"
"2026-06-07 14:39:19",0.01049,3.37890625,-1.7578125,-1.6796875,1820.0,1150.0,1150.0,12.349367141723633,"1,1,1,1,1,1,1"
"2026-06-07 14:39:19",0.0105,3.37890625,-1.73828125,-1.66015625,1820.0,1150.0,1150.0,12.334177017211914,"1,1,1,1,1,1,1"
"2026-06-07 14:39:19",0.01051,3.37890625,-1.7578125,-1.640625,1820.0,1150.0,1150.0,12.349367141723633,"1,1,1,1,1,1,1"
"2026-06-07 14:39:19",0.01052,3.359375,-1.69921875,-1.6796875,1820.0,1150.0,1150.0,12.334177017211914,"1,1,1,1,1,1,1"
"2026-06-07 14:39:19",0.01053,3.37890625,-1.69921875,-1.6796875,1820.0,1150.0,1150.0,12.364557266235352,"1,1,1,1,1,1,1"
"2026-06-07 14:39:19",0.01054,3.37890625,-1.69921875,-1.640625,1820.0,1150.0,1150.0,12.334177017211914,"1,1,1,1,1,1,1"
"2026-06-07 14:39:19",0.01055,3.37890625,-1.71875,-1.640625,1820.0,1150.0,1150.0,12.349367141723633,"1,1,1,1,1,1,1"
"2026-06-07 14:39:19",0.01056,3.37890625,-1.71875,-1.640625,1820.0,1150.0,1150.0,12.334177017211914,"1,1,1,1,1,1,1"
"2026-06-07 14:39:19",0.01057,3.359375,-1.73828125,-1.6796875,1820.0,1150.0,1150.0,12.349367141723633,"1,1,1,1,1,1,1"
"2026-06-07 14:39:19",0.01058,3.33984375,-1.7578125,-1.69921875,1820.0,1150.0,1150.0,12.334177017211914,"1,1,1,1,1,1,1"
"2026-06-07 14:39:19",0.01059,3.37890625,-1.7578125,-1.6796875,1820.0,1150.0,1150.0,12.318986892700195,"1,1,1,1,1,1,1"
"2026-06-07 14:39:19",0.0106,3.359375,-1.7578125,-1.6796875,1820.0,1150.0,1150.0,12.349367141723633,"1,1,1,1,1,1,1"
"2026-06-07 14:39:19",0.01061,3.359375,-1.7578125,-1.640625,1820.0,1150.0,1150.0,12.349367141723633,"1,1,1,1,1,1,1"
"2026-06-07 14:39:19",0.01062,3.37890625,-1.73828125,-1.66015625,1820.0,1150.0,1150.0,12.349367141723633,"1,1,1,1,1,1,1"
"2026-06-07 14:39:19",0.01063,3.37890625,-1.7578125,-1.69921875,1820.0,1150.0,1150.0,12.318986892700195,"1,1,1,1,1,1,1"
"2026-06-07 14:39:19",0.01064,3.33984375,-1.73828125,-1.69921875,1820.0,1150.0,1150.0,12.334177017211914,"1,1,1,1,1,1,1"
"2026-06-07 14:39:19",0.01065,3.33984375,-1.7578125,-1.69921875,1820.0,1150.0,1150.0,12.349367141723633,"1,1,1,1,1,1,1"
"2026-06-07 14:39:19",0.01066,3.37890625,-1.73828125,-1.6796875,1820.0,1150.0,1150.0,12.349367141723633,"1,1,1,1,1,1,1"
"2026-06-07 14:39:19",0.01067,3.37890625,-1.73828125,-1.66015625,1820.0,1150.0,1150.0,12.334177017211914,"1,1,1,1,1,1,1"
"2026-06-07 14:39:19",0.01068,3.37890625,-1.73828125,-1.6796875,1820.0,1150.0,1150.0,12.334177017211914,"1,1,1,1,1,1,1"
"2026-06-07 14:39:19",0.01069,3.3984375,-1.6796875,-1.66015625,1820.0,1150.0,1150.0,12.318986892700195,"1,1,1,1,1,1,1"
"2026-06-07 14:39:19",0.0107,3.37890625,-1.69921875,-1.66015625,1820.0,1150.0,1150.0,12.334177017211914,"1,1,1,1,1,1,1"
"2026-06-07 14:39:19",0.01071,3.3984375,-1.73828125,-1.6796875,1820.0,1150.0,1150.0,12.334177017211914,"1,1,1,1,1,1,1"
"2026-06-07 14:39:19",0.01072,3.3984375,-1.69921875,-1.6796875,1820.0,1150.0,1150.0,12.334177017211914,"1,1,1,1,1,1,1"
"2026-06-07 14:39:19",0.01073,3.37890625,-1.7578125,-1.66015625,1820.0,1150.0,1150.0,12.318986892700195,"1,1,1,1,1,1,1"
"2026-06-07 14:39:19",0.01074,3.3984375,-1.71875,-1.66015625,1820.0,1150.0,1150.0,12.334177017211914,"1,1,1,1,1,1,1"
"2026-06-07 14:39:19",0.01075,3.359375,-1.69921875,-1.640625,1820.0,1150.0,1150.0,12.334177017211914,"1,1,1,1,1,1,1"
"2026-06-07 14:39:19",0.01076,3.3203125,-1.71875,-1.62109375,1820.0,1150.0,1150.0,12.334177017211914,"1,1,1,1,1,1,1"
"2026-06-07 14:39:19",0.01077,3.33984375,-1.71875,-1.66015625,1820.0,1150.0,1150.0,12.334177017211914,"1,1,1,1,1,1,1"
"2026-06-07 14:39:19",0.01078,3.33984375,-1.73828125,-1.6796875,1820.0,1150.0,1150.0,12.334177017211914,"1,1,1,1,1,1,1"
"2026-06-07 14:39:19",0.01079,3.33984375,-1.71875,-1.6796875,1820.0,1150.0,1150.0,12.334177017211914,"1,1,1,1,1,1,1"
"2026-06-07 14:39:19",0.0108,3.33984375,-1.73828125,-1.69921875,1820.0,1150.0,1150.0,12.318986892700195,"1,1,1,1,1,1,1"
"2026-06-07 14:39:19",0.01081,3.37890625,-1.73828125,-1.69921875,1820.0,1150.0,1150.0,12.334177017211914,"1,1,1,1,1,1,1"
"2026-06-07 14:39:19",0.01082,3.37890625,-1.73828125,-1.69921875,1820.0,1150.0,1150.0,12.303797721862793,"1,1,1,1,1,1,1"
"2026-06-07 14:39:19",0.01083,3.33984375,-1.7578125,-1.6796875,1820.0,1150.0,1150.0,12.318986892700195,"1,1,1,1,1,1,1"
"2026-06-07 14:39:19",0.01084,3.359375,-1.77734375,-1.69921875,1820.0,1150.0,1150.0,12.318986892700195,"1,1,1,1,1,1,1"
"2026-06-07 14:39:19",0.01085,3.3203125,-1.77734375,-1.6796875,1820.0,1150.0,1150.0,12.334177017211914,"1,1,1,1,1,1,1"
"2026-06-07 14:39:19",0.01086,3.33984375,-1.7578125,-1.6796875,1820.0,1150.0,1150.0,12.318986892700195,"1,1,1,1,1,1,1"
"2026-06-07 14:39:19",0.01087,3.359375,-1.7578125,-1.6796875,1820.0,1150.0,1150.0,12.334177017211914,"1,1,1,1,1,1,1"
"2026-06-07 14:39:19",0.01088,3.33984375,-1.7578125,-1.640625,1820.0,1150.0,1150.0,12.318986892700195,"1,1,1,1,1,1,1"
"2026-06-07 14:39:19",0.01089,3.359375,-1.73828125,-1.6796875,1820.0,1150.0,1150.0,12.334177017211914,"1,1,1,1,1,1,1"
"2026-06-07 14:39:19",0.0109,3.33984375,-1.71875,-1.66015625,1820.0,1150.0,1150.0,12.334177017211914,"1,1,1,1,1,1,1"
"2026-06-07 14:39:19",0.01091,3.33984375,-1.69921875,-1.66015625,1820.0,1150.0,1150.0,12.318986892700195,"1,1,1,1,1,1,1"
"2026-06-07 14:39:19",0.01092,3.3203125,-1.71875,-1.69921875,1820.0,1150.0,1150.0,12.318986892700195,"1,1,1,1,1,1,1"
"2026-06-07 14:39:19",0.01093,3.3203125,-1.69921875,-1.69921875,1820.0,1150.0,1150.0,12.318986892700195,"1,1,1,1,1,1,1"
"2026-06-07 14:39:19",0.01094,3.359375,-1.73828125,-1.66015625,1820.0,1150.0,1150.0,12.334177017211914,"1,1,1,1,1,1,1"
"2026-06-07 14:39:19",0.01095,3.33984375,-1.71875,-1.69921875,1820.0,1150.0,1150.0,12.318986892700195,"1,1,1,1,1,1,1"
"2026-06-07 14:39:19",0.01096,3.33984375,-1.73828125,-1.6796875,1820.0,1150.0,1150.0,12.334177017211914,"1,1,1,1,1,1,1"
"2026-06-07 14:39:19",0.01097,3.3203125,-1.71875,-1.66015625,1820.0,1150.0,1150.0,12.318986892700195,"1,1,1,1,1,1,1"
"2026-06-07 14:39:19",0.01098,3.37890625,-1.71875,-1.6796875,1820.0,1150.0,1150.0,12.318986892700195,"1,1,1,1,1,1,1"
"2026-06-07 14:39:19",0.01099,3.33984375,-1.69921875,-1.6796875,1820.0,1150.0,1150.0,12.318986892700195,"1,1,1,1,1,1,1"
"2026-06-07 14:39:19",0.011,3.30078125,-1.73828125,-1.6796875,1820.0,1150.0,1150.0,12.334177017211914,"1,1,1,1,1,1,1"
"2026-06-07 14:39:19",0.01101,3.33984375,-1.7578125,-1.66015625,1820.0,1150.0,1150.0,12.318986892700195,"1,1,1,1,1,1,1"
"2026-06-07 14:39:19",0.01102,3.359375,-1.7578125,-1.640625,1820.0,1150.0,1150.0,12.318986892700195,"1,1,1,1,1,1,1"
"2026-06-07 14:39:19",0.01103,3.359375,-1.73828125,-1.66015625,1820.0,1150.0,1150.0,12.334177017211914,"1,1,1,1,1,1,1"
"2026-06-07 14:39:19",0.01104,3.359375,-1.73828125,-1.6796875,1820.0,1150.0,1150.0,12.334177017211914,"1,1,1,1,1,1,1"
"2026-06-07 14:39:19",0.01105,3.359375,-1.7578125,-1.6796875,1820.0,1150.0,1150.0,12.318986892700195,"1,1,1,1,1,1,1"
"2026-06-07 14:39:19",0.01106,3.33984375,-1.71875,-1.640625,1820.0,1150.0,1150.0,12.318986892700195,"1,1,1,1,1,1,1"
"2026-06-07 14:39:19",0.01107,3.3203125,-1.7578125,-1.6796875,1820.0,1150.0,1150.0,12.334177017211914,"1,1,1,1,1,1,1"
"2026-06-07 14:39:19",0.01108,3.37890625,-1.73828125,-1.640625,1820.0,1150.0,1150.0,12.318986892700195,"1,1,1,1,1,1,1"
"2026-06-07 14:39:19",0.01109,3.33984375,-1.73828125,-1.6796875,1820.0,1150.0,1150.0,12.318986892700195,"1,1,1,1,1,1,1"
"2026-06-07 14:39:19",0.0111,3.37890625,-1.71875,-1.69921875,1820.0,1150.0,1150.0,12.318986892700195,"1,1,1,1,1,1,1"
"2026-06-07 14:39:19",0.01111,3.33984375,-1.69921875,-1.66015625,1820.0,1150.0,1150.0,12.318986892700195,"1,1,1,1,1,1,1"
"2026-06-07 14:39:19",0.01112,3.33984375,-1.73828125,-1.6796875,1820.0,1150.0,1150.0,12.318986892700195,"1,1,1,1,1,1,1"
"2026-06-07 14:39:19",0.01113,3.30078125,-1.71875,-1.66015625,1820.0,1150.0,1150.0,12.318986892700195,"1,1,1,1,1,1,1"
"2026-06-07 14:39:19",0.01114,3.359375,-1.71875,-1.71875,1820.0,1150.0,1150.0,12.318986892700195,"1,1,1,1,1,1,1"
"2026-06-07 14:39:19",0.01115,3.37890625,-1.69921875,-1.66015625,1820.0,1150.0,1150.0,12.318986892700195,"1,1,1,1,1,1,1"
"2026-06-07 14:39:19",0.01116,3.37890625,-1.69921875,-1.640625,1820.0,1150.0,1150.0,12.303797721862793,"1,1,1,1,1,1,1"
"2026-06-07 14:39:19",0.01117,3.359375,-1.6796875,-1.66015625,1820.0,1150.0,1150.0,12.334177017211914,"1,1,1,1,1,1,1"
"2026-06-07 14:39:19",0.01118,3.359375,-1.71875,-1.640625,1820.0,1150.0,1150.0,12.334177017211914,"1,1,1,1,1,1,1"
"2026-06-07 14:39:19",0.01119,3.37890625,-1.71875,-1.6796875,1820.0,1150.0,1150.0,12.334177017211914,"1,1,1,1,1,1,1"
"2026-06-07 14:39:19",0.0112,3.359375,-1.71875,-1.69921875,1820.0,1150.0,1150.0,12.303797721862793,"1,1,1,1,1,1,1"
"2026-06-07 14:39:19",0.01121,3.37890625,-1.71875,-1.69921875,1820.0,1150.0,1150.0,12.334177017211914,"1,1,1,1,1,1,1"
"2026-06-07 14:39:19",0.01122,3.37890625,-1.71875,-1.66015625,1820.0,1150.0,1150.0,12.334177017211914,"1,1,1,1,1,1,1"
"2026-06-07 14:39:19",0.01123,3.3984375,-1.71875,-1.66015625,1820.0,1150.0,1150.0,12.303797721862793,"1,1,1,1,1,1,1"
"2026-06-07 14:39:19",0.01124,3.41796875,-1.7578125,-1.71875,1820.0,1150.0,1150.0,12.334177017211914,"1,1,1,1,1,1,1"
"2026-06-07 14:39:19",0.01125,3.37890625,-1.7578125,-1.640625,1820.0,1150.0,1150.0,12.318986892700195,"1,1,1,1,1,1,1"
"2026-06-07 14:39:19",0.01126,3.359375,-1.73828125,-1.6796875,1820.0,1150.0,1150.0,12.318986892700195,"1,1,1,1,1,1,1"
"2026-06-07 14:39:19",0.01127,3.33984375,-1.71875,-1.69921875,1820.0,1150.0,1150.0,12.303797721862793,"1,1,1,1,1,1,1"
"2026-06-07 14:39:19",0.01128,3.37890625,-1.73828125,-1.6796875,1820.0,1150.0,1150.0,12.318986892700195,"1,1,1,1,1,1,1"
"2026-06-07 14:39:19",0.01129,3.33984375,-1.77734375,-1.6796875,1820.0,1150.0,1150.0,12.334177017211914,"1,1,1,1,1,1,1"
"2026-06-07 14:39:19",0.0113,3.359375,-1.7578125,-1.6796875,1820.0,1150.0,1150.0,12.318986892700195,"1,1,1,1,1,1,1"
"2026-06-07 14:39:19",0.01131,3.3203125,-1.71875,-1.6796875,1820.0,1150.0,1150.0,12.303797721862793,"1,1,1,1,1,1,1"
"2026-06-07 14:39:19",0.01132,3.359375,-1.69921875,-1.69921875,1820.0,1150.0,1150.0,12.318986892700195,"1,1,1,1,1,1,1"
"2026-06-07 14:39:19",0.01133,3.359375,-1.69921875,-1.6796875,1820.0,1150.0,1150.0,12.318986892700195,"1,1,1,1,1,1,1"
"2026-06-07 14:39:19",0.01134,3.33984375,-1.71875,-1.69921875,1820.0,1150.0,1150.0,12.318986892700195,"1,1,1,1,1,1,1"
"2026-06-07 14:39:19",0.01135,3.3203125,-1.69921875,-1.6796875,1820.0,1150.0,1150.0,12.318986892700195,"1,1,1,1,1,1,1"
"2026-06-07 14:39:19",0.01136,3.30078125,-1.73828125,-1.6796875,1820.0,1150.0,1150.0,12.318986892700195,"1,1,1,1,1,1,1"
"2026-06-07 14:39:19",0.01137,3.33984375,-1.69921875,-1.66015625,1820.0,1150.0,1150.0,12.318986892700195,"1,1,1,1,1,1,1"
"2026-06-07 14:39:19",0.01138,3.33984375,-1.69921875,-1.640625,1820.0,1150.0,1150.0,12.334177017211914,"1,1,1,1,1,1,1"
"2026-06-07 14:39:19",0.01139,3.3984375,-1.69921875,-1.6796875,1820.0,1150.0,1150.0,12.318986892700195,"1,1,1,1,1,1,1"
"2026-06-07 14:39:19",0.0114,3.33984375,-1.71875,-1.66015625,1820.0,1150.0,1150.0,12.318986892700195,"1,1,1,1,1,1,1"
"2026-06-07 14:39:19",0.01141,3.359375,-1.71875,-1.640625,1820.0,1150.0,1150.0,12.303797721862793,"1,1,1,1,1,1,1"
"2026-06-07 14:39:19",0.01142,3.37890625,-1.69921875,-1.66015625,1820.0,1150.0,1150.0,12.318986892700195,"1,1,1,1,1,1,1"
"2026-06-07 14:39:19",0.01143,3.359375,-1.66015625,-1.640625,1820.0,1150.0,1150.0,12.318986892700195,"1,1,1,1,1,1,1"
"2026-06-07 14:39:19",0.01144,3.359375,-1.6796875,-1.66015625,1820.0,1150.0,1150.0,12.318986892700195,"1,1,1,1,1,1,1"
"2026-06-07 14:39:19",0.01145,3.33984375,-1.6796875,-1.6796875,1820.0,1150.0,1150.0,12.334177017211914,"1,1,1,1,1,1,1"
"2026-06-07 14:39:19",0.01146,3.359375,-1.69921875,-1.66015625,1820.0,1150.0,1150.0,12.318986892700195,"1,1,1,1,1,1,1"
"2026-06-07 14:39:19",0.01147,3.33984375,-1.6796875,-1.66015625,1820.0,1150.0,1150.0,12.334177017211914,"1,1,1,1,1,1,1"
"2026-06-07 14:39:19",0.01148,3.37890625,-1.69921875,-1.66015625,1820.0,1150.0,1150.0,12.334177017211914,"1,1,1,1,1,1,1"
"2026-06-07 14:39:19",0.01149,3.37890625,-1.71875,-1.66015625,1820.0,1150.0,1150.0,12.318986892700195,"1,1,1,1,1,1,1"
"2026-06-07 14:39:19",0.0115,3.3984375,-1.71875,-1.640625,1820.0,1150.0,1150.0,12.334177017211914,"1,1,1,1,1,1,1"
"2026-06-07 14:39:19",0.01151,3.37890625,-1.73828125,-1.640625,1820.0,1150.0,1150.0,12.334177017211914,"1,1,1,1,1,1,1"
"2026-06-07 14:39:19",0.01152,3.359375,-1.69921875,-1.66015625,1820.0,1150.0,1150.0,12.288607597351074,"1,1,1,1,1,1,1"
"2026-06-07 14:39:19",0.01153,3.33984375,-1.71875,-1.640625,1820.0,1150.0,1150.0,12.334177017211914,"1,1,1,1,1,1,1"
"2026-06-07 14:39:19",0.01154,3.359375,-1.71875,-1.66015625,1820.0,1150.0,1150.0,12.334177017211914,"1,1,1,1,1,1,1"
"2026-06-07 14:39:19",0.01155,3.37890625,-1.73828125,-1.71875,1820.0,1150.0,1150.0,12.318986892700195,"1,1,1,1,1,1,1"
"2026-06-07 14:39:19",0.01156,3.359375,-1.71875,-1.66015625,1820.0,1150.0,1150.0,12.303797721862793,"1,1,1,1,1,1,1"
"2026-06-07 14:39:19",0.01157,3.33984375,-1.71875,-1.66015625,1820.0,1150.0,1150.0,12.334177017211914,"1,1,1,1,1,1,1"
"2026-06-07 14:39:19",0.01158,3.37890625,-1.71875,-1.640625,1820.0,1150.0,1150.0,12.334177017211914,"1,1,1,1,1,1,1"
"2026-06-07 14:39:19",0.01159,3.37890625,-1.71875,-1.69921875,1820.0,1150.0,1150.0,12.303797721862793,"1,1,1,1,1,1,1"
"2026-06-07 14:39:19",0.0116,3.37890625,-1.6796875,-1.6796875,1820.0,1150.0,1150.0,12.318986892700195,"1,1,1,1,1,1,1"
"2026-06-07 14:39:19",0.01161,3.33984375,-1.6796875,-1.6796875,1820.0,1150.0,1150.0,12.334177017211914,"1,1,1,1,1,1,1"
"2026-06-07 14:39:19",0.01162,3.37890625,-1.69921875,-1.66015625,1820.0,1150.0,1150.0,12.318986892700195,"1,1,1,1,1,1,1"
"2026-06-07 14:39:19",0.01163,3.359375,-1.71875,-1.6796875,1820.0,1150.0,1150.0,12.318986892700195,"1,1,1,1,1,1,1"
"2026-06-07 14:39:19",0.01164,3.359375,-1.69921875,-1.66015625,1820.0,1150.0,1150.0,12.334177017211914,"1,1,1,1,1,1,1"
"2026-06-07 14:39:19",0.01165,3.359375,-1.69921875,-1.66015625,1820.0,1150.0,1150.0,12.334177017211914,"1,1,1,1,1,1,1"
"2026-06-07 14:39:19",0.01166,3.3984375,-1.71875,-1.6796875,1820.0,1150.0,1150.0,12.334177017211914,"1,1,1,1,1,1,1"
"2026-06-07 14:39:19",0.01167,3.359375,-1.71875,-1.6796875,1820.0,1150.0,1150.0,12.334177017211914,"1,1,1,1,1,1,1"
"2026-06-07 14:39:19",0.01168,3.33984375,-1.71875,-1.69921875,1820.0,1150.0,1150.0,12.334177017211914,"1,1,1,1,1,1,1"
"2026-06-07 14:39:19",0.01169,3.37890625,-1.71875,-1.71875,1820.0,1150.0,1150.0,12.303797721862793,"1,1,1,1,1,1,1"
