"Created on","2026-06-07 13:38:03"
"Created with","Scrutiny V0.12.1"
"Device ID","d6fc71528a231663b87e7b30bcac7d95"
"Firmware ID","d6fc71528a231663b87e7b30bcac7d95"
"Project name","NanoGaN-SW V0.1"

"","","var:/global/fDcVoltage","var:/global/uDTC/uDTC[0]","var:/global/uDTC/uDTC[1]","var:/global/uDTC/uDTC[2]","var:/global/fCurrent/fCurrent[0]","var:/global/fCurrent/fCurrent[1]","var:/global/fCurrent/fCurrent[2]",""
"Datetime","Time [s]","fDcVoltage","uDTC[0]","uDTC[1]","uDTC[2]","fCurrent[0]","fCurrent[1]","fCurrent[2]","New Values"
"2026-06-07 13:22:53",0.0,12.47088623046875,1374.0,1374.0,1374.0,-0.0390625,0.0,-0.01953125,"1,1,1,1,1,1,1"
"2026-06-07 13:22:53",1e-05,12.501265525817871,1374.0,1374.0,1374.0,-0.0390625,0.0,0.01953125,"1,1,1,1,1,1,1"
"2026-06-07 13:22:53",2e-05,12.486076354980469,1374.0,1374.0,1374.0,-0.05859375,0.01953125,0.01953125,"1,1,1,1,1,1,1"
"2026-06-07 13:22:53",3e-05,12.501265525817871,1374.0,1374.0,1374.0,-0.0,0.01953125,0.0,"1,1,1,1,1,1,1"
"2026-06-07 13:22:53",4e-05,12.455696105957031,1374.0,1374.0,1374.0,-0.05859375,0.01953125,0.0,"1,1,1,1,1,1,1"
"2026-06-07 13:22:53",5e-05,12.501265525817871,1374.0,1374.0,1374.0,-0.0390625,0.0,0.01953125,"1,1,1,1,1,1,1"
"2026-06-07 13:22:53",6e-05,12.486076354980469,1374.0,1374.0,1374.0,-0.01953125,0.0,0.01953125,"1,1,1,1,1,1,1"
"2026-06-07 13:22:53",7e-05,12.486076354980469,1374.0,1374.0,1374.0,-0.0,-0.01953125,0.0390625,"1,1,1,1,1,1,1"
"2026-06-07 13:22:53",8e-05,12.486076354980469,1374.0,1374.0,1374.0,0.01953125,-0.0390625,0.01953125,"1,1,1,1,1,1,1"
"2026-06-07 13:22:53",9e-05,12.486076354980469,1374.0,1374.0,1374.0,0.01953125,0.0,-0.01953125,"1,1,1,1,1,1,1"
"2026-06-07 13:22:53",0.0001,12.486076354980469,1374.0,1374.0,1374.0,-0.0,0.0,-0.01953125,"1,1,1,1,1,1,1"
"2026-06-07 13:22:53",0.00011,12.486076354980469,1374.0,1374.0,1374.0,-0.05859375,0.0,-0.01953125,"1,1,1,1,1,1,1"
"2026-06-07 13:22:53",0.00012,12.501265525817871,1374.0,1374.0,1374.0,-0.0390625,-0.01953125,0.01953125,"1,1,1,1,1,1,1"
"2026-06-07 13:22:53",0.00013,12.501265525817871,1374.0,1374.0,1374.0,-0.0390625,-0.0390625,0.0,"1,1,1,1,1,1,1"
"2026-06-07 13:22:53",0.00014,12.486076354980469,1374.0,1374.0,1374.0,-0.05859375,-0.01953125,0.0,"1,1,1,1,1,1,1"
"2026-06-07 13:22:53",0.00015,12.501265525817871,1374.0,1374.0,1374.0,-0.05859375,0.0,-0.01953125,"1,1,1,1,1,1,1"
"2026-06-07 13:22:53",0.00016,12.501265525817871,1374.0,1374.0,1374.0,-0.0390625,-0.05859375,-0.0390625,"1,1,1,1,1,1,1"
"2026-06-07 13:22:53",0.00017,12.486076354980469,1374.0,1374.0,1374.0,-0.01953125,-0.078125,0.01953125,"1,1,1,1,1,1,1"
"2026-06-07 13:22:53",0.00018,12.47088623046875,1374.0,1374.0,1374.0,-0.0390625,-0.0390625,0.0,"1,1,1,1,1,1,1"
"2026-06-07 13:22:53",0.00019,12.486076354980469,1374.0,1374.0,1374.0,-0.0390625,-0.05859375,0.0390625,"1,1,1,1,1,1,1"
"2026-06-07 13:22:53",0.0002,12.501265525817871,1374.0,1374.0,1374.0,-0.05859375,-0.0390625,0.0,"1,1,1,1,1,1,1"
"2026-06-07 13:22:53",0.00021,12.501265525817871,1374.0,1374.0,1374.0,-0.0390625,0.0,0.01953125,"1,1,1,1,1,1,1"
"2026-06-07 13:22:53",0.00022,12.486076354980469,1374.0,1374.0,1374.0,-0.01953125,0.0,0.0390625,"1,1,1,1,1,1,1"
"2026-06-07 13:22:53",0.00023,12.47088623046875,1374.0,1374.0,1374.0,-0.0390625,0.0,0.0390625,"1,1,1,1,1,1,1"
"2026-06-07 13:22:53",0.00024,12.501265525817871,1374.0,1374.0,1374.0,-0.01953125,0.0,0.0,"1,1,1,1,1,1,1"
"2026-06-07 13:22:53",0.00025,12.486076354980469,1374.0,1374.0,1374.0,-0.0390625,0.0,-0.01953125,"1,1,1,1,1,1,1"
"2026-06-07 13:22:53",0.00026,12.501265525817871,1374.0,1374.0,1374.0,-0.01953125,-0.0390625,0.01953125,"1,1,1,1,1,1,1"
"2026-06-07 13:22:53",0.00027,12.486076354980469,1374.0,1374.0,1374.0,-0.0390625,-0.01953125,-0.01953125,"1,1,1,1,1,1,1"
"2026-06-07 13:22:53",0.00028,12.501265525817871,1374.0,1374.0,1374.0,-0.0390625,-0.01953125,0.01953125,"1,1,1,1,1,1,1"
"2026-06-07 13:22:53",0.00029,12.47088623046875,1374.0,1374.0,1374.0,-0.0390625,0.0,-0.0390625,"1,1,1,1,1,1,1"
"2026-06-07 13:22:53",0.0003,12.486076354980469,1374.0,1374.0,1374.0,-0.0,-0.0390625,0.01953125,"1,1,1,1,1,1,1"
"2026-06-07 13:22:53",0.00031,12.486076354980469,1374.0,1374.0,1374.0,-0.01953125,-0.01953125,0.01953125,"1,1,1,1,1,1,1"
"2026-06-07 13:22:53",0.00032,12.486076354980469,1374.0,1374.0,1374.0,-0.01953125,0.0,0.01953125,"1,1,1,1,1,1,1"
"2026-06-07 13:22:53",0.00033,12.486076354980469,1374.0,1374.0,1374.0,-0.0390625,0.01953125,0.01953125,"1,1,1,1,1,1,1"
"2026-06-07 13:22:53",0.00034,12.486076354980469,1374.0,1374.0,1374.0,-0.0390625,-0.01953125,0.01953125,"1,1,1,1,1,1,1"
"2026-06-07 13:22:53",0.00035,12.501265525817871,1374.0,1374.0,1374.0,-0.0,-0.01953125,0.01953125,"1,1,1,1,1,1,1"
"2026-06-07 13:22:53",0.00036,12.47088623046875,1374.0,1374.0,1374.0,-0.01953125,0.01953125,0.01953125,"1,1,1,1,1,1,1"
"2026-06-07 13:22:53",0.00037,12.501265525817871,1374.0,1374.0,1374.0,-0.01953125,0.01953125,0.0,"1,1,1,1,1,1,1"
"2026-06-07 13:22:53",0.00038,12.486076354980469,1374.0,1374.0,1374.0,-0.01953125,0.0,0.01953125,"1,1,1,1,1,1,1"
"2026-06-07 13:22:53",0.00039,12.486076354980469,1374.0,1374.0,1374.0,-0.01953125,0.0,0.0390625,"1,1,1,1,1,1,1"
"2026-06-07 13:22:53",0.0004,12.501265525817871,1374.0,1374.0,1374.0,-0.01953125,0.0,0.05859375,"1,1,1,1,1,1,1"
"2026-06-07 13:22:53",0.00041,12.501265525817871,1374.0,1374.0,1374.0,-0.05859375,0.0390625,0.05859375,"1,1,1,1,1,1,1"
"2026-06-07 13:22:53",0.00042,12.501265525817871,1374.0,1374.0,1374.0,-0.01953125,0.0390625,0.0390625,"1,1,1,1,1,1,1"
"2026-06-07 13:22:53",0.00043,12.501265525817871,1374.0,1374.0,1374.0,-0.0,0.05859375,0.0,"1,1,1,1,1,1,1"
"2026-06-07 13:22:53",0.00044,12.486076354980469,1374.0,1374.0,1374.0,-0.0390625,0.0390625,0.01953125,"1,1,1,1,1,1,1"
"2026-06-07 13:22:53",0.00045,12.47088623046875,1374.0,1374.0,1374.0,-0.0,-0.01953125,-0.01953125,"1,1,1,1,1,1,1"
"2026-06-07 13:22:53",0.00046,12.47088623046875,1374.0,1374.0,1374.0,-0.0390625,0.01953125,0.01953125,"1,1,1,1,1,1,1"
"2026-06-07 13:22:53",0.00047,12.501265525817871,1374.0,1374.0,1374.0,-0.05859375,0.01953125,0.0,"1,1,1,1,1,1,1"
"2026-06-07 13:22:53",0.00048,12.501265525817871,1374.0,1374.0,1374.0,-0.0390625,0.0,0.0390625,"1,1,1,1,1,1,1"
"2026-06-07 13:22:53",0.00049,12.501265525817871,1374.0,1374.0,1374.0,-0.05859375,0.01953125,0.0390625,"1,1,1,1,1,1,1"
"2026-06-07 13:22:53",0.0005,12.486076354980469,1374.0,1374.0,1374.0,-0.0390625,0.0,0.01953125,"1,1,1,1,1,1,1"
"2026-06-07 13:22:53",0.00051,12.47088623046875,1374.0,1374.0,1374.0,-0.0390625,0.0,0.01953125,"1,1,1,1,1,1,1"
"2026-06-07 13:22:53",0.00052,12.47088623046875,1374.0,1374.0,1374.0,-0.0390625,0.01953125,0.0,"1,1,1,1,1,1,1"
"2026-06-07 13:22:53",0.00053,12.47088623046875,1374.0,1374.0,1374.0,-0.0390625,0.01953125,0.0,"1,1,1,1,1,1,1"
"2026-06-07 13:22:53",0.00054,12.486076354980469,1374.0,1374.0,1374.0,-0.01953125,0.01953125,-0.01953125,"1,1,1,1,1,1,1"
"2026-06-07 13:22:53",0.00055,12.501265525817871,1374.0,1374.0,1374.0,-0.05859375,0.0,-0.01953125,"1,1,1,1,1,1,1"
"2026-06-07 13:22:53",0.00056,12.501265525817871,1374.0,1374.0,1374.0,-0.0390625,0.0,0.01953125,"1,1,1,1,1,1,1"
"2026-06-07 13:22:53",0.00057,12.47088623046875,1374.0,1374.0,1374.0,-0.0390625,-0.0390625,0.05859375,"1,1,1,1,1,1,1"
"2026-06-07 13:22:53",0.00058,12.501265525817871,1374.0,1374.0,1374.0,-0.01953125,-0.0390625,0.05859375,"1,1,1,1,1,1,1"
"2026-06-07 13:22:53",0.00059,12.486076354980469,1374.0,1374.0,1374.0,-0.0,-0.0390625,0.0,"1,1,1,1,1,1,1"
"2026-06-07 13:22:53",0.0006,12.486076354980469,1374.0,1374.0,1374.0,0.01953125,-0.0390625,-0.0390625,"1,1,1,1,1,1,1"
"2026-06-07 13:22:53",0.00061,12.486076354980469,1374.0,1374.0,1374.0,0.0390625,-0.01953125,0.01953125,"1,1,1,1,1,1,1"
"2026-06-07 13:22:53",0.00062,12.501265525817871,1374.0,1374.0,1374.0,-0.0,-0.01953125,-0.01953125,"1,1,1,1,1,1,1"
"2026-06-07 13:22:53",0.00063,12.501265525817871,1374.0,1374.0,1374.0,-0.0,-0.01953125,0.0,"1,1,1,1,1,1,1"
"2026-06-07 13:22:53",0.00064,12.486076354980469,1374.0,1374.0,1374.0,-0.0390625,0.01953125,-0.01953125,"1,1,1,1,1,1,1"
"2026-06-07 13:22:53",0.00065,12.47088623046875,1374.0,1374.0,1374.0,-0.01953125,0.0,0.0390625,"1,1,1,1,1,1,1"
"2026-06-07 13:22:53",0.00066,12.486076354980469,1374.0,1374.0,1374.0,-0.0390625,-0.05859375,0.0,"1,1,1,1,1,1,1"
"2026-06-07 13:22:53",0.00067,12.486076354980469,1374.0,1374.0,1374.0,-0.05859375,0.0,0.01953125,"1,1,1,1,1,1,1"
"2026-06-07 13:22:53",0.00068,12.47088623046875,1374.0,1374.0,1374.0,-0.05859375,0.0,0.0390625,"1,1,1,1,1,1,1"
"2026-06-07 13:22:53",0.00069,12.501265525817871,1374.0,1374.0,1374.0,-0.05859375,0.0,0.01953125,"1,1,1,1,1,1,1"
"2026-06-07 13:22:53",0.0007,12.486076354980469,1374.0,1374.0,1374.0,-0.05859375,0.0,-0.0390625,"1,1,1,1,1,1,1"
"2026-06-07 13:22:53",0.00071,12.501265525817871,1374.0,1374.0,1374.0,-0.05859375,-0.0390625,-0.01953125,"1,1,1,1,1,1,1"
"2026-06-07 13:22:53",0.00072,12.47088623046875,1374.0,1374.0,1374.0,-0.05859375,0.0,0.0,"1,1,1,1,1,1,1"
"2026-06-07 13:22:53",0.00073,12.501265525817871,1374.0,1374.0,1374.0,-0.0390625,-0.01953125,0.01953125,"1,1,1,1,1,1,1"
"2026-06-07 13:22:53",0.00074,12.486076354980469,1374.0,1374.0,1374.0,-0.01953125,0.0,-0.01953125,"1,1,1,1,1,1,1"
"2026-06-07 13:22:53",0.00075,12.501265525817871,1374.0,1374.0,1374.0,0.01953125,0.01953125,-0.01953125,"1,1,1,1,1,1,1"
"2026-06-07 13:22:53",0.00076,12.486076354980469,1374.0,1374.0,1374.0,0.01953125,0.0,-0.01953125,"1,1,1,1,1,1,1"
"2026-06-07 13:22:53",0.00077,12.501265525817871,1374.0,1374.0,1374.0,-0.0390625,0.0,-0.01953125,"1,1,1,1,1,1,1"
"2026-06-07 13:22:53",0.00078,12.486076354980469,1374.0,1374.0,1374.0,-0.0390625,0.01953125,-0.0390625,"1,1,1,1,1,1,1"
"2026-06-07 13:22:53",0.00079,12.501265525817871,1374.0,1374.0,1374.0,-0.05859375,-0.0390625,-0.0390625,"1,1,1,1,1,1,1"
"2026-06-07 13:22:53",0.0008,12.501265525817871,1374.0,1374.0,1374.0,-0.0390625,-0.0390625,0.0,"1,1,1,1,1,1,1"
"2026-06-07 13:22:53",0.00081,12.501265525817871,1374.0,1374.0,1374.0,-0.0390625,-0.01953125,-0.01953125,"1,1,1,1,1,1,1"
"2026-06-07 13:22:53",0.00082,12.486076354980469,1374.0,1374.0,1374.0,-0.0390625,-0.078125,0.01953125,"1,1,1,1,1,1,1"
"2026-06-07 13:22:53",0.00083,12.47088623046875,1374.0,1374.0,1374.0,-0.01953125,-0.01953125,0.0,"1,1,1,1,1,1,1"
"2026-06-07 13:22:53",0.00084,12.486076354980469,1374.0,1374.0,1374.0,-0.01953125,0.0,-0.01953125,"1,1,1,1,1,1,1"
"2026-06-07 13:22:53",0.00085,12.486076354980469,1374.0,1374.0,1374.0,-0.01953125,-0.01953125,0.01953125,"1,1,1,1,1,1,1"
"2026-06-07 13:22:53",0.00086,12.486076354980469,1374.0,1374.0,1374.0,-0.01953125,0.01953125,0.0390625,"1,1,1,1,1,1,1"
"2026-06-07 13:22:53",0.00087,12.47088623046875,1374.0,1374.0,1374.0,-0.01953125,-0.01953125,0.01953125,"1,1,1,1,1,1,1"
"2026-06-07 13:22:53",0.00088,12.486076354980469,1374.0,1374.0,1374.0,-0.01953125,-0.01953125,0.01953125,"1,1,1,1,1,1,1"
"2026-06-07 13:22:53",0.00089,12.501265525817871,1374.0,1374.0,1374.0,-0.01953125,0.01953125,0.01953125,"1,1,1,1,1,1,1"
"2026-06-07 13:22:53",0.0009,12.501265525817871,1374.0,1374.0,1374.0,-0.01953125,0.0,0.01953125,"1,1,1,1,1,1,1"
"2026-06-07 13:22:53",0.00091,12.486076354980469,1374.0,1374.0,1374.0,-0.0,0.0,0.01953125,"1,1,1,1,1,1,1"
"2026-06-07 13:22:53",0.00092,12.501265525817871,1374.0,1374.0,1374.0,-0.0390625,0.01953125,0.0390625,"1,1,1,1,1,1,1"
"2026-06-07 13:22:53",0.00093,12.47088623046875,1374.0,1374.0,1374.0,-0.078125,0.01953125,0.0,"1,1,1,1,1,1,1"
"2026-06-07 13:22:53",0.00094,12.501265525817871,1374.0,1374.0,1374.0,-0.05859375,0.0,0.0,"1,1,1,1,1,1,1"
"2026-06-07 13:22:53",0.00095,12.486076354980469,1374.0,1374.0,1374.0,-0.05859375,0.0,-0.01953125,"1,1,1,1,1,1,1"
"2026-06-07 13:22:53",0.00096,12.455696105957031,1374.0,1374.0,1374.0,-0.05859375,-0.01953125,-0.01953125,"1,1,1,1,1,1,1"
"2026-06-07 13:22:53",0.00097,12.47088623046875,1374.0,1374.0,1374.0,-0.05859375,0.01953125,0.0,"1,1,1,1,1,1,1"
"2026-06-07 13:22:53",0.00098,12.501265525817871,1374.0,1374.0,1374.0,-0.05859375,0.0,0.0,"1,1,1,1,1,1,1"
"2026-06-07 13:22:53",0.00099,12.501265525817871,1374.0,1374.0,1374.0,-0.01953125,0.0390625,0.0,"1,1,1,1,1,1,1"
"2026-06-07 13:22:53",0.001,12.486076354980469,1374.0,1374.0,1374.0,-0.01953125,0.01953125,0.01953125,"1,1,1,1,1,1,1"
"2026-06-07 13:22:53",0.00101,12.486076354980469,1374.0,1374.0,1374.0,-0.05859375,0.01953125,0.0390625,"1,1,1,1,1,1,1"
"2026-06-07 13:22:53",0.00102,12.486076354980469,1374.0,1374.0,1374.0,-0.05859375,0.0,0.01953125,"1,1,1,1,1,1,1"
"2026-06-07 13:22:53",0.00103,12.486076354980469,1374.0,1374.0,1374.0,-0.0390625,0.01953125,0.01953125,"1,1,1,1,1,1,1"
"2026-06-07 13:22:53",0.00104,12.486076354980469,1374.0,1374.0,1374.0,-0.01953125,0.0,-0.01953125,"1,1,1,1,1,1,1"
"2026-06-07 13:22:53",0.00105,12.486076354980469,1374.0,1374.0,1374.0,-0.0390625,-0.01953125,-0.0390625,"1,1,1,1,1,1,1"
"2026-06-07 13:22:53",0.00106,12.486076354980469,1374.0,1374.0,1374.0,-0.01953125,0.0,0.0,"1,1,1,1,1,1,1"
"2026-06-07 13:22:53",0.00107,12.501265525817871,1374.0,1374.0,1374.0,-0.05859375,0.01953125,0.0,"1,1,1,1,1,1,1"
"2026-06-07 13:22:53",0.00108,12.501265525817871,1374.0,1374.0,1374.0,-0.05859375,0.01953125,0.0,"1,1,1,1,1,1,1"
"2026-06-07 13:22:53",0.00109,12.501265525817871,1374.0,1374.0,1374.0,-0.09765625,-0.01953125,0.01953125,"1,1,1,1,1,1,1"
"2026-06-07 13:22:53",0.0011,12.486076354980469,1374.0,1374.0,1374.0,-0.05859375,-0.01953125,0.01953125,"1,1,1,1,1,1,1"
"2026-06-07 13:22:53",0.00111,12.47088623046875,1374.0,1374.0,1374.0,-0.05859375,-0.0390625,0.0,"1,1,1,1,1,1,1"
"2026-06-07 13:22:53",0.00112,12.486076354980469,1374.0,1374.0,1374.0,-0.05859375,0.0,0.0,"1,1,1,1,1,1,1"
"2026-06-07 13:22:53",0.00113,12.486076354980469,1374.0,1374.0,1374.0,-0.05859375,0.0,-0.01953125,"1,1,1,1,1,1,1"
"2026-06-07 13:22:53",0.00114,12.47088623046875,1374.0,1374.0,1374.0,-0.05859375,0.01953125,0.0390625,"1,1,1,1,1,1,1"
"2026-06-07 13:22:53",0.00115,12.47088623046875,1374.0,1374.0,1374.0,-0.0390625,0.01953125,0.0390625,"1,1,1,1,1,1,1"
"2026-06-07 13:22:53",0.00116,12.486076354980469,1374.0,1374.0,1374.0,-0.0,0.0,0.05859375,"1,1,1,1,1,1,1"
"2026-06-07 13:22:53",0.00117,12.486076354980469,1374.0,1374.0,1374.0,-0.0,0.01953125,0.01953125,"1,1,1,1,1,1,1"
"2026-06-07 13:22:53",0.00118,12.501265525817871,1374.0,1374.0,1374.0,-0.01953125,-0.01953125,0.01953125,"1,1,1,1,1,1,1"
"2026-06-07 13:22:53",0.00119,12.486076354980469,1374.0,1374.0,1374.0,-0.0,-0.01953125,0.0390625,"1,1,1,1,1,1,1"
"2026-06-07 13:22:53",0.0012,12.501265525817871,1374.0,1374.0,1374.0,-0.01953125,-0.01953125,0.01953125,"1,1,1,1,1,1,1"
"2026-06-07 13:22:53",0.00121,12.501265525817871,1374.0,1374.0,1374.0,-0.0,-0.01953125,0.01953125,"1,1,1,1,1,1,1"
"2026-06-07 13:22:53",0.00122,12.501265525817871,1374.0,1374.0,1374.0,-0.0390625,-0.05859375,0.0390625,"1,1,1,1,1,1,1"
"2026-06-07 13:22:53",0.00123,12.501265525817871,1374.0,1374.0,1374.0,-0.0390625,-0.01953125,0.0390625,"1,1,1,1,1,1,1"
"2026-06-07 13:22:53",0.00124,12.501265525817871,1374.0,1374.0,1374.0,-0.0390625,0.0,0.0390625,"1,1,1,1,1,1,1"
"2026-06-07 13:22:53",0.00125,12.486076354980469,1374.0,1374.0,1374.0,-0.0,-0.01953125,0.01953125,"1,1,1,1,1,1,1"
"2026-06-07 13:22:53",0.00126,12.486076354980469,1374.0,1374.0,1374.0,-0.01953125,-0.0390625,0.0,"1,1,1,1,1,1,1"
"2026-06-07 13:22:53",0.00127,12.486076354980469,1374.0,1374.0,1374.0,-0.01953125,-0.0390625,0.01953125,"1,1,1,1,1,1,1"
"2026-06-07 13:22:53",0.00128,12.47088623046875,1374.0,1374.0,1374.0,-0.0390625,0.0,-0.01953125,"1,1,1,1,1,1,1"
"2026-06-07 13:22:53",0.00129,12.47088623046875,1374.0,1374.0,1374.0,-0.01953125,-0.0390625,-0.01953125,"1,1,1,1,1,1,1"
"2026-06-07 13:22:53",0.0013,12.486076354980469,1374.0,1374.0,1374.0,-0.0,-0.05859375,0.01953125,"1,1,1,1,1,1,1"
"2026-06-07 13:22:53",0.00131,12.47088623046875,1374.0,1374.0,1374.0,-0.01953125,-0.0390625,0.01953125,"1,1,1,1,1,1,1"
"2026-06-07 13:22:53",0.00132,12.47088623046875,1374.0,1374.0,1374.0,-0.0390625,-0.05859375,0.0390625,"1,1,1,1,1,1,1"
"2026-06-07 13:22:53",0.00133,12.486076354980469,1374.0,1374.0,1374.0,-0.05859375,-0.01953125,0.0,"1,1,1,1,1,1,1"
"2026-06-07 13:22:53",0.00134,12.501265525817871,1374.0,1374.0,1374.0,-0.0390625,0.0,-0.01953125,"1,1,1,1,1,1,1"
"2026-06-07 13:22:53",0.00135,12.486076354980469,1374.0,1374.0,1374.0,-0.05859375,0.0,0.0,"1,1,1,1,1,1,1"
"2026-06-07 13:22:53",0.00136,12.501265525817871,1374.0,1374.0,1374.0,-0.0,0.01953125,0.0,"1,1,1,1,1,1,1"
"2026-06-07 13:22:53",0.00137,12.486076354980469,1374.0,1374.0,1374.0,-0.01953125,-0.01953125,0.0,"1,1,1,1,1,1,1"
"2026-06-07 13:22:53",0.00138,12.501265525817871,1374.0,1374.0,1374.0,-0.05859375,0.01953125,0.0,"1,1,1,1,1,1,1"
"2026-06-07 13:22:53",0.00139,12.501265525817871,1374.0,1374.0,1374.0,-0.01953125,0.01953125,0.0390625,"1,1,1,1,1,1,1"
"2026-06-07 13:22:53",0.0014,12.486076354980469,1374.0,1374.0,1374.0,-0.01953125,0.01953125,0.0,"1,1,1,1,1,1,1"
"2026-06-07 13:22:53",0.00141,12.486076354980469,1374.0,1374.0,1374.0,-0.0390625,0.01953125,0.05859375,"1,1,1,1,1,1,1"
"2026-06-07 13:22:53",0.00142,12.486076354980469,1374.0,1374.0,1374.0,-0.0390625,0.0,0.01953125,"1,1,1,1,1,1,1"
"2026-06-07 13:22:53",0.00143,12.47088623046875,1374.0,1374.0,1374.0,-0.0390625,0.01953125,0.0390625,"1,1,1,1,1,1,1"
"2026-06-07 13:22:53",0.00144,12.501265525817871,1374.0,1374.0,1374.0,-0.0390625,-0.0390625,0.0390625,"1,1,1,1,1,1,1"
"2026-06-07 13:22:53",0.00145,12.501265525817871,1374.0,1374.0,1374.0,-0.01953125,0.01953125,0.0390625,"1,1,1,1,1,1,1"
"2026-06-07 13:22:53",0.00146,12.47088623046875,1374.0,1374.0,1374.0,-0.01953125,0.0,0.0,"1,1,1,1,1,1,1"
"2026-06-07 13:22:53",0.00147,12.486076354980469,1374.0,1374.0,1374.0,-0.0390625,-0.01953125,0.01953125,"1,1,1,1,1,1,1"
"2026-06-07 13:22:53",0.00148,12.501265525817871,1374.0,1374.0,1374.0,-0.01953125,0.0,0.0,"1,1,1,1,1,1,1"
"2026-06-07 13:22:53",0.00149,12.501265525817871,1374.0,1374.0,1374.0,-0.0390625,0.0390625,0.01953125,"1,1,1,1,1,1,1"
"2026-06-07 13:22:53",0.0015,12.486076354980469,1374.0,1374.0,1374.0,-0.0,0.01953125,0.01953125,"1,1,1,1,1,1,1"
"2026-06-07 13:22:53",0.00151,12.501265525817871,1374.0,1374.0,1374.0,-0.0390625,0.0,-0.01953125,"1,1,1,1,1,1,1"
"2026-06-07 13:22:53",0.00152,12.501265525817871,1374.0,1374.0,1374.0,-0.01953125,0.0,-0.01953125,"1,1,1,1,1,1,1"
"2026-06-07 13:22:53",0.00153,12.486076354980469,1374.0,1374.0,1374.0,-0.0390625,0.01953125,-0.01953125,"1,1,1,1,1,1,1"
"2026-06-07 13:22:53",0.00154,12.486076354980469,1374.0,1374.0,1374.0,-0.01953125,-0.01953125,-0.01953125,"1,1,1,1,1,1,1"
"2026-06-07 13:22:53",0.00155,12.531645774841309,1374.0,1374.0,1374.0,-0.0390625,-0.01953125,0.0,"1,1,1,1,1,1,1"
"2026-06-07 13:22:53",0.00156,12.486076354980469,1374.0,1374.0,1374.0,-0.0390625,0.0,0.0,"1,1,1,1,1,1,1"
"2026-06-07 13:22:53",0.00157,12.501265525817871,1374.0,1374.0,1374.0,-0.01953125,0.0,0.0390625,"1,1,1,1,1,1,1"
"2026-06-07 13:22:53",0.00158,12.501265525817871,1374.0,1374.0,1374.0,-0.01953125,0.0390625,0.01953125,"1,1,1,1,1,1,1"
"2026-06-07 13:22:53",0.00159,12.501265525817871,1374.0,1374.0,1374.0,-0.01953125,0.0390625,0.05859375,"1,1,1,1,1,1,1"
"2026-06-07 13:22:53",0.0016,12.47088623046875,1374.0,1374.0,1374.0,-0.0390625,0.01953125,0.0,"1,1,1,1,1,1,1"
"2026-06-07 13:22:53",0.00161,12.47088623046875,1374.0,1374.0,1374.0,-0.0,0.0390625,0.01953125,"1,1,1,1,1,1,1"
"2026-06-07 13:22:53",0.00162,12.501265525817871,1374.0,1374.0,1374.0,-0.01953125,-0.01953125,0.0,"1,1,1,1,1,1,1"
"2026-06-07 13:22:53",0.00163,12.486076354980469,1374.0,1374.0,1374.0,-0.01953125,0.0,0.0390625,"1,1,1,1,1,1,1"
"2026-06-07 13:22:53",0.00164,12.486076354980469,1374.0,1374.0,1374.0,-0.0,0.0,-0.01953125,"1,1,1,1,1,1,1"
"2026-06-07 13:22:53",0.00165,12.486076354980469,1374.0,1374.0,1374.0,-0.01953125,0.0,0.0390625,"1,1,1,1,1,1,1"
"2026-06-07 13:22:53",0.00166,12.501265525817871,1374.0,1374.0,1374.0,-0.01953125,-0.05859375,-0.01953125,"1,1,1,1,1,1,1"
"2026-06-07 13:22:53",0.00167,12.501265525817871,1374.0,1374.0,1374.0,-0.0390625,0.01953125,0.0,"1,1,1,1,1,1,1"
"2026-06-07 13:22:53",0.00168,12.486076354980469,1374.0,1374.0,1374.0,-0.0390625,-0.01953125,0.0390625,"1,1,1,1,1,1,1"
"2026-06-07 13:22:53",0.00169,12.47088623046875,1374.0,1374.0,1374.0,-0.0390625,-0.01953125,0.0,"1,1,1,1,1,1,1"
"2026-06-07 13:22:53",0.0017,12.486076354980469,1374.0,1374.0,1374.0,-0.0390625,-0.01953125,-0.01953125,"1,1,1,1,1,1,1"
"2026-06-07 13:22:53",0.00171,12.622784614562988,1374.0,1374.0,1374.0,-0.0390625,-0.0390625,0.0,"1,1,1,1,1,1,1"
"2026-06-07 13:22:53",0.00172,12.501265525817871,1374.0,1374.0,1374.0,-0.0390625,-0.01953125,-0.01953125,"1,1,1,1,1,1,1"
"2026-06-07 13:22:53",0.00173,12.394936561584473,1374.0,1374.0,1374.0,-0.0390625,0.0,-0.01953125,"1,1,1,1,1,1,1"
"2026-06-07 13:22:53",0.00174,12.531645774841309,1374.0,1374.0,1374.0,-0.0390625,0.0,-0.01953125,"1,1,1,1,1,1,1"
"2026-06-07 13:22:53",0.00175,12.531645774841309,1374.0,1374.0,1374.0,-0.0,0.0,-0.01953125,"1,1,1,1,1,1,1"
"2026-06-07 13:22:53",0.00176,12.577215194702148,1374.0,1374.0,1374.0,-0.0,0.0,0.0,"1,1,1,1,1,1,1"
"2026-06-07 13:22:53",0.00177,12.56202507019043,1374.0,1374.0,1374.0,-0.0,-0.0390625,0.0,"1,1,1,1,1,1,1"
"2026-06-07 13:22:53",0.00178,12.51645565032959,1374.0,1374.0,1374.0,-0.01953125,0.0,0.01953125,"1,1,1,1,1,1,1"
"2026-06-07 13:22:53",0.00179,12.546835899353027,1374.0,1374.0,1374.0,-0.01953125,0.0,0.0,"1,1,1,1,1,1,1"
"2026-06-07 13:22:53",0.0018,12.531645774841309,1374.0,1374.0,1374.0,-0.0390625,0.0,-0.01953125,"1,1,1,1,1,1,1"
"2026-06-07 13:22:53",0.00181,12.51645565032959,1374.0,1374.0,1374.0,-0.078125,0.0,-0.01953125,"1,1,1,1,1,1,1"
"2026-06-07 13:22:53",0.00182,12.501265525817871,1374.0,1374.0,1374.0,-0.05859375,-0.01953125,-0.01953125,"1,1,1,1,1,1,1"
"2026-06-07 13:22:53",0.00183,12.51645565032959,1374.0,1374.0,1374.0,-0.0390625,-0.0390625,-0.01953125,"1,1,1,1,1,1,1"
"2026-06-07 13:22:53",0.00184,12.51645565032959,1374.0,1374.0,1374.0,-0.01953125,-0.01953125,0.0,"1,1,1,1,1,1,1"
"2026-06-07 13:22:53",0.00185,12.51645565032959,1374.0,1374.0,1374.0,-0.0,-0.01953125,0.0,"1,1,1,1,1,1,1"
"2026-06-07 13:22:53",0.00186,12.501265525817871,1374.0,1374.0,1374.0,-0.0390625,-0.01953125,-0.01953125,"1,1,1,1,1,1,1"
"2026-06-07 13:22:53",0.00187,12.501265525817871,1374.0,1374.0,1374.0,-0.01953125,0.01953125,-0.01953125,"1,1,1,1,1,1,1"
"2026-06-07 13:22:53",0.00188,12.501265525817871,1374.0,1374.0,1374.0,-0.01953125,0.01953125,-0.01953125,"1,1,1,1,1,1,1"
"2026-06-07 13:22:53",0.00189,12.501265525817871,1374.0,1374.0,1374.0,-0.0390625,0.0390625,-0.01953125,"1,1,1,1,1,1,1"
"2026-06-07 13:22:53",0.0019,12.501265525817871,1374.0,1374.0,1374.0,-0.0,0.01953125,0.0,"1,1,1,1,1,1,1"
"2026-06-07 13:22:53",0.00191,12.51645565032959,1374.0,1374.0,1374.0,-0.01953125,-0.01953125,0.0,"1,1,1,1,1,1,1"
"2026-06-07 13:22:53",0.00192,12.47088623046875,1374.0,1374.0,1374.0,-0.01953125,-0.01953125,0.0,"1,1,1,1,1,1,1"
"2026-06-07 13:22:53",0.00193,12.486076354980469,1374.0,1374.0,1374.0,-0.0390625,-0.01953125,0.0,"1,1,1,1,1,1,1"
"2026-06-07 13:22:53",0.00194,12.501265525817871,1374.0,1374.0,1374.0,-0.01953125,-0.01953125,0.01953125,"1,1,1,1,1,1,1"
"2026-06-07 13:22:53",0.00195,12.501265525817871,1374.0,1374.0,1374.0,-0.0390625,-0.01953125,0.01953125,"1,1,1,1,1,1,1"
"2026-06-07 13:22:53",0.00196,12.501265525817871,1374.0,1374.0,1374.0,-0.01953125,-0.0390625,0.01953125,"1,1,1,1,1,1,1"
"2026-06-07 13:22:53",0.00197,12.47088623046875,1374.0,1374.0,1374.0,-0.01953125,-0.0390625,0.01953125,"1,1,1,1,1,1,1"
"2026-06-07 13:22:53",0.00198,12.501265525817871,1374.0,1374.0,1374.0,-0.01953125,-0.0390625,0.01953125,"1,1,1,1,1,1,1"
"2026-06-07 13:22:53",0.00199,12.501265525817871,1374.0,1374.0,1374.0,-0.05859375,-0.01953125,0.0390625,"1,1,1,1,1,1,1"
"2026-06-07 13:22:53",0.002,12.501265525817871,1374.0,1374.0,1374.0,-0.0,-0.01953125,0.01953125,"1,1,1,1,1,1,1"
"2026-06-07 13:22:53",0.00201,12.47088623046875,1374.0,1374.0,1374.0,-0.01953125,0.01953125,0.01953125,"1,1,1,1,1,1,1"
"2026-06-07 13:22:53",0.00202,12.501265525817871,1374.0,1374.0,1374.0,-0.0,0.01953125,0.0390625,"1,1,1,1,1,1,1"
"2026-06-07 13:22:53",0.00203,12.501265525817871,1374.0,1374.0,1374.0,-0.01953125,0.01953125,0.01953125,"1,1,1,1,1,1,1"
"2026-06-07 13:22:53",0.00204,12.501265525817871,1374.0,1374.0,1374.0,-0.0390625,0.01953125,0.0,"1,1,1,1,1,1,1"
"2026-06-07 13:22:53",0.00205,12.501265525817871,1374.0,1374.0,1374.0,-0.01953125,-0.0390625,0.0390625,"1,1,1,1,1,1,1"
"2026-06-07 13:22:53",0.00206,12.501265525817871,1374.0,1374.0,1374.0,-0.0,0.01953125,0.0390625,"1,1,1,1,1,1,1"
"2026-06-07 13:22:53",0.00207,12.47088623046875,1374.0,1374.0,1374.0,-0.0,-0.01953125,0.0390625,"1,1,1,1,1,1,1"
"2026-06-07 13:22:53",0.00208,12.501265525817871,1374.0,1374.0,1374.0,-0.0390625,-0.0390625,0.0390625,"1,1,1,1,1,1,1"
"2026-06-07 13:22:53",0.00209,12.501265525817871,1374.0,1374.0,1374.0,-0.0390625,-0.01953125,-0.01953125,"1,1,1,1,1,1,1"
"2026-06-07 13:22:53",0.0021,12.501265525817871,1374.0,1374.0,1374.0,-0.0,-0.01953125,-0.01953125,"1,1,1,1,1,1,1"
"2026-06-07 13:22:53",0.00211,12.486076354980469,1374.0,1374.0,1374.0,-0.01953125,-0.0390625,0.0,"1,1,1,1,1,1,1"
"2026-06-07 13:22:53",0.00212,12.486076354980469,1374.0,1374.0,1374.0,-0.01953125,-0.0390625,0.0,"1,1,1,1,1,1,1"
"2026-06-07 13:22:53",0.00213,12.501265525817871,1374.0,1374.0,1374.0,-0.01953125,-0.01953125,0.01953125,"1,1,1,1,1,1,1"
"2026-06-07 13:22:53",0.00214,12.47088623046875,1374.0,1374.0,1374.0,-0.0390625,0.0,0.0,"1,1,1,1,1,1,1"
"2026-06-07 13:22:53",0.00215,12.486076354980469,1374.0,1374.0,1374.0,-0.01953125,-0.01953125,0.0,"1,1,1,1,1,1,1"
"2026-06-07 13:22:53",0.00216,12.501265525817871,1374.0,1374.0,1374.0,-0.0390625,0.0,0.01953125,"1,1,1,1,1,1,1"
"2026-06-07 13:22:53",0.00217,12.486076354980469,1374.0,1374.0,1374.0,-0.05859375,0.01953125,0.0,"1,1,1,1,1,1,1"
"2026-06-07 13:22:53",0.00218,12.486076354980469,1374.0,1374.0,1374.0,0.01953125,0.0390625,0.01953125,"1,1,1,1,1,1,1"
"2026-06-07 13:22:53",0.00219,12.501265525817871,1374.0,1374.0,1374.0,-0.0,0.01953125,0.01953125,"1,1,1,1,1,1,1"
"2026-06-07 13:22:53",0.0022,12.486076354980469,1374.0,1374.0,1374.0,-0.01953125,0.0,0.0,"1,1,1,1,1,1,1"
"2026-06-07 13:22:53",0.00221,12.501265525817871,1374.0,1374.0,1374.0,-0.0,0.0,0.0390625,"1,1,1,1,1,1,1"
"2026-06-07 13:22:53",0.00222,12.486076354980469,1374.0,1374.0,1374.0,-0.0390625,0.01953125,0.01953125,"1,1,1,1,1,1,1"
"2026-06-07 13:22:53",0.00223,12.501265525817871,1374.0,1374.0,1374.0,-0.0390625,-0.01953125,-0.01953125,"1,1,1,1,1,1,1"
"2026-06-07 13:22:53",0.00224,12.47088623046875,1374.0,1374.0,1374.0,-0.05859375,0.0,0.0390625,"1,1,1,1,1,1,1"
"2026-06-07 13:22:53",0.00225,12.501265525817871,1374.0,1374.0,1374.0,-0.05859375,0.0,-0.01953125,"1,1,1,1,1,1,1"
"2026-06-07 13:22:53",0.00226,12.486076354980469,1374.0,1374.0,1374.0,-0.0390625,0.01953125,0.01953125,"1,1,1,1,1,1,1"
"2026-06-07 13:22:53",0.00227,12.486076354980469,1374.0,1374.0,1374.0,-0.0390625,0.0,0.01953125,"1,1,1,1,1,1,1"
"2026-06-07 13:22:53",0.00228,12.486076354980469,1374.0,1374.0,1374.0,-0.078125,0.0,0.0390625,"1,1,1,1,1,1,1"
"2026-06-07 13:22:53",0.00229,12.47088623046875,1374.0,1374.0,1374.0,-0.0390625,-0.01953125,0.0390625,"1,1,1,1,1,1,1"
"2026-06-07 13:22:53",0.0023,12.501265525817871,1374.0,1374.0,1374.0,-0.01953125,0.0,0.05859375,"1,1,1,1,1,1,1"
"2026-06-07 13:22:53",0.00231,12.501265525817871,1374.0,1374.0,1374.0,-0.01953125,0.01953125,0.05859375,"1,1,1,1,1,1,1"
"2026-06-07 13:22:53",0.00232,12.501265525817871,1374.0,1374.0,1374.0,-0.01953125,0.0,0.01953125,"1,1,1,1,1,1,1"
"2026-06-07 13:22:53",0.00233,12.486076354980469,1374.0,1374.0,1374.0,-0.01953125,0.0,0.01953125,"1,1,1,1,1,1,1"
"2026-06-07 13:22:53",0.00234,12.501265525817871,1374.0,1374.0,1374.0,-0.01953125,0.01953125,-0.01953125,"1,1,1,1,1,1,1"
"2026-06-07 13:22:53",0.00235,12.501265525817871,1374.0,1374.0,1374.0,-0.01953125,0.0,0.0,"1,1,1,1,1,1,1"
"2026-06-07 13:22:53",0.00236,12.501265525817871,1374.0,1374.0,1374.0,-0.01953125,0.0,0.0,"1,1,1,1,1,1,1"
"2026-06-07 13:22:53",0.00237,12.486076354980469,1374.0,1374.0,1374.0,-0.05859375,-0.01953125,0.01953125,"1,1,1,1,1,1,1"
"2026-06-07 13:22:53",0.00238,12.501265525817871,1374.0,1374.0,1374.0,-0.0390625,0.0,-0.01953125,"1,1,1,1,1,1,1"
"2026-06-07 13:22:53",0.00239,12.501265525817871,1374.0,1374.0,1374.0,-0.05859375,0.0,0.0,"1,1,1,1,1,1,1"
"2026-06-07 13:22:53",0.0024,12.486076354980469,1374.0,1374.0,1374.0,-0.05859375,0.01953125,0.0,"1,1,1,1,1,1,1"
"2026-06-07 13:22:53",0.00241,12.486076354980469,1374.0,1374.0,1374.0,-0.0390625,0.01953125,0.01953125,"1,1,1,1,1,1,1"
"2026-06-07 13:22:53",0.00242,12.486076354980469,1374.0,1374.0,1374.0,-0.0390625,0.0,0.0390625,"1,1,1,1,1,1,1"
"2026-06-07 13:22:53",0.00243,12.47088623046875,1374.0,1374.0,1374.0,-0.0,-0.0390625,-0.01953125,"1,1,1,1,1,1,1"
"2026-06-07 13:22:53",0.00244,12.486076354980469,1374.0,1374.0,1374.0,-0.0390625,-0.01953125,0.01953125,"1,1,1,1,1,1,1"
"2026-06-07 13:22:53",0.00245,12.501265525817871,1374.0,1374.0,1374.0,-0.0390625,0.01953125,0.0390625,"1,1,1,1,1,1,1"
"2026-06-07 13:22:53",0.00246,12.486076354980469,1374.0,1374.0,1374.0,-0.01953125,-0.0390625,0.0390625,"1,1,1,1,1,1,1"
"2026-06-07 13:22:53",0.00247,12.486076354980469,1374.0,1374.0,1374.0,-0.01953125,-0.01953125,0.01953125,"1,1,1,1,1,1,1"
"2026-06-07 13:22:53",0.00248,12.486076354980469,1374.0,1374.0,1374.0,-0.05859375,0.0,0.0,"1,1,1,1,1,1,1"
"2026-06-07 13:22:53",0.00249,12.486076354980469,1374.0,1374.0,1374.0,-0.078125,0.01953125,-0.01953125,"1,1,1,1,1,1,1"
"2026-06-07 13:22:53",0.0025,12.486076354980469,1374.0,1374.0,1374.0,-0.05859375,0.0,-0.01953125,"1,1,1,1,1,1,1"
"2026-06-07 13:22:53",0.00251,12.486076354980469,1374.0,1374.0,1374.0,-0.0390625,-0.0390625,-0.01953125,"1,1,1,1,1,1,1"
"2026-06-07 13:22:53",0.00252,12.47088623046875,1374.0,1374.0,1374.0,-0.078125,0.0,-0.01953125,"1,1,1,1,1,1,1"
"2026-06-07 13:22:53",0.00253,12.486076354980469,1374.0,1374.0,1374.0,-0.05859375,0.0,-0.01953125,"1,1,1,1,1,1,1"
"2026-06-07 13:22:53",0.00254,12.47088623046875,1374.0,1374.0,1374.0,-0.05859375,-0.0390625,0.0,"1,1,1,1,1,1,1"
"2026-06-07 13:22:53",0.00255,12.501265525817871,1374.0,1374.0,1374.0,-0.0390625,-0.0390625,0.01953125,"1,1,1,1,1,1,1"
"2026-06-07 13:22:53",0.00256,12.486076354980469,1374.0,1374.0,1374.0,-0.01953125,-0.0390625,0.0,"1,1,1,1,1,1,1"
"2026-06-07 13:22:53",0.00257,12.501265525817871,1374.0,1374.0,1374.0,-0.0390625,-0.01953125,0.0,"1,1,1,1,1,1,1"
"2026-06-07 13:22:53",0.00258,12.486076354980469,1374.0,1374.0,1374.0,-0.01953125,0.0,0.01953125,"1,1,1,1,1,1,1"
"2026-06-07 13:22:53",0.00259,12.501265525817871,1374.0,1374.0,1374.0,-0.0390625,0.0,0.01953125,"1,1,1,1,1,1,1"
"2026-06-07 13:22:53",0.0026,12.501265525817871,1374.0,1374.0,1374.0,-0.05859375,0.0,-0.01953125,"1,1,1,1,1,1,1"
"2026-06-07 13:22:53",0.00261,12.486076354980469,1374.0,1374.0,1374.0,-0.01953125,-0.01953125,0.0,"1,1,1,1,1,1,1"
"2026-06-07 13:22:53",0.00262,12.486076354980469,1374.0,1374.0,1374.0,-0.01953125,0.0,-0.01953125,"1,1,1,1,1,1,1"
"2026-06-07 13:22:53",0.00263,12.486076354980469,1374.0,1374.0,1374.0,-0.01953125,0.0,0.0,"1,1,1,1,1,1,1"
"2026-06-07 13:22:53",0.00264,12.501265525817871,1374.0,1374.0,1374.0,-0.05859375,-0.0390625,0.01953125,"1,1,1,1,1,1,1"
"2026-06-07 13:22:53",0.00265,12.47088623046875,1374.0,1374.0,1374.0,-0.0390625,-0.0390625,0.0,"1,1,1,1,1,1,1"
"2026-06-07 13:22:53",0.00266,12.501265525817871,1374.0,1374.0,1374.0,-0.0390625,-0.0390625,0.0390625,"1,1,1,1,1,1,1"
"2026-06-07 13:22:53",0.00267,12.486076354980469,1374.0,1374.0,1374.0,-0.0390625,-0.0390625,0.01953125,"1,1,1,1,1,1,1"
"2026-06-07 13:22:53",0.00268,12.501265525817871,1374.0,1374.0,1374.0,-0.01953125,0.01953125,0.0390625,"1,1,1,1,1,1,1"
"2026-06-07 13:22:53",0.00269,12.486076354980469,1374.0,1374.0,1374.0,-0.0390625,0.01953125,0.0390625,"1,1,1,1,1,1,1"
"2026-06-07 13:22:53",0.0027,12.501265525817871,1374.0,1374.0,1374.0,-0.0390625,0.01953125,0.0390625,"1,1,1,1,1,1,1"
"2026-06-07 13:22:53",0.00271,12.486076354980469,1374.0,1374.0,1374.0,-0.0390625,0.0,0.01953125,"1,1,1,1,1,1,1"
"2026-06-07 13:22:53",0.00272,12.501265525817871,1374.0,1374.0,1374.0,-0.05859375,-0.01953125,0.01953125,"1,1,1,1,1,1,1"
"2026-06-07 13:22:53",0.00273,12.47088623046875,1374.0,1374.0,1374.0,-0.05859375,0.01953125,0.01953125,"1,1,1,1,1,1,1"
"2026-06-07 13:22:53",0.00274,12.47088623046875,1374.0,1374.0,1374.0,-0.05859375,0.01953125,0.01953125,"1,1,1,1,1,1,1"
"2026-06-07 13:22:53",0.00275,12.47088623046875,1374.0,1374.0,1374.0,-0.01953125,0.01953125,-0.05859375,"1,1,1,1,1,1,1"
"2026-06-07 13:22:53",0.00276,12.486076354980469,1374.0,1374.0,1374.0,-0.0,0.0,-0.01953125,"1,1,1,1,1,1,1"
"2026-06-07 13:22:53",0.00277,12.501265525817871,1374.0,1374.0,1374.0,-0.0,-0.01953125,-0.01953125,"1,1,1,1,1,1,1"
"2026-06-07 13:22:53",0.00278,12.486076354980469,1374.0,1374.0,1374.0,-0.0390625,0.0,0.0,"1,1,1,1,1,1,1"
"2026-06-07 13:22:53",0.00279,12.486076354980469,1374.0,1374.0,1374.0,-0.0,0.0,0.01953125,"1,1,1,1,1,1,1"
"2026-06-07 13:22:53",0.0028,12.501265525817871,1374.0,1374.0,1374.0,-0.0390625,-0.01953125,0.0,"1,1,1,1,1,1,1"
"2026-06-07 13:22:53",0.00281,12.486076354980469,1374.0,1374.0,1374.0,-0.01953125,-0.01953125,0.0,"1,1,1,1,1,1,1"
"2026-06-07 13:22:53",0.00282,12.486076354980469,1374.0,1374.0,1374.0,-0.01953125,0.0,0.01953125,"1,1,1,1,1,1,1"
"2026-06-07 13:22:53",0.00283,12.47088623046875,1374.0,1374.0,1374.0,-0.0390625,0.0,-0.01953125,"1,1,1,1,1,1,1"
"2026-06-07 13:22:53",0.00284,12.47088623046875,1374.0,1374.0,1374.0,-0.01953125,-0.01953125,0.01953125,"1,1,1,1,1,1,1"
"2026-06-07 13:22:53",0.00285,12.486076354980469,1374.0,1374.0,1374.0,-0.0,-0.01953125,0.01953125,"1,1,1,1,1,1,1"
"2026-06-07 13:22:53",0.00286,12.486076354980469,1374.0,1374.0,1374.0,-0.0,0.0,-0.01953125,"1,1,1,1,1,1,1"
"2026-06-07 13:22:53",0.00287,12.501265525817871,1374.0,1374.0,1374.0,-0.0,0.0,-0.01953125,"1,1,1,1,1,1,1"
"2026-06-07 13:22:53",0.00288,12.47088623046875,1374.0,1374.0,1374.0,-0.01953125,-0.0390625,-0.01953125,"1,1,1,1,1,1,1"
"2026-06-07 13:22:53",0.00289,12.486076354980469,1374.0,1374.0,1374.0,-0.0390625,0.0,0.0,"1,1,1,1,1,1,1"
"2026-06-07 13:22:53",0.0029,12.455696105957031,1374.0,1374.0,1374.0,-0.01953125,-0.01953125,0.0390625,"1,1,1,1,1,1,1"
"2026-06-07 13:22:53",0.00291,12.501265525817871,1374.0,1374.0,1374.0,-0.01953125,-0.01953125,0.0390625,"1,1,1,1,1,1,1"
"2026-06-07 13:22:53",0.00292,12.501265525817871,1374.0,1374.0,1374.0,-0.01953125,0.0,0.01953125,"1,1,1,1,1,1,1"
"2026-06-07 13:22:53",0.00293,12.501265525817871,1374.0,1374.0,1374.0,-0.0390625,0.01953125,0.0390625,"1,1,1,1,1,1,1"
"2026-06-07 13:22:53",0.00294,12.47088623046875,1374.0,1374.0,1374.0,0.01953125,0.01953125,-0.01953125,"1,1,1,1,1,1,1"
"2026-06-07 13:22:53",0.00295,12.486076354980469,1374.0,1374.0,1374.0,-0.01953125,0.0,0.0,"1,1,1,1,1,1,1"
"2026-06-07 13:22:53",0.00296,12.486076354980469,1374.0,1374.0,1374.0,-0.0,-0.01953125,-0.01953125,"1,1,1,1,1,1,1"
"2026-06-07 13:22:53",0.00297,12.47088623046875,1374.0,1374.0,1374.0,-0.0390625,0.0,0.0,"1,1,1,1,1,1,1"
"2026-06-07 13:22:53",0.00298,12.486076354980469,1374.0,1374.0,1374.0,-0.0390625,0.0,0.0,"1,1,1,1,1,1,1"
"2026-06-07 13:22:53",0.00299,12.486076354980469,1374.0,1374.0,1374.0,-0.01953125,0.0,-0.01953125,"1,1,1,1,1,1,1"
"2026-06-07 13:22:53",0.003,12.486076354980469,1374.0,1374.0,1374.0,-0.0390625,0.0,0.01953125,"1,1,1,1,1,1,1"
"2026-06-07 13:22:53",0.00301,12.47088623046875,1374.0,1374.0,1374.0,-0.05859375,0.01953125,0.0,"1,1,1,1,1,1,1"
"2026-06-07 13:22:53",0.00302,12.486076354980469,1374.0,1374.0,1374.0,-0.0390625,-0.01953125,0.01953125,"1,1,1,1,1,1,1"
"2026-06-07 13:22:53",0.00303,12.486076354980469,1374.0,1374.0,1374.0,-0.0390625,-0.0390625,0.0,"1,1,1,1,1,1,1"
"2026-06-07 13:22:53",0.00304,12.486076354980469,1374.0,1374.0,1374.0,-0.05859375,-0.0390625,-0.01953125,"1,1,1,1,1,1,1"
"2026-06-07 13:22:53",0.00305,12.486076354980469,1374.0,1374.0,1374.0,-0.01953125,-0.0390625,-0.01953125,"1,1,1,1,1,1,1"
"2026-06-07 13:22:53",0.00306,12.486076354980469,1374.0,1374.0,1374.0,-0.05859375,-0.01953125,0.01953125,"1,1,1,1,1,1,1"
"2026-06-07 13:22:53",0.00307,12.47088623046875,1374.0,1374.0,1374.0,-0.05859375,-0.01953125,0.01953125,"1,1,1,1,1,1,1"
"2026-06-07 13:22:53",0.00308,12.501265525817871,1374.0,1374.0,1374.0,-0.0390625,-0.01953125,0.01953125,"1,1,1,1,1,1,1"
"2026-06-07 13:22:53",0.00309,12.486076354980469,1374.0,1374.0,1374.0,-0.0390625,0.0,0.01953125,"1,1,1,1,1,1,1"
"2026-06-07 13:22:53",0.0031,12.486076354980469,1374.0,1374.0,1374.0,-0.0,0.0,0.01953125,"1,1,1,1,1,1,1"
"2026-06-07 13:22:53",0.00311,12.47088623046875,1374.0,1374.0,1374.0,-0.01953125,0.01953125,0.01953125,"1,1,1,1,1,1,1"
"2026-06-07 13:22:53",0.00312,12.486076354980469,1374.0,1374.0,1374.0,-0.05859375,0.01953125,0.01953125,"1,1,1,1,1,1,1"
"2026-06-07 13:22:53",0.00313,12.501265525817871,1374.0,1374.0,1374.0,-0.0390625,-0.01953125,0.01953125,"1,1,1,1,1,1,1"
"2026-06-07 13:22:53",0.00314,12.486076354980469,1374.0,1374.0,1374.0,-0.05859375,0.0,0.01953125,"1,1,1,1,1,1,1"
"2026-06-07 13:22:53",0.00315,12.486076354980469,1374.0,1374.0,1374.0,-0.0390625,0.01953125,-0.01953125,"1,1,1,1,1,1,1"
"2026-06-07 13:22:53",0.00316,12.47088623046875,1374.0,1374.0,1374.0,-0.01953125,-0.0390625,-0.01953125,"1,1,1,1,1,1,1"
"2026-06-07 13:22:53",0.00317,12.486076354980469,1374.0,1374.0,1374.0,-0.0390625,-0.01953125,0.01953125,"1,1,1,1,1,1,1"
"2026-06-07 13:22:53",0.00318,12.47088623046875,1374.0,1374.0,1374.0,-0.0390625,0.0,0.01953125,"1,1,1,1,1,1,1"
"2026-06-07 13:22:53",0.00319,12.486076354980469,1374.0,1374.0,1374.0,-0.01953125,0.0,0.01953125,"1,1,1,1,1,1,1"
"2026-06-07 13:22:53",0.0032,12.486076354980469,1374.0,1374.0,1374.0,-0.01953125,0.01953125,0.01953125,"1,1,1,1,1,1,1"
"2026-06-07 13:22:53",0.00321,12.486076354980469,1374.0,1374.0,1374.0,-0.01953125,0.0,-0.01953125,"1,1,1,1,1,1,1"
"2026-06-07 13:22:53",0.00322,12.486076354980469,1374.0,1374.0,1374.0,-0.0,0.0,-0.01953125,"1,1,1,1,1,1,1"
"2026-06-07 13:22:53",0.00323,12.486076354980469,1374.0,1374.0,1374.0,-0.01953125,0.01953125,-0.01953125,"1,1,1,1,1,1,1"
"2026-06-07 13:22:53",0.00324,12.486076354980469,1374.0,1374.0,1374.0,0.01953125,0.01953125,0.01953125,"1,1,1,1,1,1,1"
"2026-06-07 13:22:53",0.00325,12.501265525817871,1374.0,1374.0,1374.0,-0.0,0.0390625,-0.01953125,"1,1,1,1,1,1,1"
"2026-06-07 13:22:53",0.00326,12.486076354980469,1374.0,1374.0,1374.0,-0.0,0.0,-0.0390625,"1,1,1,1,1,1,1"
"2026-06-07 13:22:53",0.00327,12.486076354980469,1374.0,1374.0,1374.0,-0.0390625,0.01953125,0.0,"1,1,1,1,1,1,1"
"2026-06-07 13:22:53",0.00328,12.501265525817871,1374.0,1374.0,1374.0,-0.0,0.01953125,0.01953125,"1,1,1,1,1,1,1"
"2026-06-07 13:22:53",0.00329,12.486076354980469,1374.0,1374.0,1374.0,-0.0,0.01953125,0.01953125,"1,1,1,1,1,1,1"
"2026-06-07 13:22:53",0.0033,12.47088623046875,1374.0,1374.0,1374.0,-0.0390625,0.0,0.0,"1,1,1,1,1,1,1"
"2026-06-07 13:22:53",0.00331,12.486076354980469,1374.0,1374.0,1374.0,-0.05859375,0.0,0.01953125,"1,1,1,1,1,1,1"
"2026-06-07 13:22:53",0.00332,12.486076354980469,1374.0,1374.0,1374.0,-0.078125,0.0,0.01953125,"1,1,1,1,1,1,1"
"2026-06-07 13:22:53",0.00333,12.47088623046875,1374.0,1374.0,1374.0,-0.05859375,-0.01953125,0.01953125,"1,1,1,1,1,1,1"
"2026-06-07 13:22:53",0.00334,12.47088623046875,1374.0,1374.0,1374.0,-0.05859375,0.01953125,0.0,"1,1,1,1,1,1,1"
"2026-06-07 13:22:53",0.00335,12.47088623046875,1374.0,1374.0,1374.0,-0.0390625,0.0,-0.01953125,"1,1,1,1,1,1,1"
"2026-06-07 13:22:53",0.00336,12.486076354980469,1374.0,1374.0,1374.0,-0.0390625,0.0,-0.01953125,"1,1,1,1,1,1,1"
"2026-06-07 13:22:53",0.00337,12.47088623046875,1374.0,1374.0,1374.0,-0.01953125,0.0,0.01953125,"1,1,1,1,1,1,1"
"2026-06-07 13:22:53",0.00338,12.486076354980469,1374.0,1374.0,1374.0,-0.01953125,0.0,0.01953125,"1,1,1,1,1,1,1"
"2026-06-07 13:22:53",0.00339,12.486076354980469,1374.0,1374.0,1374.0,-0.01953125,0.0,0.0,"1,1,1,1,1,1,1"
"2026-06-07 13:22:53",0.0034,12.501265525817871,1374.0,1374.0,1374.0,-0.0390625,0.01953125,0.01953125,"1,1,1,1,1,1,1"
"2026-06-07 13:22:53",0.00341,12.486076354980469,1374.0,1374.0,1374.0,-0.05859375,0.01953125,0.01953125,"1,1,1,1,1,1,1"
"2026-06-07 13:22:53",0.00342,12.501265525817871,1374.0,1374.0,1374.0,-0.0390625,-0.01953125,0.01953125,"1,1,1,1,1,1,1"
"2026-06-07 13:22:53",0.00343,12.486076354980469,1374.0,1374.0,1374.0,-0.0390625,0.01953125,0.01953125,"1,1,1,1,1,1,1"
"2026-06-07 13:22:53",0.00344,12.486076354980469,1374.0,1374.0,1374.0,-0.05859375,-0.0390625,0.01953125,"1,1,1,1,1,1,1"
"2026-06-07 13:22:53",0.00345,12.501265525817871,1374.0,1374.0,1374.0,-0.05859375,-0.01953125,0.01953125,"1,1,1,1,1,1,1"
"2026-06-07 13:22:53",0.00346,12.486076354980469,1374.0,1374.0,1374.0,-0.0390625,-0.0390625,0.01953125,"1,1,1,1,1,1,1"
"2026-06-07 13:22:53",0.00347,12.455696105957031,1374.0,1374.0,1374.0,-0.01953125,-0.0390625,0.0390625,"1,1,1,1,1,1,1"
"2026-06-07 13:22:53",0.00348,12.47088623046875,1374.0,1374.0,1374.0,-0.0390625,-0.0390625,0.05859375,"1,1,1,1,1,1,1"
"2026-06-07 13:22:53",0.00349,12.501265525817871,1374.0,1374.0,1374.0,-0.0390625,0.0,0.0390625,"1,1,1,1,1,1,1"
"2026-06-07 13:22:53",0.0035,12.486076354980469,1374.0,1374.0,1374.0,-0.0390625,-0.01953125,0.01953125,"1,1,1,1,1,1,1"
"2026-06-07 13:22:53",0.00351,12.486076354980469,1374.0,1374.0,1374.0,-0.05859375,-0.0390625,0.0390625,"1,1,1,1,1,1,1"
"2026-06-07 13:22:53",0.00352,12.486076354980469,1374.0,1374.0,1374.0,-0.05859375,0.0,0.0390625,"1,1,1,1,1,1,1"
"2026-06-07 13:22:53",0.00353,12.486076354980469,1374.0,1374.0,1374.0,-0.0390625,-0.01953125,0.078125,"1,1,1,1,1,1,1"
"2026-06-07 13:22:53",0.00354,12.486076354980469,1374.0,1374.0,1374.0,-0.05859375,0.0,0.0390625,"1,1,1,1,1,1,1"
"2026-06-07 13:22:53",0.00355,12.47088623046875,1374.0,1374.0,1374.0,-0.01953125,0.0,0.0390625,"1,1,1,1,1,1,1"
"2026-06-07 13:22:53",0.00356,12.486076354980469,1374.0,1374.0,1374.0,-0.0390625,0.01953125,0.05859375,"1,1,1,1,1,1,1"
"2026-06-07 13:22:53",0.00357,12.486076354980469,1374.0,1374.0,1374.0,-0.01953125,0.01953125,0.01953125,"1,1,1,1,1,1,1"
"2026-06-07 13:22:53",0.00358,12.486076354980469,1374.0,1374.0,1374.0,-0.0390625,0.01953125,-0.01953125,"1,1,1,1,1,1,1"
"2026-06-07 13:22:53",0.00359,12.486076354980469,1374.0,1374.0,1374.0,-0.0390625,0.0,0.0,"1,1,1,1,1,1,1"
"2026-06-07 13:22:53",0.0036,12.486076354980469,1374.0,1374.0,1374.0,-0.0390625,0.01953125,0.0,"1,1,1,1,1,1,1"
"2026-06-07 13:22:53",0.00361,12.501265525817871,1374.0,1374.0,1374.0,-0.01953125,0.01953125,0.01953125,"1,1,1,1,1,1,1"
"2026-06-07 13:22:53",0.00362,12.486076354980469,1374.0,1374.0,1374.0,-0.05859375,0.01953125,0.0,"1,1,1,1,1,1,1"
"2026-06-07 13:22:53",0.00363,12.501265525817871,1374.0,1374.0,1374.0,-0.0,0.0,0.01953125,"1,1,1,1,1,1,1"
"2026-06-07 13:22:53",0.00364,12.501265525817871,1374.0,1374.0,1374.0,-0.01953125,-0.0390625,0.0,"1,1,1,1,1,1,1"
"2026-06-07 13:22:53",0.00365,12.486076354980469,1374.0,1374.0,1374.0,-0.0390625,0.0,0.0390625,"1,1,1,1,1,1,1"
"2026-06-07 13:22:53",0.00366,12.47088623046875,1374.0,1374.0,1374.0,-0.01953125,0.01953125,0.0,"1,1,1,1,1,1,1"
"2026-06-07 13:22:53",0.00367,12.501265525817871,1374.0,1374.0,1374.0,-0.05859375,0.0,-0.01953125,"1,1,1,1,1,1,1"
"2026-06-07 13:22:53",0.00368,12.486076354980469,1374.0,1374.0,1374.0,-0.01953125,-0.0390625,-0.01953125,"1,1,1,1,1,1,1"
"2026-06-07 13:22:53",0.00369,12.455696105957031,1374.0,1374.0,1374.0,-0.05859375,-0.0390625,0.0,"1,1,1,1,1,1,1"
"2026-06-07 13:22:53",0.0037,12.47088623046875,1374.0,1374.0,1374.0,-0.0390625,0.0,0.0390625,"1,1,1,1,1,1,1"
"2026-06-07 13:22:53",0.00371,12.486076354980469,1374.0,1374.0,1374.0,-0.01953125,0.0,0.01953125,"1,1,1,1,1,1,1"
"2026-06-07 13:22:53",0.00372,12.47088623046875,1374.0,1374.0,1374.0,-0.0390625,0.0,0.0,"1,1,1,1,1,1,1"
"2026-06-07 13:22:53",0.00373,12.455696105957031,1374.0,1374.0,1374.0,-0.01953125,-0.01953125,0.0,"1,1,1,1,1,1,1"
"2026-06-07 13:22:53",0.00374,12.455696105957031,1374.0,1374.0,1374.0,-0.01953125,-0.01953125,0.0,"1,1,1,1,1,1,1"
"2026-06-07 13:22:53",0.00375,12.501265525817871,1374.0,1374.0,1374.0,-0.01953125,-0.01953125,0.01953125,"1,1,1,1,1,1,1"
"2026-06-07 13:22:53",0.00376,12.486076354980469,1374.0,1374.0,1374.0,-0.01953125,0.0,0.0,"1,1,1,1,1,1,1"
"2026-06-07 13:22:53",0.00377,12.486076354980469,1374.0,1374.0,1374.0,-0.05859375,-0.01953125,0.01953125,"1,1,1,1,1,1,1"
"2026-06-07 13:22:53",0.00378,12.501265525817871,1374.0,1374.0,1374.0,-0.0,-0.01953125,0.0,"1,1,1,1,1,1,1"
"2026-06-07 13:22:53",0.00379,12.486076354980469,1374.0,1374.0,1374.0,-0.01953125,0.01953125,0.0,"1,1,1,1,1,1,1"
"2026-06-07 13:22:53",0.0038,12.47088623046875,1374.0,1374.0,1374.0,-0.0,0.0,0.0,"1,1,1,1,1,1,1"
"2026-06-07 13:22:53",0.00381,12.486076354980469,1374.0,1374.0,1374.0,-0.01953125,0.0390625,-0.01953125,"1,1,1,1,1,1,1"
"2026-06-07 13:22:53",0.00382,12.486076354980469,1374.0,1374.0,1374.0,-0.05859375,0.0,0.01953125,"1,1,1,1,1,1,1"
"2026-06-07 13:22:53",0.00383,12.47088623046875,1374.0,1374.0,1374.0,-0.0390625,0.0,0.0390625,"1,1,1,1,1,1,1"
"2026-06-07 13:22:53",0.00384,12.455696105957031,1374.0,1374.0,1374.0,-0.05859375,-0.01953125,0.0,"1,1,1,1,1,1,1"
"2026-06-07 13:22:53",0.00385,12.486076354980469,1374.0,1374.0,1374.0,-0.0390625,-0.0390625,0.01953125,"1,1,1,1,1,1,1"
"2026-06-07 13:22:53",0.00386,12.486076354980469,1374.0,1374.0,1374.0,-0.05859375,0.0,0.0,"1,1,1,1,1,1,1"
"2026-06-07 13:22:53",0.00387,12.47088623046875,1374.0,1374.0,1374.0,-0.078125,-0.01953125,0.0,"1,1,1,1,1,1,1"
"2026-06-07 13:22:53",0.00388,12.47088623046875,1374.0,1374.0,1374.0,-0.0390625,-0.0390625,-0.0390625,"1,1,1,1,1,1,1"
"2026-06-07 13:22:53",0.00389,12.486076354980469,1374.0,1374.0,1374.0,-0.0390625,-0.0390625,-0.01953125,"1,1,1,1,1,1,1"
"2026-06-07 13:22:53",0.0039,12.47088623046875,1374.0,1374.0,1374.0,-0.0390625,0.0,-0.01953125,"1,1,1,1,1,1,1"
"2026-06-07 13:22:53",0.00391,12.47088623046875,1374.0,1374.0,1374.0,-0.0390625,0.01953125,-0.0390625,"1,1,1,1,1,1,1"
"2026-06-07 13:22:53",0.00392,12.486076354980469,1374.0,1374.0,1374.0,-0.0390625,0.0,0.0,"1,1,1,1,1,1,1"
"2026-06-07 13:22:53",0.00393,12.486076354980469,1374.0,1374.0,1374.0,-0.0390625,0.01953125,0.0390625,"1,1,1,1,1,1,1"
"2026-06-07 13:22:53",0.00394,12.486076354980469,1374.0,1374.0,1374.0,-0.0390625,0.0,0.0,"1,1,1,1,1,1,1"
"2026-06-07 13:22:53",0.00395,12.486076354980469,1374.0,1374.0,1374.0,-0.01953125,0.01953125,-0.01953125,"1,1,1,1,1,1,1"
"2026-06-07 13:22:53",0.00396,12.486076354980469,1374.0,1374.0,1374.0,-0.0390625,0.01953125,-0.01953125,"1,1,1,1,1,1,1"
"2026-06-07 13:22:53",0.00397,12.486076354980469,1374.0,1374.0,1374.0,-0.0,0.01953125,-0.01953125,"1,1,1,1,1,1,1"
"2026-06-07 13:22:53",0.00398,12.47088623046875,1374.0,1374.0,1374.0,-0.0390625,-0.01953125,0.0,"1,1,1,1,1,1,1"
"2026-06-07 13:22:53",0.00399,12.486076354980469,1374.0,1374.0,1374.0,-0.0390625,-0.01953125,0.0,"1,1,1,1,1,1,1"
"2026-06-07 13:22:53",0.004,12.486076354980469,1374.0,1374.0,1374.0,-0.01953125,0.0,0.0,"1,1,1,1,1,1,1"
"2026-06-07 13:22:53",0.00401,12.47088623046875,1374.0,1374.0,1374.0,0.01953125,-0.01953125,0.01953125,"1,1,1,1,1,1,1"
"2026-06-07 13:22:53",0.00402,12.47088623046875,1374.0,1374.0,1374.0,-0.0,-0.05859375,-0.01953125,"1,1,1,1,1,1,1"
"2026-06-07 13:22:53",0.00403,12.486076354980469,1374.0,1374.0,1374.0,0.01953125,0.0,-0.01953125,"1,1,1,1,1,1,1"
"2026-06-07 13:22:53",0.00404,12.47088623046875,1374.0,1374.0,1374.0,-0.01953125,-0.0390625,-0.01953125,"1,1,1,1,1,1,1"
"2026-06-07 13:22:53",0.00405,12.486076354980469,1374.0,1374.0,1374.0,-0.01953125,-0.0390625,0.0,"1,1,1,1,1,1,1"
"2026-06-07 13:22:53",0.00406,12.486076354980469,1374.0,1374.0,1374.0,-0.0,-0.01953125,0.01953125,"1,1,1,1,1,1,1"
"2026-06-07 13:22:53",0.00407,12.486076354980469,1374.0,1374.0,1374.0,-0.05859375,0.0,0.01953125,"1,1,1,1,1,1,1"
"2026-06-07 13:22:53",0.00408,12.47088623046875,1374.0,1374.0,1374.0,-0.0390625,-0.01953125,0.0,"1,1,1,1,1,1,1"
"2026-06-07 13:22:53",0.00409,12.486076354980469,1374.0,1374.0,1374.0,-0.01953125,0.01953125,-0.01953125,"1,1,1,1,1,1,1"
"2026-06-07 13:22:53",0.0041,12.486076354980469,1374.0,1374.0,1374.0,-0.01953125,0.0,0.0,"1,1,1,1,1,1,1"
"2026-06-07 13:22:53",0.00411,12.486076354980469,1374.0,1374.0,1374.0,-0.01953125,-0.01953125,-0.01953125,"1,1,1,1,1,1,1"
"2026-06-07 13:22:53",0.00412,12.486076354980469,1374.0,1374.0,1374.0,-0.0,0.0,-0.01953125,"1,1,1,1,1,1,1"
"2026-06-07 13:22:53",0.00413,12.486076354980469,1374.0,1374.0,1374.0,-0.01953125,-0.01953125,0.01953125,"1,1,1,1,1,1,1"
"2026-06-07 13:22:53",0.00414,12.486076354980469,1374.0,1374.0,1374.0,-0.05859375,0.01953125,0.0,"1,1,1,1,1,1,1"
"2026-06-07 13:22:53",0.00415,12.501265525817871,1374.0,1374.0,1374.0,-0.05859375,-0.0390625,0.01953125,"1,1,1,1,1,1,1"
"2026-06-07 13:22:53",0.00416,12.47088623046875,1374.0,1374.0,1374.0,-0.0390625,0.0,0.01953125,"1,1,1,1,1,1,1"
"2026-06-07 13:22:53",0.00417,12.486076354980469,1374.0,1374.0,1374.0,-0.01953125,0.01953125,0.0,"1,1,1,1,1,1,1"
"2026-06-07 13:22:53",0.00418,12.486076354980469,1374.0,1374.0,1374.0,-0.05859375,0.0390625,0.01953125,"1,1,1,1,1,1,1"
"2026-06-07 13:22:53",0.00419,12.455696105957031,1374.0,1374.0,1374.0,-0.05859375,0.01953125,0.0,"1,1,1,1,1,1,1"
"2026-06-07 13:22:53",0.0042,12.47088623046875,1374.0,1374.0,1374.0,-0.05859375,0.0390625,0.0,"1,1,1,1,1,1,1"
"2026-06-07 13:22:53",0.00421,12.47088623046875,1374.0,1374.0,1374.0,-0.01953125,0.0,0.0,"1,1,1,1,1,1,1"
"2026-06-07 13:22:53",0.00422,12.47088623046875,1374.0,1374.0,1374.0,-0.0390625,0.0,0.01953125,"1,1,1,1,1,1,1"
"2026-06-07 13:22:53",0.00423,12.47088623046875,1374.0,1374.0,1374.0,-0.01953125,0.0,0.05859375,"1,1,1,1,1,1,1"
"2026-06-07 13:22:53",0.00424,12.486076354980469,1374.0,1374.0,1374.0,-0.0390625,0.01953125,0.0390625,"1,1,1,1,1,1,1"
"2026-06-07 13:22:53",0.00425,12.486076354980469,1374.0,1374.0,1374.0,-0.0390625,0.0,0.0390625,"1,1,1,1,1,1,1"
"2026-06-07 13:22:53",0.00426,12.486076354980469,1374.0,1374.0,1374.0,-0.0,-0.0390625,0.0390625,"1,1,1,1,1,1,1"
"2026-06-07 13:22:53",0.00427,12.486076354980469,1374.0,1374.0,1374.0,-0.0390625,-0.0390625,0.05859375,"1,1,1,1,1,1,1"
"2026-06-07 13:22:53",0.00428,12.501265525817871,1374.0,1374.0,1374.0,-0.01953125,-0.0390625,0.05859375,"1,1,1,1,1,1,1"
"2026-06-07 13:22:53",0.00429,12.501265525817871,1374.0,1374.0,1374.0,-0.0390625,-0.01953125,0.05859375,"1,1,1,1,1,1,1"
"2026-06-07 13:22:53",0.0043,12.486076354980469,1374.0,1374.0,1374.0,-0.01953125,0.0,0.0390625,"1,1,1,1,1,1,1"
"2026-06-07 13:22:53",0.00431,12.486076354980469,1374.0,1374.0,1374.0,-0.0390625,-0.01953125,0.0390625,"1,1,1,1,1,1,1"
"2026-06-07 13:22:53",0.00432,12.47088623046875,1374.0,1374.0,1374.0,-0.0,-0.01953125,-0.625,"1,1,1,1,1,1,1"
"2026-06-07 13:22:53",0.00433,12.455696105957031,1374.0,1374.0,1374.0,-0.0,0.0,-0.078125,"1,1,1,1,1,1,1"
"2026-06-07 13:22:53",0.00434,12.455696105957031,1374.0,1374.0,1374.0,-0.0,0.0,0.05859375,"1,1,1,1,1,1,1"
"2026-06-07 13:22:53",0.00435,12.486076354980469,1374.0,1374.0,1374.0,-0.01953125,0.0,0.17578125,"1,1,1,1,1,1,1"
"2026-06-07 13:22:53",0.00436,12.47088623046875,1374.0,1374.0,1374.0,-0.0,0.0,0.0390625,"1,1,1,1,1,1,1"
"2026-06-07 13:22:53",0.00437,12.47088623046875,1374.0,1374.0,1374.0,-0.01953125,0.0,-0.0390625,"1,1,1,1,1,1,1"
"2026-06-07 13:22:53",0.00438,12.47088623046875,1374.0,1374.0,1374.0,-0.0390625,0.0390625,0.0390625,"1,1,1,1,1,1,1"
"2026-06-07 13:22:53",0.00439,12.47088623046875,1374.0,1374.0,1374.0,-0.0390625,0.01953125,-0.0390625,"1,1,1,1,1,1,1"
"2026-06-07 13:22:53",0.0044,12.486076354980469,1374.0,1374.0,1374.0,-0.0390625,0.0390625,0.01953125,"1,1,1,1,1,1,1"
"2026-06-07 13:22:53",0.00441,12.486076354980469,1374.0,1374.0,1374.0,-0.01953125,0.0,0.01953125,"1,1,1,1,1,1,1"
"2026-06-07 13:22:53",0.00442,12.486076354980469,1374.0,1374.0,1374.0,-0.01953125,0.01953125,-0.01953125,"1,1,1,1,1,1,1"
"2026-06-07 13:22:53",0.00443,12.486076354980469,1374.0,1374.0,1374.0,-0.0390625,0.01953125,0.0,"1,1,1,1,1,1,1"
"2026-06-07 13:22:53",0.00444,12.501265525817871,1374.0,1374.0,1374.0,-0.01953125,0.0,0.0,"1,1,1,1,1,1,1"
"2026-06-07 13:22:53",0.00445,12.501265525817871,1374.0,1374.0,1374.0,-0.01953125,-0.0390625,0.0,"1,1,1,1,1,1,1"
"2026-06-07 13:22:53",0.00446,12.47088623046875,1374.0,1374.0,1374.0,-0.0,0.0,0.0,"1,1,1,1,1,1,1"
"2026-06-07 13:22:53",0.00447,12.47088623046875,1374.0,1374.0,1374.0,-0.01953125,0.0,0.0,"1,1,1,1,1,1,1"
"2026-06-07 13:22:53",0.00448,12.47088623046875,1374.0,1374.0,1374.0,-0.01953125,0.0,0.0,"1,1,1,1,1,1,1"
"2026-06-07 13:22:53",0.00449,12.486076354980469,1374.0,1374.0,1374.0,-0.01953125,0.0,0.0390625,"1,1,1,1,1,1,1"
"2026-06-07 13:22:53",0.0045,12.486076354980469,1374.0,1374.0,1374.0,-0.0390625,0.0,-0.01953125,"1,1,1,1,1,1,1"
"2026-06-07 13:22:53",0.00451,12.486076354980469,1374.0,1374.0,1374.0,-0.0390625,0.0390625,0.0,"1,1,1,1,1,1,1"
"2026-06-07 13:22:53",0.00452,12.486076354980469,1374.0,1374.0,1374.0,-0.01953125,0.01953125,-0.01953125,"1,1,1,1,1,1,1"
"2026-06-07 13:22:53",0.00453,12.47088623046875,1374.0,1374.0,1374.0,-0.01953125,-0.01953125,-0.01953125,"1,1,1,1,1,1,1"
"2026-06-07 13:22:53",0.00454,12.486076354980469,1374.0,1374.0,1374.0,-0.0390625,0.0,0.01953125,"1,1,1,1,1,1,1"
"2026-06-07 13:22:53",0.00455,12.47088623046875,1374.0,1374.0,1374.0,-0.01953125,-0.01953125,0.0,"1,1,1,1,1,1,1"
"2026-06-07 13:22:53",0.00456,12.47088623046875,1374.0,1374.0,1374.0,-0.0390625,0.0,0.0,"1,1,1,1,1,1,1"
"2026-06-07 13:22:53",0.00457,12.486076354980469,1374.0,1374.0,1374.0,-0.01953125,0.0,0.0,"1,1,1,1,1,1,1"
"2026-06-07 13:22:53",0.00458,12.47088623046875,1374.0,1374.0,1374.0,-0.05859375,0.0,0.0,"1,1,1,1,1,1,1"
"2026-06-07 13:22:53",0.00459,12.47088623046875,1374.0,1374.0,1374.0,-0.01953125,0.0,-0.01953125,"1,1,1,1,1,1,1"
"2026-06-07 13:22:53",0.0046,12.486076354980469,1374.0,1374.0,1374.0,-0.0390625,0.0,0.0,"1,1,1,1,1,1,1"
"2026-06-07 13:22:53",0.00461,12.47088623046875,1374.0,1374.0,1374.0,-0.01953125,-0.01953125,0.0,"1,1,1,1,1,1,1"
"2026-06-07 13:22:53",0.00462,12.486076354980469,1374.0,1374.0,1374.0,-0.0390625,0.0,0.0,"1,1,1,1,1,1,1"
"2026-06-07 13:22:53",0.00463,12.486076354980469,1374.0,1374.0,1374.0,-0.01953125,-0.0390625,0.01953125,"1,1,1,1,1,1,1"
"2026-06-07 13:22:53",0.00464,12.486076354980469,1374.0,1374.0,1374.0,-0.01953125,-0.01953125,0.01953125,"1,1,1,1,1,1,1"
"2026-06-07 13:22:53",0.00465,12.47088623046875,1374.0,1374.0,1374.0,-0.0390625,0.01953125,0.01953125,"1,1,1,1,1,1,1"
"2026-06-07 13:22:53",0.00466,12.501265525817871,1374.0,1374.0,1374.0,-0.0390625,0.01953125,0.0390625,"1,1,1,1,1,1,1"
"2026-06-07 13:22:53",0.00467,12.486076354980469,1374.0,1374.0,1374.0,-0.01953125,0.0,-0.01953125,"1,1,1,1,1,1,1"
"2026-06-07 13:22:53",0.00468,12.486076354980469,1374.0,1374.0,1374.0,-0.05859375,0.01953125,-0.01953125,"1,1,1,1,1,1,1"
"2026-06-07 13:22:53",0.00469,12.47088623046875,1374.0,1374.0,1374.0,-0.0,0.0,0.0,"1,1,1,1,1,1,1"
"2026-06-07 13:22:53",0.0047,12.455696105957031,1374.0,1374.0,1374.0,-0.0,0.0,-0.0390625,"1,1,1,1,1,1,1"
"2026-06-07 13:22:53",0.00471,12.486076354980469,1374.0,1374.0,1374.0,-0.0390625,0.0,-0.01953125,"1,1,1,1,1,1,1"
"2026-06-07 13:22:53",0.00472,12.47088623046875,1374.0,1374.0,1374.0,-0.0390625,0.0,-0.01953125,"1,1,1,1,1,1,1"
"2026-06-07 13:22:53",0.00473,12.486076354980469,1374.0,1374.0,1374.0,-0.0390625,0.0,-0.01953125,"1,1,1,1,1,1,1"
"2026-06-07 13:22:53",0.00474,12.47088623046875,1374.0,1374.0,1374.0,-0.01953125,0.0,-0.0390625,"1,1,1,1,1,1,1"
"2026-06-07 13:22:53",0.00475,12.486076354980469,1374.0,1374.0,1374.0,-0.01953125,-0.01953125,0.0,"1,1,1,1,1,1,1"
"2026-06-07 13:22:53",0.00476,12.486076354980469,1374.0,1374.0,1374.0,-0.05859375,0.01953125,0.0,"1,1,1,1,1,1,1"
"2026-06-07 13:22:53",0.00477,12.486076354980469,1374.0,1374.0,1374.0,-0.01953125,-0.01953125,0.0,"1,1,1,1,1,1,1"
"2026-06-07 13:22:53",0.00478,12.486076354980469,1374.0,1374.0,1374.0,-0.01953125,-0.01953125,0.0,"1,1,1,1,1,1,1"
"2026-06-07 13:22:53",0.00479,12.486076354980469,1374.0,1374.0,1374.0,-0.01953125,0.0,-0.01953125,"1,1,1,1,1,1,1"
"2026-06-07 13:22:53",0.0048,12.455696105957031,1374.0,1374.0,1374.0,-0.0,-0.01953125,-0.01953125,"1,1,1,1,1,1,1"
"2026-06-07 13:22:53",0.00481,12.486076354980469,1374.0,1374.0,1374.0,-0.01953125,0.01953125,0.0,"1,1,1,1,1,1,1"
"2026-06-07 13:22:53",0.00482,12.486076354980469,1374.0,1374.0,1374.0,-0.0390625,0.0,-0.01953125,"1,1,1,1,1,1,1"
"2026-06-07 13:22:53",0.00483,12.486076354980469,1374.0,1374.0,1374.0,-0.01953125,-0.01953125,0.01953125,"1,1,1,1,1,1,1"
"2026-06-07 13:22:53",0.00484,12.47088623046875,1374.0,1374.0,1374.0,-0.0,-0.01953125,-0.01953125,"1,1,1,1,1,1,1"
"2026-06-07 13:22:53",0.00485,12.47088623046875,1374.0,1374.0,1374.0,-0.01953125,0.0,-0.0390625,"1,1,1,1,1,1,1"
"2026-06-07 13:22:53",0.00486,12.486076354980469,1374.0,1374.0,1374.0,-0.05859375,0.0,-0.01953125,"1,1,1,1,1,1,1"
"2026-06-07 13:22:53",0.00487,12.47088623046875,1374.0,1374.0,1374.0,-0.0390625,-0.01953125,-0.01953125,"1,1,1,1,1,1,1"
"2026-06-07 13:22:53",0.00488,12.486076354980469,1374.0,1374.0,1374.0,-0.05859375,-0.01953125,0.0,"1,1,1,1,1,1,1"
"2026-06-07 13:22:53",0.00489,12.47088623046875,1374.0,1374.0,1374.0,-0.0390625,0.0,0.01953125,"1,1,1,1,1,1,1"
"2026-06-07 13:22:53",0.0049,12.486076354980469,1374.0,1374.0,1374.0,-0.0390625,-0.01953125,0.0,"1,1,1,1,1,1,1"
"2026-06-07 13:22:53",0.00491,12.455696105957031,1374.0,1374.0,1374.0,-0.05859375,-0.01953125,0.01953125,"1,1,1,1,1,1,1"
"2026-06-07 13:22:53",0.00492,12.501265525817871,1374.0,1374.0,1374.0,-0.01953125,0.0,0.01953125,"1,1,1,1,1,1,1"
"2026-06-07 13:22:53",0.00493,12.47088623046875,1374.0,1374.0,1374.0,-0.01953125,0.01953125,0.0390625,"1,1,1,1,1,1,1"
"2026-06-07 13:22:53",0.00494,12.47088623046875,1374.0,1374.0,1374.0,-0.0390625,0.01953125,0.01953125,"1,1,1,1,1,1,1"
"2026-06-07 13:22:53",0.00495,12.455696105957031,1374.0,1374.0,1374.0,-0.0390625,0.0,0.0,"1,1,1,1,1,1,1"
"2026-06-07 13:22:53",0.00496,12.47088623046875,1374.0,1374.0,1374.0,-0.05859375,-0.01953125,0.01953125,"1,1,1,1,1,1,1"
"2026-06-07 13:22:53",0.00497,12.47088623046875,1374.0,1374.0,1374.0,-0.05859375,0.0,0.01953125,"1,1,1,1,1,1,1"
"2026-06-07 13:22:53",0.00498,12.486076354980469,1374.0,1374.0,1374.0,-0.05859375,0.01953125,0.01953125,"1,1,1,1,1,1,1"
"2026-06-07 13:22:53",0.00499,12.47088623046875,1374.0,1374.0,1374.0,-0.05859375,-0.6640625,0.01953125,"1,1,1,1,1,1,1"
"2026-06-07 13:22:53",0.005,12.486076354980469,1374.0,1374.0,1374.0,-0.01953125,-0.13671875,0.0390625,"1,1,1,1,1,1,1"
"2026-06-07 13:22:53",0.00501,12.486076354980469,1374.0,1374.0,1374.0,-0.01953125,0.1171875,-0.01953125,"1,1,1,1,1,1,1"
"2026-06-07 13:22:53",0.00502,12.47088623046875,1374.0,1374.0,1374.0,-0.05859375,0.1171875,0.01953125,"1,1,1,1,1,1,1"
"2026-06-07 13:22:53",0.00503,12.486076354980469,1374.0,1374.0,1374.0,-0.05859375,-0.01953125,0.0390625,"1,1,1,1,1,1,1"
"2026-06-07 13:22:53",0.00504,12.486076354980469,1374.0,1374.0,1374.0,-0.0390625,0.0390625,0.0390625,"1,1,1,1,1,1,1"
"2026-06-07 13:22:53",0.00505,12.486076354980469,1374.0,1374.0,1374.0,-0.01953125,0.01953125,0.01953125,"1,1,1,1,1,1,1"
"2026-06-07 13:22:53",0.00506,12.47088623046875,1374.0,1374.0,1374.0,-0.05859375,-0.01953125,0.0390625,"1,1,1,1,1,1,1"
"2026-06-07 13:22:53",0.00507,12.501265525817871,1374.0,1374.0,1374.0,-0.01953125,0.0,0.0390625,"1,1,1,1,1,1,1"
"2026-06-07 13:22:53",0.00508,12.486076354980469,1374.0,1374.0,1374.0,-0.0390625,-0.0390625,0.01953125,"1,1,1,1,1,1,1"
"2026-06-07 13:22:53",0.00509,12.486076354980469,1374.0,1374.0,1374.0,-0.0390625,-0.0390625,0.0390625,"1,1,1,1,1,1,1"
"2026-06-07 13:22:53",0.0051,12.47088623046875,1374.0,1374.0,1374.0,-0.01953125,0.0,0.01953125,"1,1,1,1,1,1,1"
"2026-06-07 13:22:53",0.00511,12.47088623046875,1374.0,1374.0,1374.0,-0.0390625,-0.0390625,0.01953125,"1,1,1,1,1,1,1"
"2026-06-07 13:22:53",0.00512,12.455696105957031,1374.0,1374.0,1374.0,0.01953125,-0.01953125,0.01953125,"1,1,1,1,1,1,1"
"2026-06-07 13:22:53",0.00513,12.47088623046875,1374.0,1374.0,1374.0,-0.0390625,-0.0390625,0.01953125,"1,1,1,1,1,1,1"
"2026-06-07 13:22:53",0.00514,12.486076354980469,1374.0,1374.0,1374.0,-0.0,-0.05859375,0.01953125,"1,1,1,1,1,1,1"
"2026-06-07 13:22:53",0.00515,12.486076354980469,1374.0,1374.0,1374.0,-0.01953125,-0.0390625,0.01953125,"1,1,1,1,1,1,1"
"2026-06-07 13:22:53",0.00516,12.455696105957031,1374.0,1374.0,1374.0,-0.05859375,0.01953125,0.0390625,"1,1,1,1,1,1,1"
"2026-06-07 13:22:53",0.00517,12.501265525817871,1374.0,1374.0,1374.0,-0.01953125,0.01953125,0.0390625,"1,1,1,1,1,1,1"
"2026-06-07 13:22:53",0.00518,12.501265525817871,1374.0,1374.0,1374.0,-0.0390625,0.01953125,0.01953125,"1,1,1,1,1,1,1"
"2026-06-07 13:22:53",0.00519,12.486076354980469,1374.0,1374.0,1374.0,-0.01953125,0.0,0.01953125,"1,1,1,1,1,1,1"
"2026-06-07 13:22:53",0.0052,12.486076354980469,1374.0,1374.0,1374.0,-0.05859375,0.01953125,0.01953125,"1,1,1,1,1,1,1"
"2026-06-07 13:22:53",0.00521,12.47088623046875,1374.0,1374.0,1374.0,-0.05859375,0.01953125,0.01953125,"1,1,1,1,1,1,1"
"2026-06-07 13:22:53",0.00522,12.486076354980469,1374.0,1374.0,1374.0,-0.05859375,0.0390625,0.0,"1,1,1,1,1,1,1"
"2026-06-07 13:22:53",0.00523,12.455696105957031,1374.0,1374.0,1374.0,-0.01953125,-0.05859375,0.01953125,"1,1,1,1,1,1,1"
"2026-06-07 13:22:53",0.00524,12.486076354980469,1374.0,1374.0,1374.0,-0.01953125,-0.01953125,0.01953125,"1,1,1,1,1,1,1"
"2026-06-07 13:22:53",0.00525,12.455696105957031,1374.0,1374.0,1374.0,-0.0,-0.01953125,0.0390625,"1,1,1,1,1,1,1"
"2026-06-07 13:22:53",0.00526,12.47088623046875,1374.0,1374.0,1374.0,-0.0390625,0.01953125,-0.01953125,"1,1,1,1,1,1,1"
"2026-06-07 13:22:53",0.00527,12.455696105957031,1374.0,1374.0,1374.0,-0.0390625,0.0,0.0,"1,1,1,1,1,1,1"
"2026-06-07 13:22:53",0.00528,12.486076354980469,1374.0,1374.0,1374.0,-0.01953125,0.0,0.01953125,"1,1,1,1,1,1,1"
"2026-06-07 13:22:53",0.00529,12.486076354980469,1374.0,1374.0,1374.0,-0.0,0.01953125,0.0,"1,1,1,1,1,1,1"
"2026-06-07 13:22:53",0.0053,12.486076354980469,1374.0,1374.0,1374.0,-0.0,0.0,-0.01953125,"1,1,1,1,1,1,1"
"2026-06-07 13:22:53",0.00531,12.47088623046875,1374.0,1374.0,1374.0,-0.01953125,0.0,0.01953125,"1,1,1,1,1,1,1"
"2026-06-07 13:22:53",0.00532,12.486076354980469,1374.0,1374.0,1374.0,-0.0,-0.01953125,0.01953125,"1,1,1,1,1,1,1"
"2026-06-07 13:22:53",0.00533,12.486076354980469,1374.0,1374.0,1374.0,0.01953125,0.01953125,0.05859375,"1,1,1,1,1,1,1"
"2026-06-07 13:22:53",0.00534,12.47088623046875,1374.0,1374.0,1374.0,-0.0,0.0,0.05859375,"1,1,1,1,1,1,1"
"2026-06-07 13:22:53",0.00535,12.486076354980469,1374.0,1374.0,1374.0,-0.01953125,0.0,0.05859375,"1,1,1,1,1,1,1"
"2026-06-07 13:22:53",0.00536,12.486076354980469,1374.0,1374.0,1374.0,-0.0390625,0.01953125,0.0390625,"1,1,1,1,1,1,1"
"2026-06-07 13:22:53",0.00537,12.486076354980469,1374.0,1374.0,1374.0,-0.05859375,0.01953125,0.01953125,"1,1,1,1,1,1,1"
"2026-06-07 13:22:53",0.00538,12.455696105957031,1374.0,1374.0,1374.0,-0.05859375,0.0,0.0,"1,1,1,1,1,1,1"
"2026-06-07 13:22:53",0.00539,12.47088623046875,1374.0,1374.0,1374.0,-0.05859375,0.0,0.01953125,"1,1,1,1,1,1,1"
"2026-06-07 13:22:53",0.0054,12.47088623046875,1374.0,1374.0,1374.0,-0.05859375,-0.0390625,0.0,"1,1,1,1,1,1,1"
"2026-06-07 13:22:53",0.00541,12.47088623046875,1374.0,1374.0,1374.0,-0.0390625,-0.0390625,0.0390625,"1,1,1,1,1,1,1"
"2026-06-07 13:22:53",0.00542,12.486076354980469,1374.0,1374.0,1374.0,-0.09765625,0.0,-0.01953125,"1,1,1,1,1,1,1"
"2026-06-07 13:22:53",0.00543,12.486076354980469,1374.0,1374.0,1374.0,-0.05859375,0.01953125,-0.01953125,"1,1,1,1,1,1,1"
"2026-06-07 13:22:53",0.00544,12.47088623046875,1374.0,1374.0,1374.0,-0.05859375,0.0,0.0,"1,1,1,1,1,1,1"
"2026-06-07 13:22:53",0.00545,12.486076354980469,1374.0,1374.0,1374.0,-0.05859375,0.01953125,-0.01953125,"1,1,1,1,1,1,1"
"2026-06-07 13:22:53",0.00546,12.501265525817871,1374.0,1374.0,1374.0,-0.05859375,0.01953125,0.01953125,"1,1,1,1,1,1,1"
"2026-06-07 13:22:53",0.00547,12.486076354980469,1374.0,1374.0,1374.0,-0.01953125,0.0,0.0,"1,1,1,1,1,1,1"
"2026-06-07 13:22:53",0.00548,12.47088623046875,1374.0,1374.0,1374.0,-0.01953125,0.0,0.01953125,"1,1,1,1,1,1,1"
"2026-06-07 13:22:53",0.00549,12.501265525817871,1374.0,1374.0,1374.0,-0.05859375,-0.0390625,0.01953125,"1,1,1,1,1,1,1"
"2026-06-07 13:22:53",0.0055,12.501265525817871,1374.0,1374.0,1374.0,-0.0390625,0.01953125,0.01953125,"1,1,1,1,1,1,1"
"2026-06-07 13:22:53",0.00551,12.47088623046875,1374.0,1374.0,1374.0,-0.01953125,-0.01953125,-0.01953125,"1,1,1,1,1,1,1"
"2026-06-07 13:22:53",0.00552,12.47088623046875,1374.0,1374.0,1374.0,-0.0390625,-0.01953125,-0.01953125,"1,1,1,1,1,1,1"
"2026-06-07 13:22:53",0.00553,12.455696105957031,1374.0,1374.0,1374.0,-0.0390625,0.01953125,0.01953125,"1,1,1,1,1,1,1"
"2026-06-07 13:22:53",0.00554,12.47088623046875,1374.0,1374.0,1374.0,-0.0,0.01953125,0.0390625,"1,1,1,1,1,1,1"
"2026-06-07 13:22:53",0.00555,12.47088623046875,1374.0,1374.0,1374.0,-0.0390625,0.0390625,0.0390625,"1,1,1,1,1,1,1"
"2026-06-07 13:22:53",0.00556,12.47088623046875,1374.0,1374.0,1374.0,-0.0390625,-0.01953125,0.01953125,"1,1,1,1,1,1,1"
"2026-06-07 13:22:53",0.00557,12.455696105957031,1374.0,1374.0,1374.0,-0.01953125,-0.0390625,0.0,"1,1,1,1,1,1,1"
"2026-06-07 13:22:53",0.00558,12.486076354980469,1374.0,1374.0,1374.0,-0.0,0.01953125,-0.01953125,"1,1,1,1,1,1,1"
"2026-06-07 13:22:53",0.00559,12.47088623046875,1374.0,1374.0,1374.0,-0.01953125,-0.0390625,-0.01953125,"1,1,1,1,1,1,1"
"2026-06-07 13:22:53",0.0056,12.486076354980469,1374.0,1374.0,1374.0,-0.01953125,-0.0390625,-0.01953125,"1,1,1,1,1,1,1"
"2026-06-07 13:22:53",0.00561,12.47088623046875,1374.0,1374.0,1374.0,-0.01953125,0.0,-0.01953125,"1,1,1,1,1,1,1"
"2026-06-07 13:22:53",0.00562,12.486076354980469,1374.0,1374.0,1374.0,-0.0390625,-0.0390625,0.0,"1,1,1,1,1,1,1"
"2026-06-07 13:22:53",0.00563,12.47088623046875,1374.0,1374.0,1374.0,-0.0390625,0.01953125,0.01953125,"1,1,1,1,1,1,1"
"2026-06-07 13:22:53",0.00564,12.501265525817871,1374.0,1374.0,1374.0,-0.0390625,-0.01953125,-0.01953125,"1,1,1,1,1,1,1"
"2026-06-07 13:22:53",0.00565,12.486076354980469,1374.0,1374.0,1374.0,-0.078125,0.01953125,0.0,"1,1,1,1,1,1,1"
"2026-06-07 13:22:53",0.00566,12.47088623046875,1374.0,1374.0,1374.0,-0.625,0.0,-0.05859375,"1,1,1,1,1,1,1"
"2026-06-07 13:22:53",0.00567,12.455696105957031,1374.0,1374.0,1374.0,-0.09765625,-0.0390625,-0.01953125,"1,1,1,1,1,1,1"
"2026-06-07 13:22:53",0.00568,12.47088623046875,1374.0,1374.0,1374.0,0.01953125,-0.0390625,-0.078125,"1,1,1,1,1,1,1"
"2026-06-07 13:22:53",0.00569,12.486076354980469,1374.0,1374.0,1374.0,0.05859375,-0.0390625,-0.01953125,"1,1,1,1,1,1,1"
"2026-06-07 13:22:53",0.0057,12.455696105957031,1374.0,1374.0,1374.0,0.01953125,-0.01953125,-0.01953125,"1,1,1,1,1,1,1"
"2026-06-07 13:22:53",0.00571,12.486076354980469,1374.0,1374.0,1374.0,-0.05859375,-0.01953125,0.01953125,"1,1,1,1,1,1,1"
"2026-06-07 13:22:53",0.00572,12.486076354980469,1374.0,1374.0,1374.0,-0.0,-0.0390625,0.01953125,"1,1,1,1,1,1,1"
"2026-06-07 13:22:53",0.00573,12.486076354980469,1374.0,1374.0,1374.0,-0.01953125,-0.0390625,0.0,"1,1,1,1,1,1,1"
"2026-06-07 13:22:53",0.00574,12.486076354980469,1374.0,1374.0,1374.0,-0.0390625,0.01953125,0.0,"1,1,1,1,1,1,1"
"2026-06-07 13:22:53",0.00575,12.486076354980469,1374.0,1374.0,1374.0,0.01953125,0.0,0.0390625,"1,1,1,1,1,1,1"
"2026-06-07 13:22:53",0.00576,12.47088623046875,1854.0,1133.0,1133.0,0.01953125,-0.0390625,0.01953125,"1,1,1,1,1,1,1"
"2026-06-07 13:22:53",0.00577,12.486076354980469,1854.0,1133.0,1133.0,-0.0390625,-0.0390625,0.0390625,"1,1,1,1,1,1,1"
"2026-06-07 13:22:53",0.00578,12.47088623046875,1854.0,1133.0,1133.0,0.05859375,-0.05859375,-0.0390625,"1,1,1,1,1,1,1"
"2026-06-07 13:22:53",0.00579,12.486076354980469,1854.0,1133.0,1133.0,0.17578125,-0.09765625,-0.09765625,"1,1,1,1,1,1,1"
"2026-06-07 13:22:53",0.0058,12.455696105957031,1854.0,1133.0,1133.0,0.2734375,-0.1953125,-0.13671875,"1,1,1,1,1,1,1"
"2026-06-07 13:22:53",0.00581,12.47088623046875,1854.0,1133.0,1133.0,0.390625,-0.21484375,-0.17578125,"1,1,1,1,1,1,1"
"2026-06-07 13:22:53",0.00582,12.47088623046875,1854.0,1133.0,1133.0,0.46875,-0.29296875,-0.234375,"1,1,1,1,1,1,1"
"2026-06-07 13:22:53",0.00583,12.47088623046875,1854.0,1133.0,1133.0,0.5859375,-0.3515625,-0.3125,"1,1,1,1,1,1,1"
"2026-06-07 13:22:53",0.00584,12.455696105957031,1854.0,1133.0,1133.0,0.68359375,-0.390625,-0.37109375,"1,1,1,1,1,1,1"
"2026-06-07 13:22:53",0.00585,12.440505981445312,1854.0,1133.0,1133.0,0.78125,-0.41015625,-0.4296875,"1,1,1,1,1,1,1"
"2026-06-07 13:22:53",0.00586,12.47088623046875,1854.0,1133.0,1133.0,0.87890625,-0.48828125,-0.46875,"1,1,1,1,1,1,1"
"2026-06-07 13:22:53",0.00587,12.455696105957031,1854.0,1133.0,1133.0,0.91796875,-0.52734375,-0.5078125,"1,1,1,1,1,1,1"
"2026-06-07 13:22:53",0.00588,12.455696105957031,1854.0,1133.0,1133.0,1.03515625,-0.546875,-0.546875,"1,1,1,1,1,1,1"
"2026-06-07 13:22:53",0.00589,12.440505981445312,1854.0,1133.0,1133.0,1.09375,-0.5859375,-0.5859375,"1,1,1,1,1,1,1"
"2026-06-07 13:22:53",0.0059,12.455696105957031,1854.0,1133.0,1133.0,1.2109375,-0.64453125,-0.625,"1,1,1,1,1,1,1"
"2026-06-07 13:22:53",0.00591,12.440505981445312,1854.0,1133.0,1133.0,1.328125,-0.6640625,-0.6640625,"1,1,1,1,1,1,1"
"2026-06-07 13:22:53",0.00592,12.42531681060791,1854.0,1133.0,1133.0,1.3671875,-0.7421875,-0.703125,"1,1,1,1,1,1,1"
"2026-06-07 13:22:53",0.00593,12.410126686096191,1854.0,1133.0,1133.0,1.484375,-0.80078125,-0.7421875,"1,1,1,1,1,1,1"
"2026-06-07 13:22:53",0.00594,12.410126686096191,1854.0,1133.0,1133.0,1.54296875,-0.8203125,-0.80078125,"1,1,1,1,1,1,1"
"2026-06-07 13:22:53",0.00595,12.394936561584473,1854.0,1133.0,1133.0,1.62109375,-0.83984375,-0.83984375,"1,1,1,1,1,1,1"
"2026-06-07 13:22:53",0.00596,12.42531681060791,1854.0,1133.0,1133.0,1.6796875,-0.8984375,-0.87890625,"1,1,1,1,1,1,1"
"2026-06-07 13:22:53",0.00597,12.410126686096191,1854.0,1133.0,1133.0,1.7578125,-0.91796875,-0.91796875,"1,1,1,1,1,1,1"
"2026-06-07 13:22:53",0.00598,12.394936561584473,1854.0,1133.0,1133.0,1.85546875,-0.9765625,-0.9375,"1,1,1,1,1,1,1"
"2026-06-07 13:22:53",0.00599,12.364557266235352,1854.0,1133.0,1133.0,1.9140625,-0.99609375,-0.9765625,"1,1,1,1,1,1,1"
"2026-06-07 13:22:53",0.006,12.394936561584473,1854.0,1133.0,1133.0,1.97265625,-0.99609375,-1.015625,"1,1,1,1,1,1,1"
"2026-06-07 13:22:53",0.00601,12.379746437072754,1854.0,1133.0,1133.0,2.03125,-1.015625,-1.07421875,"1,1,1,1,1,1,1"
"2026-06-07 13:22:53",0.00602,12.349367141723633,1854.0,1133.0,1133.0,2.0703125,-1.07421875,-1.07421875,"1,1,1,1,1,1,1"
"2026-06-07 13:22:53",0.00603,12.349367141723633,1854.0,1133.0,1133.0,2.12890625,-1.11328125,-1.11328125,"1,1,1,1,1,1,1"
"2026-06-07 13:22:53",0.00604,12.349367141723633,1854.0,1133.0,1133.0,2.1875,-1.1328125,-1.15234375,"1,1,1,1,1,1,1"
"2026-06-07 13:22:53",0.00605,12.364557266235352,1854.0,1133.0,1133.0,2.24609375,-1.1328125,-1.1328125,"1,1,1,1,1,1,1"
"2026-06-07 13:22:53",0.00606,12.334177017211914,1854.0,1133.0,1133.0,2.28515625,-1.171875,-1.15234375,"1,1,1,1,1,1,1"
"2026-06-07 13:22:53",0.00607,12.334177017211914,1854.0,1133.0,1133.0,2.36328125,-1.23046875,-1.2109375,"1,1,1,1,1,1,1"
"2026-06-07 13:22:53",0.00608,12.334177017211914,1854.0,1133.0,1133.0,2.3828125,-1.25,-1.25,"1,1,1,1,1,1,1"
"2026-06-07 13:22:53",0.00609,12.334177017211914,1854.0,1133.0,1133.0,2.44140625,-1.25,-1.23046875,"1,1,1,1,1,1,1"
"2026-06-07 13:22:53",0.0061,12.318986892700195,1854.0,1133.0,1133.0,2.48046875,-1.2890625,-1.25,"1,1,1,1,1,1,1"
"2026-06-07 13:22:53",0.00611,12.303797721862793,1854.0,1133.0,1133.0,2.5390625,-1.2890625,-1.2890625,"1,1,1,1,1,1,1"
"2026-06-07 13:22:53",0.00612,12.288607597351074,1854.0,1133.0,1133.0,2.578125,-1.2890625,-1.328125,"1,1,1,1,1,1,1"
"2026-06-07 13:22:53",0.00613,12.288607597351074,1854.0,1133.0,1133.0,2.63671875,-1.328125,-1.328125,"1,1,1,1,1,1,1"
"2026-06-07 13:22:53",0.00614,12.303797721862793,1854.0,1133.0,1133.0,2.67578125,-1.3671875,-1.34765625,"1,1,1,1,1,1,1"
"2026-06-07 13:22:53",0.00615,12.288607597351074,1854.0,1133.0,1133.0,2.6953125,-1.38671875,-1.3671875,"1,1,1,1,1,1,1"
"2026-06-07 13:22:53",0.00616,12.243038177490234,1854.0,1133.0,1133.0,2.734375,-1.38671875,-1.3671875,"1,1,1,1,1,1,1"
"2026-06-07 13:22:53",0.00617,12.243038177490234,1854.0,1133.0,1133.0,2.7734375,-1.42578125,-1.42578125,"1,1,1,1,1,1,1"
"2026-06-07 13:22:53",0.00618,12.258228302001953,1854.0,1133.0,1133.0,2.7734375,-1.4453125,-1.4453125,"1,1,1,1,1,1,1"
"2026-06-07 13:22:53",0.00619,12.258228302001953,1854.0,1133.0,1133.0,2.8125,-1.46484375,-1.4453125,"1,1,1,1,1,1,1"
"2026-06-07 13:22:53",0.0062,12.243038177490234,1854.0,1133.0,1133.0,2.8515625,-1.46484375,-1.46484375,"1,1,1,1,1,1,1"
"2026-06-07 13:22:53",0.00621,12.243038177490234,1854.0,1133.0,1133.0,2.87109375,-1.50390625,-1.484375,"1,1,1,1,1,1,1"
"2026-06-07 13:22:53",0.00622,12.258228302001953,1854.0,1133.0,1133.0,2.96875,-1.5234375,-1.46484375,"1,1,1,1,1,1,1"
"2026-06-07 13:22:53",0.00623,12.258228302001953,1854.0,1133.0,1133.0,2.96875,-1.54296875,-1.46484375,"1,1,1,1,1,1,1"
"2026-06-07 13:22:53",0.00624,12.258228302001953,1854.0,1133.0,1133.0,3.0078125,-1.54296875,-1.5234375,"1,1,1,1,1,1,1"
"2026-06-07 13:22:53",0.00625,12.258228302001953,1854.0,1133.0,1133.0,3.0859375,-1.5625,-1.5234375,"1,1,1,1,1,1,1"
"2026-06-07 13:22:53",0.00626,12.258228302001953,1854.0,1133.0,1133.0,3.0859375,-1.58203125,-1.54296875,"1,1,1,1,1,1,1"
"2026-06-07 13:22:53",0.00627,12.258228302001953,1854.0,1133.0,1133.0,3.0859375,-1.58203125,-1.5234375,"1,1,1,1,1,1,1"
"2026-06-07 13:22:53",0.00628,12.258228302001953,1854.0,1133.0,1133.0,3.0859375,-1.6015625,-1.58203125,"1,1,1,1,1,1,1"
"2026-06-07 13:22:53",0.00629,12.273417472839355,1854.0,1133.0,1133.0,3.125,-1.62109375,-1.6015625,"1,1,1,1,1,1,1"
"2026-06-07 13:22:53",0.0063,12.288607597351074,1854.0,1133.0,1133.0,3.14453125,-1.62109375,-1.6015625,"1,1,1,1,1,1,1"
"2026-06-07 13:22:53",0.00631,12.258228302001953,1854.0,1133.0,1133.0,3.18359375,-1.66015625,-1.6015625,"1,1,1,1,1,1,1"
"2026-06-07 13:22:53",0.00632,12.288607597351074,1854.0,1133.0,1133.0,3.203125,-1.66015625,-1.62109375,"1,1,1,1,1,1,1"
"2026-06-07 13:22:53",0.00633,12.288607597351074,1854.0,1133.0,1133.0,3.22265625,-1.640625,-1.640625,"1,1,1,1,1,1,1"
"2026-06-07 13:22:53",0.00634,12.288607597351074,1854.0,1133.0,1133.0,3.2421875,-1.640625,-1.62109375,"1,1,1,1,1,1,1"
"2026-06-07 13:22:53",0.00635,12.288607597351074,1854.0,1133.0,1133.0,3.2421875,-1.66015625,-1.640625,"1,1,1,1,1,1,1"
"2026-06-07 13:22:53",0.00636,12.288607597351074,1854.0,1133.0,1133.0,3.26171875,-1.69921875,-1.6796875,"1,1,1,1,1,1,1"
"2026-06-07 13:22:53",0.00637,12.303797721862793,1854.0,1133.0,1133.0,3.30078125,-1.69921875,-1.69921875,"1,1,1,1,1,1,1"
"2026-06-07 13:22:53",0.00638,12.288607597351074,1854.0,1133.0,1133.0,3.33984375,-1.69921875,-1.69921875,"1,1,1,1,1,1,1"
"2026-06-07 13:22:53",0.00639,12.303797721862793,1854.0,1133.0,1133.0,3.359375,-1.69921875,-1.6796875,"1,1,1,1,1,1,1"
"2026-06-07 13:22:53",0.0064,12.318986892700195,1854.0,1133.0,1133.0,3.37890625,-1.73828125,-1.69921875,"1,1,1,1,1,1,1"
"2026-06-07 13:22:53",0.00641,12.303797721862793,1854.0,1133.0,1133.0,3.37890625,-1.7578125,-1.71875,"1,1,1,1,1,1,1"
"2026-06-07 13:22:53",0.00642,12.318986892700195,1854.0,1133.0,1133.0,3.3984375,-1.73828125,-1.71875,"1,1,1,1,1,1,1"
"2026-06-07 13:22:53",0.00643,12.334177017211914,1854.0,1133.0,1133.0,3.41796875,-1.7578125,-1.71875,"1,1,1,1,1,1,1"
"2026-06-07 13:22:53",0.00644,12.318986892700195,1854.0,1133.0,1133.0,3.4375,-1.77734375,-1.73828125,"1,1,1,1,1,1,1"
"2026-06-07 13:22:53",0.00645,12.334177017211914,1854.0,1133.0,1133.0,3.4765625,-1.7578125,-1.71875,"1,1,1,1,1,1,1"
"2026-06-07 13:22:53",0.00646,12.334177017211914,1854.0,1133.0,1133.0,3.45703125,-1.7578125,-1.77734375,"1,1,1,1,1,1,1"
"2026-06-07 13:22:53",0.00647,12.349367141723633,1854.0,1133.0,1133.0,3.4375,-1.796875,-1.7578125,"1,1,1,1,1,1,1"
"2026-06-07 13:22:53",0.00648,12.334177017211914,1854.0,1133.0,1133.0,3.4765625,-1.796875,-1.796875,"1,1,1,1,1,1,1"
"2026-06-07 13:22:53",0.00649,12.334177017211914,1854.0,1133.0,1133.0,3.49609375,-1.85546875,-1.796875,"1,1,1,1,1,1,1"
"2026-06-07 13:22:53",0.0065,12.334177017211914,1854.0,1133.0,1133.0,3.49609375,-1.81640625,-1.875,"1,1,1,1,1,1,1"
"2026-06-07 13:22:53",0.00651,12.334177017211914,1854.0,1133.0,1133.0,3.515625,-1.796875,-1.796875,"1,1,1,1,1,1,1"
"2026-06-07 13:22:53",0.00652,12.334177017211914,1854.0,1133.0,1133.0,3.53515625,-1.85546875,-1.81640625,"1,1,1,1,1,1,1"
"2026-06-07 13:22:53",0.00653,12.334177017211914,1854.0,1133.0,1133.0,3.57421875,-1.85546875,-1.8359375,"1,1,1,1,1,1,1"
"2026-06-07 13:22:53",0.00654,12.334177017211914,1854.0,1133.0,1133.0,3.57421875,-1.85546875,-1.81640625,"1,1,1,1,1,1,1"
"2026-06-07 13:22:53",0.00655,12.334177017211914,1854.0,1133.0,1133.0,3.6328125,-1.85546875,-1.796875,"1,1,1,1,1,1,1"
"2026-06-07 13:22:53",0.00656,12.334177017211914,1854.0,1133.0,1133.0,3.59375,-1.8359375,-1.85546875,"1,1,1,1,1,1,1"
"2026-06-07 13:22:53",0.00657,12.318986892700195,1854.0,1133.0,1133.0,3.61328125,-1.8359375,-1.8359375,"1,1,1,1,1,1,1"
"2026-06-07 13:22:53",0.00658,12.334177017211914,1854.0,1133.0,1133.0,3.6328125,-1.85546875,-1.8359375,"1,1,1,1,1,1,1"
"2026-06-07 13:22:53",0.00659,12.334177017211914,1854.0,1133.0,1133.0,3.61328125,-1.89453125,-1.85546875,"1,1,1,1,1,1,1"
"2026-06-07 13:22:53",0.0066,12.334177017211914,1854.0,1133.0,1133.0,3.61328125,-1.85546875,-1.8359375,"1,1,1,1,1,1,1"
"2026-06-07 13:22:53",0.00661,12.334177017211914,1854.0,1133.0,1133.0,3.6328125,-1.9140625,-1.85546875,"1,1,1,1,1,1,1"
"2026-06-07 13:22:53",0.00662,12.334177017211914,1854.0,1133.0,1133.0,3.6328125,-1.89453125,-1.875,"1,1,1,1,1,1,1"
"2026-06-07 13:22:53",0.00663,12.334177017211914,1854.0,1133.0,1133.0,3.65234375,-1.89453125,-1.8359375,"1,1,1,1,1,1,1"
"2026-06-07 13:22:53",0.00664,12.349367141723633,1854.0,1133.0,1133.0,3.65234375,-1.89453125,-1.8359375,"1,1,1,1,1,1,1"
"2026-06-07 13:22:53",0.00665,12.349367141723633,1854.0,1133.0,1133.0,3.671875,-1.89453125,-1.85546875,"1,1,1,1,1,1,1"
"2026-06-07 13:22:53",0.00666,12.318986892700195,1854.0,1133.0,1133.0,3.671875,-1.89453125,-1.85546875,"1,1,1,1,1,1,1"
"2026-06-07 13:22:53",0.00667,12.318986892700195,1854.0,1133.0,1133.0,3.65234375,-1.89453125,-1.8359375,"1,1,1,1,1,1,1"
"2026-06-07 13:22:53",0.00668,12.349367141723633,1854.0,1133.0,1133.0,3.671875,-1.93359375,-1.875,"1,1,1,1,1,1,1"
"2026-06-07 13:22:53",0.00669,12.334177017211914,1854.0,1133.0,1133.0,3.73046875,-1.89453125,-1.875,"1,1,1,1,1,1,1"
"2026-06-07 13:22:53",0.0067,12.334177017211914,1854.0,1133.0,1133.0,3.7109375,-1.9140625,-1.8359375,"1,1,1,1,1,1,1"
"2026-06-07 13:22:53",0.00671,12.334177017211914,1854.0,1133.0,1133.0,3.69140625,-1.9140625,-1.8359375,"1,1,1,1,1,1,1"
"2026-06-07 13:22:53",0.00672,12.334177017211914,1854.0,1133.0,1133.0,3.75,-1.9140625,-1.8359375,"1,1,1,1,1,1,1"
"2026-06-07 13:22:53",0.00673,12.349367141723633,1854.0,1133.0,1133.0,3.7109375,-1.9140625,-1.89453125,"1,1,1,1,1,1,1"
"2026-06-07 13:22:53",0.00674,12.334177017211914,1854.0,1133.0,1133.0,3.73046875,-1.9140625,-1.875,"1,1,1,1,1,1,1"
"2026-06-07 13:22:53",0.00675,12.334177017211914,1854.0,1133.0,1133.0,3.76953125,-1.9140625,-1.93359375,"1,1,1,1,1,1,1"
"2026-06-07 13:22:53",0.00676,12.334177017211914,1854.0,1133.0,1133.0,3.75,-1.953125,-1.875,"1,1,1,1,1,1,1"
"2026-06-07 13:22:53",0.00677,12.334177017211914,1854.0,1133.0,1133.0,3.75,-1.953125,-1.89453125,"1,1,1,1,1,1,1"
"2026-06-07 13:22:53",0.00678,12.349367141723633,1854.0,1133.0,1133.0,3.76953125,-1.97265625,-1.89453125,"1,1,1,1,1,1,1"
"2026-06-07 13:22:53",0.00679,12.334177017211914,1854.0,1133.0,1133.0,3.7890625,-1.953125,-1.93359375,"1,1,1,1,1,1,1"
"2026-06-07 13:22:53",0.0068,12.334177017211914,1854.0,1133.0,1133.0,3.76953125,-1.93359375,-1.93359375,"1,1,1,1,1,1,1"
"2026-06-07 13:22:53",0.00681,12.334177017211914,1854.0,1133.0,1133.0,3.80859375,-1.9140625,-1.93359375,"1,1,1,1,1,1,1"
"2026-06-07 13:22:53",0.00682,12.349367141723633,1854.0,1133.0,1133.0,3.7890625,-1.93359375,-1.89453125,"1,1,1,1,1,1,1"
"2026-06-07 13:22:53",0.00683,12.349367141723633,1854.0,1133.0,1133.0,3.76953125,-1.97265625,-1.9140625,"1,1,1,1,1,1,1"
"2026-06-07 13:22:53",0.00684,12.318986892700195,1854.0,1133.0,1133.0,3.828125,-1.953125,-1.85546875,"1,1,1,1,1,1,1"
"2026-06-07 13:22:53",0.00685,12.334177017211914,1854.0,1133.0,1133.0,3.828125,-1.93359375,-1.9140625,"1,1,1,1,1,1,1"
"2026-06-07 13:22:53",0.00686,12.334177017211914,1854.0,1133.0,1133.0,3.80859375,-1.953125,-1.9140625,"1,1,1,1,1,1,1"
"2026-06-07 13:22:53",0.00687,12.349367141723633,1854.0,1133.0,1133.0,3.84765625,-1.953125,-1.953125,"1,1,1,1,1,1,1"
"2026-06-07 13:22:53",0.00688,12.349367141723633,1854.0,1133.0,1133.0,3.84765625,-1.953125,-1.953125,"1,1,1,1,1,1,1"
"2026-06-07 13:22:53",0.00689,12.349367141723633,1854.0,1133.0,1133.0,3.80859375,-1.953125,-1.9140625,"1,1,1,1,1,1,1"
"2026-06-07 13:22:53",0.0069,12.334177017211914,1854.0,1133.0,1133.0,3.88671875,-1.9140625,-1.9140625,"1,1,1,1,1,1,1"
"2026-06-07 13:22:53",0.00691,12.349367141723633,1854.0,1133.0,1133.0,3.84765625,-1.97265625,-1.89453125,"1,1,1,1,1,1,1"
"2026-06-07 13:22:53",0.00692,12.364557266235352,1854.0,1133.0,1133.0,3.84765625,-1.97265625,-1.93359375,"1,1,1,1,1,1,1"
"2026-06-07 13:22:53",0.00693,12.364557266235352,1854.0,1133.0,1133.0,3.828125,-1.9921875,-1.9140625,"1,1,1,1,1,1,1"
"2026-06-07 13:22:53",0.00694,12.334177017211914,1854.0,1133.0,1133.0,3.8671875,-1.9921875,-1.89453125,"1,1,1,1,1,1,1"
"2026-06-07 13:22:53",0.00695,12.334177017211914,1854.0,1133.0,1133.0,3.8671875,-2.01171875,-1.89453125,"1,1,1,1,1,1,1"
"2026-06-07 13:22:53",0.00696,12.349367141723633,1854.0,1133.0,1133.0,3.8671875,-1.9921875,-1.89453125,"1,1,1,1,1,1,1"
"2026-06-07 13:22:53",0.00697,12.349367141723633,1854.0,1133.0,1133.0,3.90625,-2.03125,-1.9140625,"1,1,1,1,1,1,1"
"2026-06-07 13:22:53",0.00698,12.318986892700195,1854.0,1133.0,1133.0,3.84765625,-1.97265625,-1.953125,"1,1,1,1,1,1,1"
"2026-06-07 13:22:53",0.00699,12.334177017211914,1854.0,1133.0,1133.0,3.828125,-1.97265625,-1.9140625,"1,1,1,1,1,1,1"
"2026-06-07 13:22:53",0.007,12.349367141723633,1854.0,1133.0,1133.0,3.828125,-2.01171875,-1.93359375,"1,1,1,1,1,1,1"
"2026-06-07 13:22:53",0.00701,12.349367141723633,1854.0,1133.0,1133.0,3.828125,-1.97265625,-1.875,"1,1,1,1,1,1,1"
"2026-06-07 13:22:53",0.00702,12.334177017211914,1854.0,1133.0,1133.0,3.828125,-2.05078125,-1.9140625,"1,1,1,1,1,1,1"
"2026-06-07 13:22:53",0.00703,12.334177017211914,1854.0,1133.0,1133.0,3.84765625,-1.9921875,-1.875,"1,1,1,1,1,1,1"
"2026-06-07 13:22:53",0.00704,12.349367141723633,1854.0,1133.0,1133.0,3.8671875,-1.97265625,-1.89453125,"1,1,1,1,1,1,1"
"2026-06-07 13:22:53",0.00705,12.349367141723633,1854.0,1133.0,1133.0,3.84765625,-1.9921875,-1.89453125,"1,1,1,1,1,1,1"
"2026-06-07 13:22:53",0.00706,12.349367141723633,1854.0,1133.0,1133.0,3.8671875,-1.9921875,-1.93359375,"1,1,1,1,1,1,1"
"2026-06-07 13:22:53",0.00707,12.349367141723633,1854.0,1133.0,1133.0,3.828125,-1.9921875,-1.93359375,"1,1,1,1,1,1,1"
"2026-06-07 13:22:53",0.00708,12.334177017211914,1854.0,1133.0,1133.0,3.8671875,-1.97265625,-1.9140625,"1,1,1,1,1,1,1"
"2026-06-07 13:22:53",0.00709,12.349367141723633,1854.0,1133.0,1133.0,3.8671875,-1.97265625,-1.953125,"1,1,1,1,1,1,1"
"2026-06-07 13:22:53",0.0071,12.364557266235352,1854.0,1133.0,1133.0,3.84765625,-1.97265625,-1.97265625,"1,1,1,1,1,1,1"
"2026-06-07 13:22:53",0.00711,12.349367141723633,1854.0,1133.0,1133.0,3.8671875,-1.9921875,-1.953125,"1,1,1,1,1,1,1"
"2026-06-07 13:22:53",0.00712,12.334177017211914,1854.0,1133.0,1133.0,3.88671875,-1.9921875,-1.97265625,"1,1,1,1,1,1,1"
"2026-06-07 13:22:53",0.00713,12.334177017211914,1854.0,1133.0,1133.0,3.8671875,-1.9921875,-1.97265625,"1,1,1,1,1,1,1"
"2026-06-07 13:22:53",0.00714,12.349367141723633,1854.0,1133.0,1133.0,3.90625,-1.97265625,-1.97265625,"1,1,1,1,1,1,1"
"2026-06-07 13:22:53",0.00715,12.364557266235352,1854.0,1133.0,1133.0,3.92578125,-2.08984375,-1.89453125,"1,1,1,1,1,1,1"
"2026-06-07 13:22:53",0.00716,12.334177017211914,1854.0,1133.0,1133.0,3.90625,-2.08984375,-1.9140625,"1,1,1,1,1,1,1"
"2026-06-07 13:22:53",0.00717,12.334177017211914,1854.0,1133.0,1133.0,3.90625,-2.03125,-1.93359375,"1,1,1,1,1,1,1"
"2026-06-07 13:22:53",0.00718,12.349367141723633,1854.0,1133.0,1133.0,3.8671875,-1.953125,-1.953125,"1,1,1,1,1,1,1"
"2026-06-07 13:22:53",0.00719,12.349367141723633,1854.0,1133.0,1133.0,3.8671875,-2.01171875,-1.93359375,"1,1,1,1,1,1,1"
"2026-06-07 13:22:53",0.0072,12.334177017211914,1854.0,1133.0,1133.0,3.90625,-2.03125,-1.93359375,"1,1,1,1,1,1,1"
"2026-06-07 13:22:53",0.00721,12.349367141723633,1854.0,1133.0,1133.0,3.90625,-1.97265625,-1.93359375,"1,1,1,1,1,1,1"
"2026-06-07 13:22:53",0.00722,12.364557266235352,1854.0,1133.0,1133.0,3.8671875,-1.93359375,-1.953125,"1,1,1,1,1,1,1"
"2026-06-07 13:22:53",0.00723,12.364557266235352,1854.0,1133.0,1133.0,3.90625,-2.01171875,-1.9140625,"1,1,1,1,1,1,1"
"2026-06-07 13:22:53",0.00724,12.349367141723633,1854.0,1133.0,1133.0,3.88671875,-1.89453125,-1.93359375,"1,1,1,1,1,1,1"
"2026-06-07 13:22:53",0.00725,12.349367141723633,1854.0,1133.0,1133.0,3.90625,-1.953125,-1.93359375,"1,1,1,1,1,1,1"
"2026-06-07 13:22:53",0.00726,12.334177017211914,1854.0,1133.0,1133.0,3.90625,-2.01171875,-1.9140625,"1,1,1,1,1,1,1"
"2026-06-07 13:22:53",0.00727,12.364557266235352,1854.0,1133.0,1133.0,3.90625,-2.01171875,-1.953125,"1,1,1,1,1,1,1"
"2026-06-07 13:22:53",0.00728,12.364557266235352,1854.0,1133.0,1133.0,3.90625,-1.9921875,-1.953125,"1,1,1,1,1,1,1"
"2026-06-07 13:22:53",0.00729,12.364557266235352,1854.0,1133.0,1133.0,3.90625,-1.97265625,-1.953125,"1,1,1,1,1,1,1"
"2026-06-07 13:22:53",0.0073,12.334177017211914,1854.0,1133.0,1133.0,3.90625,-2.01171875,-1.9921875,"1,1,1,1,1,1,1"
"2026-06-07 13:22:53",0.00731,12.349367141723633,1854.0,1133.0,1133.0,3.88671875,-1.953125,-1.953125,"1,1,1,1,1,1,1"
"2026-06-07 13:22:53",0.00732,12.364557266235352,1854.0,1133.0,1133.0,3.90625,-2.01171875,-1.953125,"1,1,1,1,1,1,1"
"2026-06-07 13:22:53",0.00733,12.364557266235352,1854.0,1133.0,1133.0,3.88671875,-1.953125,-1.953125,"1,1,1,1,1,1,1"
"2026-06-07 13:22:53",0.00734,12.349367141723633,1854.0,1133.0,1133.0,3.92578125,-1.97265625,-1.97265625,"1,1,1,1,1,1,1"
"2026-06-07 13:22:53",0.00735,12.334177017211914,1854.0,1133.0,1133.0,3.90625,-1.97265625,-1.953125,"1,1,1,1,1,1,1"
"2026-06-07 13:22:53",0.00736,12.364557266235352,1854.0,1133.0,1133.0,3.90625,-1.97265625,-1.953125,"1,1,1,1,1,1,1"
"2026-06-07 13:22:53",0.00737,12.349367141723633,1854.0,1133.0,1133.0,3.90625,-2.01171875,-1.97265625,"1,1,1,1,1,1,1"
"2026-06-07 13:22:53",0.00738,12.364557266235352,1854.0,1133.0,1133.0,3.90625,-2.01171875,-1.953125,"1,1,1,1,1,1,1"
"2026-06-07 13:22:53",0.00739,12.334177017211914,1854.0,1133.0,1133.0,3.92578125,-2.03125,-1.93359375,"1,1,1,1,1,1,1"
"2026-06-07 13:22:53",0.0074,12.364557266235352,1854.0,1133.0,1133.0,3.9453125,-1.9921875,-1.953125,"1,1,1,1,1,1,1"
"2026-06-07 13:22:53",0.00741,12.349367141723633,1854.0,1133.0,1133.0,3.9453125,-1.9921875,-1.97265625,"1,1,1,1,1,1,1"
"2026-06-07 13:22:53",0.00742,12.364557266235352,1854.0,1133.0,1133.0,3.9453125,-1.9921875,-1.97265625,"1,1,1,1,1,1,1"
"2026-06-07 13:22:53",0.00743,12.379746437072754,1854.0,1133.0,1133.0,3.9453125,-1.97265625,-1.953125,"1,1,1,1,1,1,1"
"2026-06-07 13:22:53",0.00744,12.349367141723633,1854.0,1133.0,1133.0,3.9453125,-1.9921875,-1.953125,"1,1,1,1,1,1,1"
"2026-06-07 13:22:53",0.00745,12.349367141723633,1854.0,1133.0,1133.0,3.92578125,-1.97265625,-1.97265625,"1,1,1,1,1,1,1"
"2026-06-07 13:22:53",0.00746,12.364557266235352,1854.0,1133.0,1133.0,3.92578125,-2.03125,-1.953125,"1,1,1,1,1,1,1"
"2026-06-07 13:22:53",0.00747,12.364557266235352,1854.0,1133.0,1133.0,3.9453125,-1.9921875,-1.953125,"1,1,1,1,1,1,1"
"2026-06-07 13:22:53",0.00748,12.364557266235352,1854.0,1133.0,1133.0,3.9453125,-2.01171875,-1.97265625,"1,1,1,1,1,1,1"
"2026-06-07 13:22:53",0.00749,12.349367141723633,1854.0,1133.0,1133.0,3.9453125,-1.9921875,-1.97265625,"1,1,1,1,1,1,1"
"2026-06-07 13:22:53",0.0075,12.364557266235352,1854.0,1133.0,1133.0,3.92578125,-2.01171875,-1.9921875,"1,1,1,1,1,1,1"
"2026-06-07 13:22:53",0.00751,12.364557266235352,1854.0,1133.0,1133.0,3.90625,-2.03125,-1.9921875,"1,1,1,1,1,1,1"
"2026-06-07 13:22:53",0.00752,12.349367141723633,1854.0,1133.0,1133.0,3.9453125,-1.9921875,-2.03125,"1,1,1,1,1,1,1"
"2026-06-07 13:22:53",0.00753,12.364557266235352,1854.0,1133.0,1133.0,3.90625,-1.9921875,-1.9921875,"1,1,1,1,1,1,1"
"2026-06-07 13:22:53",0.00754,12.364557266235352,1854.0,1133.0,1133.0,3.9453125,-1.97265625,-1.9921875,"1,1,1,1,1,1,1"
"2026-06-07 13:22:53",0.00755,12.364557266235352,1854.0,1133.0,1133.0,3.90625,-1.9921875,-1.953125,"1,1,1,1,1,1,1"
"2026-06-07 13:22:53",0.00756,12.364557266235352,1854.0,1133.0,1133.0,3.92578125,-2.01171875,-1.93359375,"1,1,1,1,1,1,1"
"2026-06-07 13:22:53",0.00757,12.364557266235352,1854.0,1133.0,1133.0,3.92578125,-2.05078125,-1.953125,"1,1,1,1,1,1,1"
"2026-06-07 13:22:53",0.00758,12.334177017211914,1854.0,1133.0,1133.0,3.92578125,-2.01171875,-1.97265625,"1,1,1,1,1,1,1"
"2026-06-07 13:22:53",0.00759,12.364557266235352,1854.0,1133.0,1133.0,3.9453125,-2.01171875,-2.03125,"1,1,1,1,1,1,1"
"2026-06-07 13:22:53",0.0076,12.364557266235352,1854.0,1133.0,1133.0,3.90625,-2.03125,-1.953125,"1,1,1,1,1,1,1"
"2026-06-07 13:22:53",0.00761,12.364557266235352,1854.0,1133.0,1133.0,3.90625,-2.01171875,-1.97265625,"1,1,1,1,1,1,1"
"2026-06-07 13:22:53",0.00762,12.364557266235352,1854.0,1133.0,1133.0,3.88671875,-1.9921875,-1.9921875,"1,1,1,1,1,1,1"
"2026-06-07 13:22:53",0.00763,12.364557266235352,1854.0,1133.0,1133.0,3.88671875,-2.01171875,-1.953125,"1,1,1,1,1,1,1"
"2026-06-07 13:22:53",0.00764,12.364557266235352,1854.0,1133.0,1133.0,3.9453125,-2.01171875,-1.97265625,"1,1,1,1,1,1,1"
"2026-06-07 13:22:53",0.00765,12.364557266235352,1854.0,1133.0,1133.0,3.9453125,-1.9921875,-1.97265625,"1,1,1,1,1,1,1"
"2026-06-07 13:22:53",0.00766,12.349367141723633,1854.0,1133.0,1133.0,3.92578125,-1.9921875,-1.953125,"1,1,1,1,1,1,1"
"2026-06-07 13:22:53",0.00767,12.334177017211914,1854.0,1133.0,1133.0,3.92578125,-2.01171875,-1.93359375,"1,1,1,1,1,1,1"
"2026-06-07 13:22:53",0.00768,12.364557266235352,1854.0,1133.0,1133.0,3.9453125,-2.01171875,-1.9140625,"1,1,1,1,1,1,1"
"2026-06-07 13:22:53",0.00769,12.364557266235352,1854.0,1133.0,1133.0,3.96484375,-2.03125,-1.9140625,"1,1,1,1,1,1,1"
"2026-06-07 13:22:53",0.0077,12.379746437072754,1854.0,1133.0,1133.0,3.9453125,-1.9921875,-1.9140625,"1,1,1,1,1,1,1"
"2026-06-07 13:22:53",0.00771,12.349367141723633,1854.0,1133.0,1133.0,3.96484375,-2.01171875,-1.953125,"1,1,1,1,1,1,1"
"2026-06-07 13:22:53",0.00772,12.349367141723633,1854.0,1133.0,1133.0,3.96484375,-2.01171875,-1.953125,"1,1,1,1,1,1,1"
"2026-06-07 13:22:53",0.00773,12.364557266235352,1854.0,1133.0,1133.0,3.9453125,-2.01171875,-1.953125,"1,1,1,1,1,1,1"
"2026-06-07 13:22:53",0.00774,12.364557266235352,1854.0,1133.0,1133.0,3.96484375,-2.01171875,-1.93359375,"1,1,1,1,1,1,1"
"2026-06-07 13:22:53",0.00775,12.364557266235352,1854.0,1133.0,1133.0,3.92578125,-2.01171875,-1.93359375,"1,1,1,1,1,1,1"
"2026-06-07 13:22:53",0.00776,12.364557266235352,1854.0,1133.0,1133.0,3.9453125,-2.01171875,-1.953125,"1,1,1,1,1,1,1"
"2026-06-07 13:22:53",0.00777,12.349367141723633,1854.0,1133.0,1133.0,3.9453125,-2.03125,-1.953125,"1,1,1,1,1,1,1"
"2026-06-07 13:22:53",0.00778,12.364557266235352,1854.0,1133.0,1133.0,3.984375,-2.01171875,-1.953125,"1,1,1,1,1,1,1"
"2026-06-07 13:22:53",0.00779,12.364557266235352,1854.0,1133.0,1133.0,3.9453125,-2.01171875,-1.93359375,"1,1,1,1,1,1,1"
"2026-06-07 13:22:53",0.0078,12.349367141723633,1854.0,1133.0,1133.0,3.9453125,-2.01171875,-1.93359375,"1,1,1,1,1,1,1"
"2026-06-07 13:22:53",0.00781,12.349367141723633,1854.0,1133.0,1133.0,3.75,-2.05078125,-1.953125,"1,1,1,1,1,1,1"
"2026-06-07 13:22:53",0.00782,12.364557266235352,1854.0,1133.0,1133.0,4.16015625,-2.03125,-1.953125,"1,1,1,1,1,1,1"
"2026-06-07 13:22:53",0.00783,12.364557266235352,1854.0,1133.0,1133.0,3.96484375,-2.03125,-1.97265625,"1,1,1,1,1,1,1"
"2026-06-07 13:22:53",0.00784,12.364557266235352,1854.0,1133.0,1133.0,4.1015625,-2.01171875,-1.9921875,"1,1,1,1,1,1,1"
"2026-06-07 13:22:53",0.00785,12.364557266235352,1854.0,1133.0,1133.0,3.984375,-2.01171875,-1.953125,"1,1,1,1,1,1,1"
"2026-06-07 13:22:53",0.00786,12.379746437072754,1854.0,1133.0,1133.0,3.9453125,-2.01171875,-1.953125,"1,1,1,1,1,1,1"
"2026-06-07 13:22:53",0.00787,12.364557266235352,1854.0,1133.0,1133.0,4.0234375,-2.01171875,-1.953125,"1,1,1,1,1,1,1"
"2026-06-07 13:22:53",0.00788,12.349367141723633,1854.0,1133.0,1133.0,4.0234375,-2.01171875,-1.953125,"1,1,1,1,1,1,1"
"2026-06-07 13:22:53",0.00789,12.364557266235352,1854.0,1133.0,1133.0,3.90625,-2.01171875,-1.953125,"1,1,1,1,1,1,1"
"2026-06-07 13:22:53",0.0079,12.349367141723633,1854.0,1133.0,1133.0,4.00390625,-2.03125,-1.97265625,"1,1,1,1,1,1,1"
"2026-06-07 13:22:53",0.00791,12.364557266235352,1854.0,1133.0,1133.0,4.00390625,-1.9921875,-1.97265625,"1,1,1,1,1,1,1"
"2026-06-07 13:22:53",0.00792,12.364557266235352,1854.0,1133.0,1133.0,3.88671875,-1.9921875,-1.97265625,"1,1,1,1,1,1,1"
"2026-06-07 13:22:53",0.00793,12.349367141723633,1854.0,1133.0,1133.0,3.96484375,-2.05078125,-1.9921875,"1,1,1,1,1,1,1"
"2026-06-07 13:22:53",0.00794,12.349367141723633,1854.0,1133.0,1133.0,4.00390625,-2.05078125,-1.97265625,"1,1,1,1,1,1,1"
"2026-06-07 13:22:53",0.00795,12.364557266235352,1854.0,1133.0,1133.0,3.9453125,-2.05078125,-1.953125,"1,1,1,1,1,1,1"
"2026-06-07 13:22:53",0.00796,12.349367141723633,1854.0,1133.0,1133.0,3.96484375,-1.9921875,-1.9921875,"1,1,1,1,1,1,1"
"2026-06-07 13:22:53",0.00797,12.364557266235352,1854.0,1133.0,1133.0,4.0234375,-1.9921875,-1.97265625,"1,1,1,1,1,1,1"
"2026-06-07 13:22:53",0.00798,12.349367141723633,1854.0,1133.0,1133.0,3.96484375,-2.01171875,-1.97265625,"1,1,1,1,1,1,1"
"2026-06-07 13:22:53",0.00799,12.364557266235352,1854.0,1133.0,1133.0,3.96484375,-2.01171875,-1.97265625,"1,1,1,1,1,1,1"
"2026-06-07 13:22:53",0.008,12.364557266235352,1854.0,1133.0,1133.0,3.96484375,-2.01171875,-1.953125,"1,1,1,1,1,1,1"
"2026-06-07 13:22:53",0.00801,12.364557266235352,1854.0,1133.0,1133.0,3.92578125,-2.05078125,-1.93359375,"1,1,1,1,1,1,1"
"2026-06-07 13:22:53",0.00802,12.364557266235352,1854.0,1133.0,1133.0,3.92578125,-2.01171875,-2.01171875,"1,1,1,1,1,1,1"
"2026-06-07 13:22:53",0.00803,12.334177017211914,1854.0,1133.0,1133.0,3.9453125,-2.03125,-1.953125,"1,1,1,1,1,1,1"
"2026-06-07 13:22:53",0.00804,12.364557266235352,1854.0,1133.0,1133.0,3.984375,-2.01171875,-1.93359375,"1,1,1,1,1,1,1"
"2026-06-07 13:22:53",0.00805,12.364557266235352,1854.0,1133.0,1133.0,3.984375,-2.03125,-1.93359375,"1,1,1,1,1,1,1"
"2026-06-07 13:22:53",0.00806,12.379746437072754,1854.0,1133.0,1133.0,3.96484375,-2.01171875,-1.97265625,"1,1,1,1,1,1,1"
"2026-06-07 13:22:53",0.00807,12.334177017211914,1854.0,1133.0,1133.0,3.96484375,-2.05078125,-1.97265625,"1,1,1,1,1,1,1"
"2026-06-07 13:22:53",0.00808,12.364557266235352,1854.0,1133.0,1133.0,3.9453125,-1.9921875,-1.953125,"1,1,1,1,1,1,1"
"2026-06-07 13:22:53",0.00809,12.349367141723633,1854.0,1133.0,1133.0,3.9453125,-1.9921875,-1.97265625,"1,1,1,1,1,1,1"
"2026-06-07 13:22:53",0.0081,12.364557266235352,1854.0,1133.0,1133.0,3.9453125,-2.01171875,-1.97265625,"1,1,1,1,1,1,1"
"2026-06-07 13:22:53",0.00811,12.364557266235352,1854.0,1133.0,1133.0,3.9453125,-2.01171875,-1.953125,"1,1,1,1,1,1,1"
"2026-06-07 13:22:53",0.00812,12.364557266235352,1854.0,1133.0,1133.0,3.96484375,-2.01171875,-1.953125,"1,1,1,1,1,1,1"
"2026-06-07 13:22:53",0.00813,12.334177017211914,1854.0,1133.0,1133.0,3.9453125,-2.01171875,-1.97265625,"1,1,1,1,1,1,1"
"2026-06-07 13:22:53",0.00814,12.364557266235352,1854.0,1133.0,1133.0,3.9453125,-1.9921875,-1.953125,"1,1,1,1,1,1,1"
"2026-06-07 13:22:53",0.00815,12.394936561584473,1854.0,1133.0,1133.0,3.92578125,-1.97265625,-1.953125,"1,1,1,1,1,1,1"
"2026-06-07 13:22:53",0.00816,12.364557266235352,1854.0,1133.0,1133.0,3.9453125,-1.9921875,-1.953125,"1,1,1,1,1,1,1"
"2026-06-07 13:22:53",0.00817,12.349367141723633,1854.0,1133.0,1133.0,3.92578125,-2.03125,-1.97265625,"1,1,1,1,1,1,1"
"2026-06-07 13:22:53",0.00818,12.364557266235352,1854.0,1133.0,1133.0,3.96484375,-2.03125,-1.953125,"1,1,1,1,1,1,1"
"2026-06-07 13:22:53",0.00819,12.364557266235352,1854.0,1133.0,1133.0,3.9453125,-2.01171875,-1.97265625,"1,1,1,1,1,1,1"
"2026-06-07 13:22:53",0.0082,12.364557266235352,1854.0,1133.0,1133.0,3.9453125,-1.9921875,-1.97265625,"1,1,1,1,1,1,1"
"2026-06-07 13:22:53",0.00821,12.349367141723633,1854.0,1133.0,1133.0,3.96484375,-1.97265625,-1.97265625,"1,1,1,1,1,1,1"
"2026-06-07 13:22:53",0.00822,12.334177017211914,1854.0,1133.0,1133.0,3.984375,-2.01171875,-1.97265625,"1,1,1,1,1,1,1"
"2026-06-07 13:22:53",0.00823,12.364557266235352,1854.0,1133.0,1133.0,3.984375,-2.01171875,-1.97265625,"1,1,1,1,1,1,1"
"2026-06-07 13:22:53",0.00824,12.364557266235352,1854.0,1133.0,1133.0,3.96484375,-2.01171875,-1.97265625,"1,1,1,1,1,1,1"
"2026-06-07 13:22:53",0.00825,12.379746437072754,1854.0,1133.0,1133.0,3.9453125,-2.01171875,-1.9921875,"1,1,1,1,1,1,1"
"2026-06-07 13:22:53",0.00826,12.349367141723633,1854.0,1133.0,1133.0,3.9453125,-1.9921875,-1.9921875,"1,1,1,1,1,1,1"
"2026-06-07 13:22:53",0.00827,12.349367141723633,1854.0,1133.0,1133.0,3.96484375,-2.05078125,-1.9921875,"1,1,1,1,1,1,1"
"2026-06-07 13:22:53",0.00828,12.364557266235352,1854.0,1133.0,1133.0,3.96484375,-2.05078125,-1.953125,"1,1,1,1,1,1,1"
"2026-06-07 13:22:53",0.00829,12.379746437072754,1854.0,1133.0,1133.0,3.9453125,-1.9921875,-1.953125,"1,1,1,1,1,1,1"
"2026-06-07 13:22:53",0.0083,12.349367141723633,1854.0,1133.0,1133.0,3.984375,-2.01171875,-1.953125,"1,1,1,1,1,1,1"
"2026-06-07 13:22:53",0.00831,12.364557266235352,1854.0,1133.0,1133.0,4.00390625,-2.03125,-1.97265625,"1,1,1,1,1,1,1"
"2026-06-07 13:22:53",0.00832,12.364557266235352,1854.0,1133.0,1133.0,4.00390625,-2.01171875,-1.953125,"1,1,1,1,1,1,1"
"2026-06-07 13:22:53",0.00833,12.364557266235352,1854.0,1133.0,1133.0,3.984375,-2.03125,-1.953125,"1,1,1,1,1,1,1"
"2026-06-07 13:22:53",0.00834,12.379746437072754,1854.0,1133.0,1133.0,3.984375,-1.97265625,-1.953125,"1,1,1,1,1,1,1"
"2026-06-07 13:22:53",0.00835,12.334177017211914,1854.0,1133.0,1133.0,3.96484375,-2.01171875,-1.97265625,"1,1,1,1,1,1,1"
"2026-06-07 13:22:53",0.00836,12.349367141723633,1854.0,1133.0,1133.0,3.984375,-2.01171875,-1.97265625,"1,1,1,1,1,1,1"
"2026-06-07 13:22:53",0.00837,12.364557266235352,1854.0,1133.0,1133.0,3.9453125,-1.9921875,-1.93359375,"1,1,1,1,1,1,1"
"2026-06-07 13:22:53",0.00838,12.364557266235352,1854.0,1133.0,1133.0,3.96484375,-1.9921875,-1.93359375,"1,1,1,1,1,1,1"
"2026-06-07 13:22:53",0.00839,12.364557266235352,1854.0,1133.0,1133.0,3.984375,-2.01171875,-1.953125,"1,1,1,1,1,1,1"
"2026-06-07 13:22:53",0.0084,12.364557266235352,1854.0,1133.0,1133.0,3.96484375,-2.03125,-1.953125,"1,1,1,1,1,1,1"
"2026-06-07 13:22:53",0.00841,12.364557266235352,1854.0,1133.0,1133.0,4.00390625,-2.01171875,-1.953125,"1,1,1,1,1,1,1"
"2026-06-07 13:22:53",0.00842,12.364557266235352,1854.0,1133.0,1133.0,3.96484375,-2.05078125,-1.97265625,"1,1,1,1,1,1,1"
"2026-06-07 13:22:53",0.00843,12.379746437072754,1854.0,1133.0,1133.0,3.96484375,-2.03125,-1.97265625,"1,1,1,1,1,1,1"
"2026-06-07 13:22:53",0.00844,12.379746437072754,1854.0,1133.0,1133.0,3.96484375,-2.01171875,-1.97265625,"1,1,1,1,1,1,1"
"2026-06-07 13:22:53",0.00845,12.349367141723633,1854.0,1133.0,1133.0,3.9453125,-1.97265625,-1.93359375,"1,1,1,1,1,1,1"
"2026-06-07 13:22:53",0.00846,12.364557266235352,1854.0,1133.0,1133.0,3.9453125,-1.9921875,-1.93359375,"1,1,1,1,1,1,1"
"2026-06-07 13:22:53",0.00847,12.379746437072754,1854.0,1133.0,1133.0,3.9453125,-1.9921875,-1.953125,"1,1,1,1,1,1,1"
"2026-06-07 13:22:53",0.00848,12.379746437072754,1854.0,1133.0,1133.0,3.9453125,-2.05078125,-1.97265625,"1,1,1,1,1,1,1"
"2026-06-07 13:22:53",0.00849,12.379746437072754,1854.0,1133.0,1133.0,3.90625,-2.01171875,-1.953125,"1,1,1,1,1,1,1"
"2026-06-07 13:22:53",0.0085,12.364557266235352,1854.0,1133.0,1133.0,3.9453125,-2.01171875,-1.953125,"1,1,1,1,1,1,1"
"2026-06-07 13:22:53",0.00851,12.379746437072754,1854.0,1133.0,1133.0,3.96484375,-2.01171875,-1.953125,"1,1,1,1,1,1,1"
"2026-06-07 13:22:53",0.00852,12.364557266235352,1854.0,1133.0,1133.0,3.92578125,-2.01171875,-1.93359375,"1,1,1,1,1,1,1"
"2026-06-07 13:22:53",0.00853,12.379746437072754,1854.0,1133.0,1133.0,3.984375,-1.9921875,-1.953125,"1,1,1,1,1,1,1"
"2026-06-07 13:22:53",0.00854,12.349367141723633,1854.0,1133.0,1133.0,3.9453125,-1.97265625,-1.953125,"1,1,1,1,1,1,1"
"2026-06-07 13:22:53",0.00855,12.379746437072754,1854.0,1133.0,1133.0,3.92578125,-2.01171875,-2.01171875,"1,1,1,1,1,1,1"
"2026-06-07 13:22:53",0.00856,12.379746437072754,1854.0,1133.0,1133.0,3.9453125,-1.97265625,-1.9921875,"1,1,1,1,1,1,1"
"2026-06-07 13:22:53",0.00857,12.379746437072754,1854.0,1133.0,1133.0,3.9453125,-1.97265625,-1.97265625,"1,1,1,1,1,1,1"
"2026-06-07 13:22:53",0.00858,12.364557266235352,1854.0,1133.0,1133.0,3.92578125,-1.9921875,-1.93359375,"1,1,1,1,1,1,1"
"2026-06-07 13:22:53",0.00859,12.379746437072754,1854.0,1133.0,1133.0,3.92578125,-2.01171875,-1.93359375,"1,1,1,1,1,1,1"
"2026-06-07 13:22:53",0.0086,12.364557266235352,1854.0,1133.0,1133.0,3.9453125,-2.01171875,-1.953125,"1,1,1,1,1,1,1"
"2026-06-07 13:22:53",0.00861,12.379746437072754,1854.0,1133.0,1133.0,3.9453125,-1.9921875,-1.953125,"1,1,1,1,1,1,1"
"2026-06-07 13:22:53",0.00862,12.379746437072754,1854.0,1133.0,1133.0,3.9453125,-2.01171875,-1.953125,"1,1,1,1,1,1,1"
"2026-06-07 13:22:53",0.00863,12.379746437072754,1854.0,1133.0,1133.0,3.9453125,-2.01171875,-1.97265625,"1,1,1,1,1,1,1"
"2026-06-07 13:22:53",0.00864,12.349367141723633,1854.0,1133.0,1133.0,3.9453125,-2.03125,-1.93359375,"1,1,1,1,1,1,1"
"2026-06-07 13:22:53",0.00865,12.379746437072754,1854.0,1133.0,1133.0,3.9453125,-2.03125,-1.953125,"1,1,1,1,1,1,1"
"2026-06-07 13:22:53",0.00866,12.379746437072754,1854.0,1133.0,1133.0,3.90625,-2.03125,-2.01171875,"1,1,1,1,1,1,1"
"2026-06-07 13:22:53",0.00867,12.364557266235352,1854.0,1133.0,1133.0,3.92578125,-2.01171875,-1.97265625,"1,1,1,1,1,1,1"
"2026-06-07 13:22:53",0.00868,12.364557266235352,1854.0,1133.0,1133.0,3.90625,-1.9921875,-1.953125,"1,1,1,1,1,1,1"
"2026-06-07 13:22:53",0.00869,12.379746437072754,1854.0,1133.0,1133.0,3.88671875,-2.01171875,-1.9921875,"1,1,1,1,1,1,1"
"2026-06-07 13:22:53",0.0087,12.379746437072754,1854.0,1133.0,1133.0,3.90625,-2.03125,-1.97265625,"1,1,1,1,1,1,1"
"2026-06-07 13:22:53",0.00871,12.349367141723633,1854.0,1133.0,1133.0,3.92578125,-1.9921875,-1.97265625,"1,1,1,1,1,1,1"
"2026-06-07 13:22:53",0.00872,12.364557266235352,1854.0,1133.0,1133.0,3.92578125,-1.9921875,-1.953125,"1,1,1,1,1,1,1"
"2026-06-07 13:22:53",0.00873,12.394936561584473,1854.0,1133.0,1133.0,3.96484375,-2.01171875,-1.93359375,"1,1,1,1,1,1,1"
"2026-06-07 13:22:53",0.00874,12.364557266235352,1854.0,1133.0,1133.0,3.9453125,-2.01171875,-1.93359375,"1,1,1,1,1,1,1"
"2026-06-07 13:22:53",0.00875,12.364557266235352,1854.0,1133.0,1133.0,3.92578125,-2.01171875,-1.953125,"1,1,1,1,1,1,1"
"2026-06-07 13:22:53",0.00876,12.379746437072754,1854.0,1133.0,1133.0,3.9453125,-2.03125,-1.953125,"1,1,1,1,1,1,1"
"2026-06-07 13:22:53",0.00877,12.364557266235352,1854.0,1133.0,1133.0,3.96484375,-2.01171875,-2.01171875,"1,1,1,1,1,1,1"
"2026-06-07 13:22:53",0.00878,12.364557266235352,1854.0,1133.0,1133.0,3.9453125,-1.9921875,-2.01171875,"1,1,1,1,1,1,1"
"2026-06-07 13:22:53",0.00879,12.379746437072754,1854.0,1133.0,1133.0,3.90625,-2.01171875,-2.03125,"1,1,1,1,1,1,1"
"2026-06-07 13:22:53",0.0088,12.379746437072754,1854.0,1133.0,1133.0,3.92578125,-1.9921875,-2.01171875,"1,1,1,1,1,1,1"
"2026-06-07 13:22:53",0.00881,12.379746437072754,1854.0,1133.0,1133.0,3.9453125,-2.01171875,-2.01171875,"1,1,1,1,1,1,1"
"2026-06-07 13:22:53",0.00882,12.379746437072754,1854.0,1133.0,1133.0,3.9453125,-2.01171875,-2.01171875,"1,1,1,1,1,1,1"
"2026-06-07 13:22:53",0.00883,12.379746437072754,1854.0,1133.0,1133.0,3.9453125,-1.9921875,-1.9921875,"1,1,1,1,1,1,1"
"2026-06-07 13:22:53",0.00884,12.379746437072754,1854.0,1133.0,1133.0,3.92578125,-1.9921875,-1.9921875,"1,1,1,1,1,1,1"
"2026-06-07 13:22:53",0.00885,12.349367141723633,1854.0,1133.0,1133.0,3.92578125,-1.9921875,-1.97265625,"1,1,1,1,1,1,1"
"2026-06-07 13:22:53",0.00886,12.379746437072754,1854.0,1133.0,1133.0,3.9453125,-1.9921875,-1.97265625,"1,1,1,1,1,1,1"
"2026-06-07 13:22:53",0.00887,12.379746437072754,1854.0,1133.0,1133.0,3.92578125,-2.01171875,-1.953125,"1,1,1,1,1,1,1"
"2026-06-07 13:22:53",0.00888,12.364557266235352,1854.0,1133.0,1133.0,3.9453125,-2.01171875,-1.9921875,"1,1,1,1,1,1,1"
"2026-06-07 13:22:53",0.00889,12.349367141723633,1854.0,1133.0,1133.0,3.90625,-2.01171875,-1.953125,"1,1,1,1,1,1,1"
"2026-06-07 13:22:53",0.0089,12.364557266235352,1854.0,1133.0,1133.0,3.88671875,-1.97265625,-1.9140625,"1,1,1,1,1,1,1"
"2026-06-07 13:22:53",0.00891,12.379746437072754,1854.0,1133.0,1133.0,3.90625,-1.97265625,-1.93359375,"1,1,1,1,1,1,1"
"2026-06-07 13:22:53",0.00892,12.379746437072754,1854.0,1133.0,1133.0,3.90625,-1.9921875,-1.953125,"1,1,1,1,1,1,1"
"2026-06-07 13:22:53",0.00893,12.364557266235352,1854.0,1133.0,1133.0,3.92578125,-1.97265625,-1.97265625,"1,1,1,1,1,1,1"
"2026-06-07 13:22:53",0.00894,12.379746437072754,1854.0,1133.0,1133.0,3.92578125,-2.01171875,-1.93359375,"1,1,1,1,1,1,1"
"2026-06-07 13:22:53",0.00895,12.364557266235352,1854.0,1133.0,1133.0,3.96484375,-1.9921875,-1.93359375,"1,1,1,1,1,1,1"
"2026-06-07 13:22:53",0.00896,12.379746437072754,1854.0,1133.0,1133.0,3.9453125,-2.01171875,-1.953125,"1,1,1,1,1,1,1"
"2026-06-07 13:22:53",0.00897,12.379746437072754,1854.0,1133.0,1133.0,3.9453125,-2.01171875,-1.93359375,"1,1,1,1,1,1,1"
"2026-06-07 13:22:53",0.00898,12.364557266235352,1854.0,1133.0,1133.0,3.9453125,-2.05078125,-1.9921875,"1,1,1,1,1,1,1"
"2026-06-07 13:22:53",0.00899,12.379746437072754,1854.0,1133.0,1133.0,3.90625,-2.01171875,-1.93359375,"1,1,1,1,1,1,1"
"2026-06-07 13:22:53",0.009,12.364557266235352,1854.0,1133.0,1133.0,3.92578125,-2.03125,-1.93359375,"1,1,1,1,1,1,1"
"2026-06-07 13:22:53",0.00901,12.379746437072754,1854.0,1133.0,1133.0,3.92578125,-2.05078125,-1.97265625,"1,1,1,1,1,1,1"
"2026-06-07 13:22:53",0.00902,12.379746437072754,1854.0,1133.0,1133.0,3.88671875,-2.03125,-1.953125,"1,1,1,1,1,1,1"
"2026-06-07 13:22:53",0.00903,12.364557266235352,1854.0,1133.0,1133.0,3.90625,-2.01171875,-1.953125,"1,1,1,1,1,1,1"
"2026-06-07 13:22:53",0.00904,12.349367141723633,1854.0,1133.0,1133.0,3.88671875,-2.01171875,-1.9140625,"1,1,1,1,1,1,1"
"2026-06-07 13:22:53",0.00905,12.379746437072754,1854.0,1133.0,1133.0,3.9453125,-2.03125,-1.953125,"1,1,1,1,1,1,1"
"2026-06-07 13:22:53",0.00906,12.379746437072754,1854.0,1133.0,1133.0,3.9453125,-2.01171875,-1.953125,"1,1,1,1,1,1,1"
"2026-06-07 13:22:53",0.00907,12.364557266235352,1854.0,1133.0,1133.0,3.9453125,-2.01171875,-1.953125,"1,1,1,1,1,1,1"
"2026-06-07 13:22:53",0.00908,12.349367141723633,1854.0,1133.0,1133.0,3.9453125,-2.01171875,-1.9140625,"1,1,1,1,1,1,1"
"2026-06-07 13:22:53",0.00909,12.364557266235352,1854.0,1133.0,1133.0,3.96484375,-2.01171875,-1.953125,"1,1,1,1,1,1,1"
"2026-06-07 13:22:53",0.0091,12.379746437072754,1854.0,1133.0,1133.0,3.9453125,-2.01171875,-1.953125,"1,1,1,1,1,1,1"
"2026-06-07 13:22:53",0.00911,12.379746437072754,1854.0,1133.0,1133.0,3.92578125,-2.03125,-1.93359375,"1,1,1,1,1,1,1"
"2026-06-07 13:22:53",0.00912,12.364557266235352,1854.0,1133.0,1133.0,3.984375,-2.03125,-1.93359375,"1,1,1,1,1,1,1"
"2026-06-07 13:22:53",0.00913,12.349367141723633,1854.0,1133.0,1133.0,3.9453125,-2.03125,-1.97265625,"1,1,1,1,1,1,1"
"2026-06-07 13:22:53",0.00914,12.364557266235352,1854.0,1133.0,1133.0,3.9453125,-2.03125,-1.97265625,"1,1,1,1,1,1,1"
"2026-06-07 13:22:53",0.00915,12.379746437072754,1854.0,1133.0,1133.0,3.92578125,-2.01171875,-1.93359375,"1,1,1,1,1,1,1"
"2026-06-07 13:22:53",0.00916,12.379746437072754,1854.0,1133.0,1133.0,3.9453125,-2.01171875,-1.93359375,"1,1,1,1,1,1,1"
"2026-06-07 13:22:53",0.00917,12.364557266235352,1854.0,1133.0,1133.0,3.92578125,-2.01171875,-1.93359375,"1,1,1,1,1,1,1"
"2026-06-07 13:22:53",0.00918,12.364557266235352,1854.0,1133.0,1133.0,3.90625,-2.01171875,-1.953125,"1,1,1,1,1,1,1"
"2026-06-07 13:22:53",0.00919,12.379746437072754,1854.0,1133.0,1133.0,3.96484375,-1.9921875,-1.9140625,"1,1,1,1,1,1,1"
"2026-06-07 13:22:53",0.0092,12.379746437072754,1854.0,1133.0,1133.0,3.90625,-1.9921875,-1.93359375,"1,1,1,1,1,1,1"
"2026-06-07 13:22:53",0.00921,12.334177017211914,1854.0,1133.0,1133.0,3.90625,-2.03125,-1.97265625,"1,1,1,1,1,1,1"
"2026-06-07 13:22:53",0.00922,12.349367141723633,1854.0,1133.0,1133.0,3.9453125,-2.01171875,-1.953125,"1,1,1,1,1,1,1"
"2026-06-07 13:22:53",0.00923,12.379746437072754,1854.0,1133.0,1133.0,3.92578125,-1.97265625,-1.93359375,"1,1,1,1,1,1,1"
"2026-06-07 13:22:53",0.00924,12.364557266235352,1854.0,1133.0,1133.0,3.92578125,-2.03125,-1.953125,"1,1,1,1,1,1,1"
"2026-06-07 13:22:53",0.00925,12.364557266235352,1854.0,1133.0,1133.0,3.90625,-1.9921875,-1.953125,"1,1,1,1,1,1,1"
"2026-06-07 13:22:53",0.00926,12.349367141723633,1854.0,1133.0,1133.0,3.88671875,-1.97265625,-1.9921875,"1,1,1,1,1,1,1"
"2026-06-07 13:22:53",0.00927,12.364557266235352,1854.0,1133.0,1133.0,3.90625,-1.97265625,-1.9921875,"1,1,1,1,1,1,1"
"2026-06-07 13:22:53",0.00928,12.379746437072754,1854.0,1133.0,1133.0,3.88671875,-2.01171875,-2.01171875,"1,1,1,1,1,1,1"
"2026-06-07 13:22:53",0.00929,12.379746437072754,1854.0,1133.0,1133.0,3.92578125,-1.9921875,-1.97265625,"1,1,1,1,1,1,1"
"2026-06-07 13:22:53",0.0093,12.379746437072754,1854.0,1133.0,1133.0,3.90625,-1.97265625,-1.93359375,"1,1,1,1,1,1,1"
"2026-06-07 13:22:53",0.00931,12.364557266235352,1854.0,1133.0,1133.0,3.90625,-1.97265625,-1.93359375,"1,1,1,1,1,1,1"
"2026-06-07 13:22:53",0.00932,12.364557266235352,1854.0,1133.0,1133.0,3.92578125,-1.97265625,-1.953125,"1,1,1,1,1,1,1"
"2026-06-07 13:22:53",0.00933,12.379746437072754,1854.0,1133.0,1133.0,3.92578125,-1.97265625,-1.93359375,"1,1,1,1,1,1,1"
"2026-06-07 13:22:53",0.00934,12.379746437072754,1854.0,1133.0,1133.0,3.90625,-2.01171875,-1.953125,"1,1,1,1,1,1,1"
"2026-06-07 13:22:53",0.00935,12.364557266235352,1854.0,1133.0,1133.0,3.90625,-2.03125,-1.93359375,"1,1,1,1,1,1,1"
"2026-06-07 13:22:53",0.00936,12.349367141723633,1854.0,1133.0,1133.0,3.90625,-1.9921875,-1.875,"1,1,1,1,1,1,1"
"2026-06-07 13:22:53",0.00937,12.379746437072754,1854.0,1133.0,1133.0,3.90625,-1.9921875,-1.9140625,"1,1,1,1,1,1,1"
"2026-06-07 13:22:53",0.00938,12.379746437072754,1854.0,1133.0,1133.0,3.92578125,-1.9921875,-1.953125,"1,1,1,1,1,1,1"
"2026-06-07 13:22:53",0.00939,12.349367141723633,1854.0,1133.0,1133.0,3.90625,-2.01171875,-1.93359375,"1,1,1,1,1,1,1"
"2026-06-07 13:22:53",0.0094,12.349367141723633,1854.0,1133.0,1133.0,3.92578125,-2.01171875,-1.953125,"1,1,1,1,1,1,1"
"2026-06-07 13:22:53",0.00941,12.379746437072754,1854.0,1133.0,1133.0,3.92578125,-1.9921875,-1.953125,"1,1,1,1,1,1,1"
"2026-06-07 13:22:53",0.00942,12.379746437072754,1854.0,1133.0,1133.0,3.90625,-1.9921875,-1.953125,"1,1,1,1,1,1,1"
"2026-06-07 13:22:53",0.00943,12.349367141723633,1854.0,1133.0,1133.0,3.90625,-2.01171875,-1.93359375,"1,1,1,1,1,1,1"
"2026-06-07 13:22:53",0.00944,12.364557266235352,1854.0,1133.0,1133.0,3.90625,-2.01171875,-1.97265625,"1,1,1,1,1,1,1"
"2026-06-07 13:22:53",0.00945,12.379746437072754,1854.0,1133.0,1133.0,3.90625,-1.9921875,-1.9921875,"1,1,1,1,1,1,1"
"2026-06-07 13:22:53",0.00946,12.379746437072754,1854.0,1133.0,1133.0,3.92578125,-1.9921875,-1.97265625,"1,1,1,1,1,1,1"
"2026-06-07 13:22:53",0.00947,12.379746437072754,1854.0,1133.0,1133.0,3.90625,-2.01171875,-1.97265625,"1,1,1,1,1,1,1"
"2026-06-07 13:22:53",0.00948,12.379746437072754,1854.0,1133.0,1133.0,3.92578125,-2.01171875,-1.9921875,"1,1,1,1,1,1,1"
"2026-06-07 13:22:53",0.00949,12.379746437072754,1854.0,1133.0,1133.0,3.96484375,-2.01171875,-2.01171875,"1,1,1,1,1,1,1"
"2026-06-07 13:22:53",0.0095,12.379746437072754,1854.0,1133.0,1133.0,3.90625,-2.01171875,-1.953125,"1,1,1,1,1,1,1"
"2026-06-07 13:22:53",0.00951,12.364557266235352,1854.0,1133.0,1133.0,3.90625,-2.01171875,-1.97265625,"1,1,1,1,1,1,1"
"2026-06-07 13:22:53",0.00952,12.379746437072754,1854.0,1133.0,1133.0,3.90625,-2.03125,-1.953125,"1,1,1,1,1,1,1"
"2026-06-07 13:22:53",0.00953,12.364557266235352,1854.0,1133.0,1133.0,3.90625,-2.05078125,-1.953125,"1,1,1,1,1,1,1"
"2026-06-07 13:22:53",0.00954,12.334177017211914,1854.0,1133.0,1133.0,3.90625,-2.01171875,-1.97265625,"1,1,1,1,1,1,1"
"2026-06-07 13:22:53",0.00955,12.364557266235352,1854.0,1133.0,1133.0,3.92578125,-2.03125,-1.9921875,"1,1,1,1,1,1,1"
"2026-06-07 13:22:53",0.00956,12.364557266235352,1854.0,1133.0,1133.0,3.92578125,-2.01171875,-2.01171875,"1,1,1,1,1,1,1"
"2026-06-07 13:22:53",0.00957,12.349367141723633,1854.0,1133.0,1133.0,3.96484375,-2.01171875,-2.01171875,"1,1,1,1,1,1,1"
"2026-06-07 13:22:53",0.00958,12.349367141723633,1854.0,1133.0,1133.0,3.96484375,-1.97265625,-2.01171875,"1,1,1,1,1,1,1"
"2026-06-07 13:22:53",0.00959,12.364557266235352,1854.0,1133.0,1133.0,3.9453125,-1.97265625,-1.97265625,"1,1,1,1,1,1,1"
"2026-06-07 13:22:53",0.0096,12.364557266235352,1854.0,1133.0,1133.0,3.96484375,-2.01171875,-1.93359375,"1,1,1,1,1,1,1"
"2026-06-07 13:22:53",0.00961,12.349367141723633,1854.0,1133.0,1133.0,3.9453125,-2.01171875,-1.953125,"1,1,1,1,1,1,1"
"2026-06-07 13:22:53",0.00962,12.364557266235352,1854.0,1133.0,1133.0,3.96484375,-1.97265625,-1.93359375,"1,1,1,1,1,1,1"
"2026-06-07 13:22:53",0.00963,12.349367141723633,1854.0,1133.0,1133.0,3.9453125,-1.97265625,-1.9140625,"1,1,1,1,1,1,1"
"2026-06-07 13:22:53",0.00964,12.364557266235352,1854.0,1133.0,1133.0,3.90625,-1.9921875,-1.9140625,"1,1,1,1,1,1,1"
"2026-06-07 13:22:53",0.00965,12.364557266235352,1854.0,1133.0,1133.0,3.92578125,-2.01171875,-1.97265625,"1,1,1,1,1,1,1"
"2026-06-07 13:22:53",0.00966,12.379746437072754,1854.0,1133.0,1133.0,3.9453125,-2.01171875,-1.953125,"1,1,1,1,1,1,1"
"2026-06-07 13:22:53",0.00967,12.364557266235352,1854.0,1133.0,1133.0,3.9453125,-1.9921875,-1.953125,"1,1,1,1,1,1,1"
"2026-06-07 13:22:53",0.00968,12.379746437072754,1854.0,1133.0,1133.0,3.90625,-1.97265625,-1.953125,"1,1,1,1,1,1,1"
"2026-06-07 13:22:53",0.00969,12.379746437072754,1854.0,1133.0,1133.0,3.9453125,-1.97265625,-1.953125,"1,1,1,1,1,1,1"
"2026-06-07 13:22:53",0.0097,12.379746437072754,1854.0,1133.0,1133.0,3.9453125,-1.97265625,-1.93359375,"1,1,1,1,1,1,1"
"2026-06-07 13:22:53",0.00971,12.349367141723633,1854.0,1133.0,1133.0,3.92578125,-1.97265625,-1.93359375,"1,1,1,1,1,1,1"
"2026-06-07 13:22:53",0.00972,12.349367141723633,1854.0,1133.0,1133.0,3.92578125,-1.9921875,-1.953125,"1,1,1,1,1,1,1"
"2026-06-07 13:22:53",0.00973,12.379746437072754,1854.0,1133.0,1133.0,3.92578125,-2.03125,-1.97265625,"1,1,1,1,1,1,1"
"2026-06-07 13:22:53",0.00974,12.364557266235352,1854.0,1133.0,1133.0,3.90625,-2.01171875,-1.97265625,"1,1,1,1,1,1,1"
"2026-06-07 13:22:53",0.00975,12.349367141723633,1854.0,1133.0,1133.0,3.90625,-1.9921875,-1.953125,"1,1,1,1,1,1,1"
"2026-06-07 13:22:53",0.00976,12.349367141723633,1854.0,1133.0,1133.0,3.88671875,-1.97265625,-1.93359375,"1,1,1,1,1,1,1"
"2026-06-07 13:22:53",0.00977,12.364557266235352,1854.0,1133.0,1133.0,3.88671875,-2.03125,-1.953125,"1,1,1,1,1,1,1"
"2026-06-07 13:22:53",0.00978,12.364557266235352,1854.0,1133.0,1133.0,3.90625,-2.01171875,-1.953125,"1,1,1,1,1,1,1"
"2026-06-07 13:22:53",0.00979,12.379746437072754,1854.0,1133.0,1133.0,3.88671875,-2.01171875,-1.97265625,"1,1,1,1,1,1,1"
"2026-06-07 13:22:53",0.0098,12.379746437072754,1854.0,1133.0,1133.0,3.92578125,-1.9921875,-1.953125,"1,1,1,1,1,1,1"
"2026-06-07 13:22:53",0.00981,12.379746437072754,1854.0,1133.0,1133.0,3.9453125,-2.03125,-1.97265625,"1,1,1,1,1,1,1"
"2026-06-07 13:22:53",0.00982,12.379746437072754,1854.0,1133.0,1133.0,3.92578125,-2.03125,-1.953125,"1,1,1,1,1,1,1"
"2026-06-07 13:22:53",0.00983,12.379746437072754,1854.0,1133.0,1133.0,3.9453125,-1.9921875,-1.97265625,"1,1,1,1,1,1,1"
"2026-06-07 13:22:53",0.00984,12.364557266235352,1854.0,1133.0,1133.0,3.88671875,-2.01171875,-1.9921875,"1,1,1,1,1,1,1"
"2026-06-07 13:22:53",0.00985,12.379746437072754,1854.0,1133.0,1133.0,3.88671875,-1.97265625,-1.953125,"1,1,1,1,1,1,1"
"2026-06-07 13:22:53",0.00986,12.349367141723633,1854.0,1133.0,1133.0,3.92578125,-1.9921875,-1.953125,"1,1,1,1,1,1,1"
"2026-06-07 13:22:53",0.00987,12.379746437072754,1854.0,1133.0,1133.0,3.92578125,-2.01171875,-1.953125,"1,1,1,1,1,1,1"
"2026-06-07 13:22:53",0.00988,12.379746437072754,1854.0,1133.0,1133.0,3.92578125,-2.01171875,-1.9921875,"1,1,1,1,1,1,1"
"2026-06-07 13:22:53",0.00989,12.364557266235352,1854.0,1133.0,1133.0,3.9453125,-1.97265625,-1.9921875,"1,1,1,1,1,1,1"
"2026-06-07 13:22:53",0.0099,12.364557266235352,1854.0,1133.0,1133.0,3.90625,-1.9921875,-1.953125,"1,1,1,1,1,1,1"
"2026-06-07 13:22:53",0.00991,12.379746437072754,1854.0,1133.0,1133.0,3.92578125,-2.01171875,-1.953125,"1,1,1,1,1,1,1"
"2026-06-07 13:22:53",0.00992,12.379746437072754,1854.0,1133.0,1133.0,3.88671875,-2.03125,-1.953125,"1,1,1,1,1,1,1"
"2026-06-07 13:22:53",0.00993,12.349367141723633,1854.0,1133.0,1133.0,3.84765625,-1.9921875,-1.953125,"1,1,1,1,1,1,1"
"2026-06-07 13:22:53",0.00994,12.364557266235352,1854.0,1133.0,1133.0,3.90625,-2.01171875,-1.97265625,"1,1,1,1,1,1,1"
"2026-06-07 13:22:53",0.00995,12.379746437072754,1854.0,1133.0,1133.0,3.90625,-1.97265625,-1.97265625,"1,1,1,1,1,1,1"
"2026-06-07 13:22:53",0.00996,12.379746437072754,1854.0,1133.0,1133.0,3.90625,-2.03125,-1.9921875,"1,1,1,1,1,1,1"
"2026-06-07 13:22:53",0.00997,12.364557266235352,1854.0,1133.0,1133.0,3.90625,-2.01171875,-1.9921875,"1,1,1,1,1,1,1"
"2026-06-07 13:22:53",0.00998,12.379746437072754,1854.0,1133.0,1133.0,3.90625,-2.03125,-1.953125,"1,1,1,1,1,1,1"
"2026-06-07 13:22:53",0.00999,12.379746437072754,1854.0,1133.0,1133.0,3.90625,-2.03125,-1.93359375,"1,1,1,1,1,1,1"
"2026-06-07 13:22:53",0.01,12.364557266235352,1854.0,1133.0,1133.0,3.90625,-2.05078125,-1.9140625,"1,1,1,1,1,1,1"
"2026-06-07 13:22:53",0.01001,12.379746437072754,1854.0,1133.0,1133.0,3.90625,-2.03125,-1.9140625,"1,1,1,1,1,1,1"
"2026-06-07 13:22:53",0.01002,12.379746437072754,1854.0,1133.0,1133.0,3.88671875,-2.03125,-1.953125,"1,1,1,1,1,1,1"
"2026-06-07 13:22:53",0.01003,12.349367141723633,1854.0,1133.0,1133.0,3.90625,-2.03125,-1.93359375,"1,1,1,1,1,1,1"
"2026-06-07 13:22:53",0.01004,12.364557266235352,1854.0,1133.0,1133.0,3.90625,-1.9921875,-1.953125,"1,1,1,1,1,1,1"
"2026-06-07 13:22:53",0.01005,12.379746437072754,1854.0,1133.0,1133.0,3.90625,-1.97265625,-1.9921875,"1,1,1,1,1,1,1"
"2026-06-07 13:22:53",0.01006,12.379746437072754,1854.0,1133.0,1133.0,3.9453125,-2.01171875,-1.9921875,"1,1,1,1,1,1,1"
"2026-06-07 13:22:53",0.01007,12.379746437072754,1854.0,1133.0,1133.0,3.92578125,-2.01171875,-1.9921875,"1,1,1,1,1,1,1"
"2026-06-07 13:22:53",0.01008,12.364557266235352,1854.0,1133.0,1133.0,3.9453125,-2.01171875,-1.97265625,"1,1,1,1,1,1,1"
"2026-06-07 13:22:53",0.01009,12.379746437072754,1854.0,1133.0,1133.0,3.90625,-1.9921875,-1.9921875,"1,1,1,1,1,1,1"
"2026-06-07 13:22:53",0.0101,12.379746437072754,1854.0,1133.0,1133.0,3.88671875,-1.9921875,-1.97265625,"1,1,1,1,1,1,1"
"2026-06-07 13:22:53",0.01011,12.379746437072754,1854.0,1133.0,1133.0,3.88671875,-2.01171875,-1.953125,"1,1,1,1,1,1,1"
"2026-06-07 13:22:53",0.01012,12.349367141723633,1854.0,1133.0,1133.0,3.88671875,-2.01171875,-1.93359375,"1,1,1,1,1,1,1"
"2026-06-07 13:22:53",0.01013,12.379746437072754,1854.0,1133.0,1133.0,3.88671875,-2.01171875,-1.97265625,"1,1,1,1,1,1,1"
"2026-06-07 13:22:53",0.01014,12.379746437072754,1854.0,1133.0,1133.0,3.88671875,-1.9921875,-1.953125,"1,1,1,1,1,1,1"
"2026-06-07 13:22:53",0.01015,12.394936561584473,1854.0,1133.0,1133.0,3.88671875,-1.9921875,-1.93359375,"1,1,1,1,1,1,1"
"2026-06-07 13:22:53",0.01016,12.364557266235352,1854.0,1133.0,1133.0,3.88671875,-2.01171875,-1.93359375,"1,1,1,1,1,1,1"
"2026-06-07 13:22:53",0.01017,12.364557266235352,1854.0,1133.0,1133.0,3.90625,-1.97265625,-1.953125,"1,1,1,1,1,1,1"
"2026-06-07 13:22:53",0.01018,12.349367141723633,1854.0,1133.0,1133.0,3.90625,-2.03125,-1.953125,"1,1,1,1,1,1,1"
"2026-06-07 13:22:53",0.01019,12.379746437072754,1854.0,1133.0,1133.0,3.90625,-1.97265625,-1.93359375,"1,1,1,1,1,1,1"
"2026-06-07 13:22:53",0.0102,12.379746437072754,1854.0,1133.0,1133.0,3.9453125,-2.01171875,-1.93359375,"1,1,1,1,1,1,1"
"2026-06-07 13:22:53",0.01021,12.379746437072754,1854.0,1133.0,1133.0,3.88671875,-1.9921875,-1.9921875,"1,1,1,1,1,1,1"
"2026-06-07 13:22:53",0.01022,12.364557266235352,1854.0,1133.0,1133.0,3.90625,-2.01171875,-1.97265625,"1,1,1,1,1,1,1"
"2026-06-07 13:22:53",0.01023,12.379746437072754,1854.0,1133.0,1133.0,3.90625,-2.03125,-1.953125,"1,1,1,1,1,1,1"
"2026-06-07 13:22:53",0.01024,12.379746437072754,1854.0,1133.0,1133.0,3.90625,-2.03125,-1.97265625,"1,1,1,1,1,1,1"
"2026-06-07 13:22:53",0.01025,12.379746437072754,1854.0,1133.0,1133.0,3.90625,-2.03125,-1.953125,"1,1,1,1,1,1,1"
"2026-06-07 13:22:53",0.01026,12.379746437072754,1854.0,1133.0,1133.0,3.92578125,-1.9921875,-1.97265625,"1,1,1,1,1,1,1"
"2026-06-07 13:22:53",0.01027,12.379746437072754,1854.0,1133.0,1133.0,3.90625,-2.01171875,-1.97265625,"1,1,1,1,1,1,1"
"2026-06-07 13:22:53",0.01028,12.379746437072754,1854.0,1133.0,1133.0,3.90625,-2.01171875,-1.93359375,"1,1,1,1,1,1,1"
"2026-06-07 13:22:53",0.01029,12.364557266235352,1854.0,1133.0,1133.0,3.92578125,-1.9921875,-1.953125,"1,1,1,1,1,1,1"
"2026-06-07 13:22:53",0.0103,12.379746437072754,1854.0,1133.0,1133.0,3.8671875,-2.01171875,-1.97265625,"1,1,1,1,1,1,1"
"2026-06-07 13:22:53",0.01031,12.379746437072754,1854.0,1133.0,1133.0,3.90625,-1.9921875,-1.953125,"1,1,1,1,1,1,1"
"2026-06-07 13:22:53",0.01032,12.364557266235352,1854.0,1133.0,1133.0,3.92578125,-2.01171875,-1.953125,"1,1,1,1,1,1,1"
"2026-06-07 13:22:53",0.01033,12.379746437072754,1854.0,1133.0,1133.0,3.92578125,-1.9921875,-1.93359375,"1,1,1,1,1,1,1"
"2026-06-07 13:22:53",0.01034,12.379746437072754,1854.0,1133.0,1133.0,3.90625,-2.01171875,-1.953125,"1,1,1,1,1,1,1"
"2026-06-07 13:22:53",0.01035,12.364557266235352,1854.0,1133.0,1133.0,3.92578125,-1.97265625,-1.93359375,"1,1,1,1,1,1,1"
"2026-06-07 13:22:53",0.01036,12.364557266235352,1854.0,1133.0,1133.0,3.90625,-1.97265625,-1.93359375,"1,1,1,1,1,1,1"
"2026-06-07 13:22:53",0.01037,12.364557266235352,1854.0,1133.0,1133.0,3.90625,-1.9921875,-1.953125,"1,1,1,1,1,1,1"
"2026-06-07 13:22:53",0.01038,12.379746437072754,1854.0,1133.0,1133.0,3.9453125,-1.97265625,-1.953125,"1,1,1,1,1,1,1"
"2026-06-07 13:22:53",0.01039,12.364557266235352,1854.0,1133.0,1133.0,3.9453125,-1.9921875,-1.953125,"1,1,1,1,1,1,1"
"2026-06-07 13:22:53",0.0104,12.364557266235352,1854.0,1133.0,1133.0,3.92578125,-1.97265625,-1.93359375,"1,1,1,1,1,1,1"
"2026-06-07 13:22:53",0.01041,12.379746437072754,1854.0,1133.0,1133.0,3.92578125,-2.05078125,-1.93359375,"1,1,1,1,1,1,1"
"2026-06-07 13:22:53",0.01042,12.364557266235352,1854.0,1133.0,1133.0,3.88671875,-2.03125,-1.953125,"1,1,1,1,1,1,1"
"2026-06-07 13:22:53",0.01043,12.379746437072754,1854.0,1133.0,1133.0,3.88671875,-2.03125,-1.953125,"1,1,1,1,1,1,1"
"2026-06-07 13:22:53",0.01044,12.364557266235352,1854.0,1133.0,1133.0,3.92578125,-2.03125,-1.953125,"1,1,1,1,1,1,1"
"2026-06-07 13:22:53",0.01045,12.379746437072754,1854.0,1133.0,1133.0,3.92578125,-2.03125,-1.953125,"1,1,1,1,1,1,1"
"2026-06-07 13:22:53",0.01046,12.379746437072754,1854.0,1133.0,1133.0,3.90625,-2.03125,-1.953125,"1,1,1,1,1,1,1"
"2026-06-07 13:22:53",0.01047,12.379746437072754,1854.0,1133.0,1133.0,3.90625,-2.01171875,-1.97265625,"1,1,1,1,1,1,1"
"2026-06-07 13:22:53",0.01048,12.349367141723633,1854.0,1133.0,1133.0,3.92578125,-2.0703125,-1.953125,"1,1,1,1,1,1,1"
"2026-06-07 13:22:53",0.01049,12.379746437072754,1854.0,1133.0,1133.0,3.9453125,-2.03125,-1.9921875,"1,1,1,1,1,1,1"
"2026-06-07 13:22:53",0.0105,12.379746437072754,1854.0,1133.0,1133.0,3.92578125,-2.03125,-1.9140625,"1,1,1,1,1,1,1"
"2026-06-07 13:22:53",0.01051,12.379746437072754,1854.0,1133.0,1133.0,3.92578125,-2.01171875,-1.93359375,"1,1,1,1,1,1,1"
"2026-06-07 13:22:53",0.01052,12.379746437072754,1854.0,1133.0,1133.0,3.92578125,-2.05078125,-1.953125,"1,1,1,1,1,1,1"
"2026-06-07 13:22:53",0.01053,12.364557266235352,1854.0,1133.0,1133.0,3.92578125,-1.9921875,-1.953125,"1,1,1,1,1,1,1"
"2026-06-07 13:22:53",0.01054,12.349367141723633,1854.0,1133.0,1133.0,3.96484375,-2.01171875,-1.953125,"1,1,1,1,1,1,1"
"2026-06-07 13:22:53",0.01055,12.364557266235352,1854.0,1133.0,1133.0,3.9453125,-2.03125,-1.93359375,"1,1,1,1,1,1,1"
"2026-06-07 13:22:53",0.01056,12.379746437072754,1854.0,1133.0,1133.0,3.92578125,-2.01171875,-1.93359375,"1,1,1,1,1,1,1"
"2026-06-07 13:22:53",0.01057,12.364557266235352,1854.0,1133.0,1133.0,3.90625,-2.01171875,-1.953125,"1,1,1,1,1,1,1"
"2026-06-07 13:22:53",0.01058,12.364557266235352,1854.0,1133.0,1133.0,3.90625,-2.01171875,-2.01171875,"1,1,1,1,1,1,1"
"2026-06-07 13:22:53",0.01059,12.364557266235352,1854.0,1133.0,1133.0,3.90625,-1.97265625,-1.93359375,"1,1,1,1,1,1,1"
"2026-06-07 13:22:53",0.0106,12.364557266235352,1854.0,1133.0,1133.0,3.90625,-1.9921875,-1.97265625,"1,1,1,1,1,1,1"
"2026-06-07 13:22:53",0.01061,12.364557266235352,1854.0,1133.0,1133.0,3.88671875,-1.97265625,-1.97265625,"1,1,1,1,1,1,1"
"2026-06-07 13:22:53",0.01062,12.364557266235352,1854.0,1133.0,1133.0,3.8671875,-1.97265625,-1.953125,"1,1,1,1,1,1,1"
"2026-06-07 13:22:53",0.01063,12.349367141723633,1854.0,1133.0,1133.0,3.90625,-1.9921875,-1.9921875,"1,1,1,1,1,1,1"
"2026-06-07 13:22:53",0.01064,12.394936561584473,1854.0,1133.0,1133.0,3.92578125,-1.953125,-1.97265625,"1,1,1,1,1,1,1"
"2026-06-07 13:22:53",0.01065,12.349367141723633,1854.0,1133.0,1133.0,3.92578125,-1.9921875,-1.953125,"1,1,1,1,1,1,1"
"2026-06-07 13:22:53",0.01066,12.364557266235352,1854.0,1133.0,1133.0,3.90625,-2.01171875,-1.9140625,"1,1,1,1,1,1,1"
"2026-06-07 13:22:53",0.01067,12.349367141723633,1854.0,1133.0,1133.0,3.88671875,-1.97265625,-1.9140625,"1,1,1,1,1,1,1"
"2026-06-07 13:22:53",0.01068,12.364557266235352,1854.0,1133.0,1133.0,3.90625,-1.97265625,-1.953125,"1,1,1,1,1,1,1"
"2026-06-07 13:22:53",0.01069,12.364557266235352,1854.0,1133.0,1133.0,3.90625,-2.03125,-1.93359375,"1,1,1,1,1,1,1"
"2026-06-07 13:22:53",0.0107,12.379746437072754,1854.0,1133.0,1133.0,3.90625,-1.9921875,-1.9140625,"1,1,1,1,1,1,1"
"2026-06-07 13:22:53",0.01071,12.364557266235352,1854.0,1133.0,1133.0,3.90625,-1.9921875,-1.9140625,"1,1,1,1,1,1,1"
"2026-06-07 13:22:53",0.01072,12.364557266235352,1854.0,1133.0,1133.0,3.88671875,-1.9921875,-1.89453125,"1,1,1,1,1,1,1"
"2026-06-07 13:22:53",0.01073,12.379746437072754,1854.0,1133.0,1133.0,3.90625,-1.9921875,-1.953125,"1,1,1,1,1,1,1"
"2026-06-07 13:22:53",0.01074,12.364557266235352,1854.0,1133.0,1133.0,3.88671875,-1.97265625,-1.953125,"1,1,1,1,1,1,1"
"2026-06-07 13:22:53",0.01075,12.379746437072754,1854.0,1133.0,1133.0,3.84765625,-1.9921875,-1.953125,"1,1,1,1,1,1,1"
"2026-06-07 13:22:53",0.01076,12.349367141723633,1854.0,1133.0,1133.0,3.90625,-1.97265625,-1.953125,"1,1,1,1,1,1,1"
"2026-06-07 13:22:53",0.01077,12.379746437072754,1854.0,1133.0,1133.0,3.88671875,-1.9921875,-1.93359375,"1,1,1,1,1,1,1"
"2026-06-07 13:22:53",0.01078,12.364557266235352,1854.0,1133.0,1133.0,3.9453125,-1.97265625,-1.9140625,"1,1,1,1,1,1,1"
"2026-06-07 13:22:53",0.01079,12.379746437072754,1854.0,1133.0,1133.0,3.96484375,-2.01171875,-1.93359375,"1,1,1,1,1,1,1"
"2026-06-07 13:22:53",0.0108,12.379746437072754,1854.0,1133.0,1133.0,3.92578125,-2.03125,-1.953125,"1,1,1,1,1,1,1"
"2026-06-07 13:22:53",0.01081,12.379746437072754,1854.0,1133.0,1133.0,3.984375,-2.01171875,-1.97265625,"1,1,1,1,1,1,1"
"2026-06-07 13:22:53",0.01082,12.379746437072754,1854.0,1133.0,1133.0,3.9453125,-1.9921875,-1.953125,"1,1,1,1,1,1,1"
"2026-06-07 13:22:53",0.01083,12.379746437072754,1854.0,1133.0,1133.0,3.90625,-2.01171875,-1.93359375,"1,1,1,1,1,1,1"
"2026-06-07 13:22:53",0.01084,12.349367141723633,1854.0,1133.0,1133.0,3.92578125,-1.9921875,-1.953125,"1,1,1,1,1,1,1"
"2026-06-07 13:22:53",0.01085,12.394936561584473,1854.0,1133.0,1133.0,3.9453125,-1.9921875,-1.93359375,"1,1,1,1,1,1,1"
"2026-06-07 13:22:53",0.01086,12.394936561584473,1854.0,1133.0,1133.0,3.92578125,-1.97265625,-1.93359375,"1,1,1,1,1,1,1"
"2026-06-07 13:22:53",0.01087,12.394936561584473,1854.0,1133.0,1133.0,3.92578125,-1.97265625,-1.953125,"1,1,1,1,1,1,1"
"2026-06-07 13:22:53",0.01088,12.379746437072754,1854.0,1133.0,1133.0,3.92578125,-1.97265625,-2.01171875,"1,1,1,1,1,1,1"
"2026-06-07 13:22:53",0.01089,12.379746437072754,1854.0,1133.0,1133.0,3.92578125,-1.9921875,-2.01171875,"1,1,1,1,1,1,1"
"2026-06-07 13:22:53",0.0109,12.379746437072754,1854.0,1133.0,1133.0,3.92578125,-1.953125,-1.97265625,"1,1,1,1,1,1,1"
"2026-06-07 13:22:53",0.01091,12.379746437072754,1854.0,1133.0,1133.0,3.9453125,-1.9921875,-1.97265625,"1,1,1,1,1,1,1"
"2026-06-07 13:22:53",0.01092,12.394936561584473,1854.0,1133.0,1133.0,3.9453125,-2.03125,-1.97265625,"1,1,1,1,1,1,1"
"2026-06-07 13:22:53",0.01093,12.364557266235352,1854.0,1133.0,1133.0,3.92578125,-2.01171875,-1.97265625,"1,1,1,1,1,1,1"
"2026-06-07 13:22:53",0.01094,12.379746437072754,1854.0,1133.0,1133.0,3.92578125,-2.01171875,-1.97265625,"1,1,1,1,1,1,1"
"2026-06-07 13:22:53",0.01095,12.394936561584473,1854.0,1133.0,1133.0,3.9453125,-2.03125,-1.97265625,"1,1,1,1,1,1,1"
"2026-06-07 13:22:53",0.01096,12.394936561584473,1854.0,1133.0,1133.0,3.90625,-1.97265625,-1.953125,"1,1,1,1,1,1,1"
"2026-06-07 13:22:53",0.01097,12.394936561584473,1854.0,1133.0,1133.0,3.92578125,-1.97265625,-1.9921875,"1,1,1,1,1,1,1"
"2026-06-07 13:22:53",0.01098,12.379746437072754,1854.0,1133.0,1133.0,3.90625,-2.01171875,-1.9921875,"1,1,1,1,1,1,1"
"2026-06-07 13:22:53",0.01099,12.394936561584473,1854.0,1133.0,1133.0,3.88671875,-2.01171875,-1.97265625,"1,1,1,1,1,1,1"
"2026-06-07 13:22:53",0.011,12.394936561584473,1854.0,1133.0,1133.0,3.9453125,-2.01171875,-1.93359375,"1,1,1,1,1,1,1"
"2026-06-07 13:22:53",0.01101,12.410126686096191,1854.0,1133.0,1133.0,3.92578125,-1.9921875,-1.9140625,"1,1,1,1,1,1,1"
"2026-06-07 13:22:53",0.01102,12.394936561584473,1854.0,1133.0,1133.0,3.90625,-2.01171875,-1.97265625,"1,1,1,1,1,1,1"
"2026-06-07 13:22:53",0.01103,12.410126686096191,1854.0,1133.0,1133.0,3.90625,-2.03125,-1.93359375,"1,1,1,1,1,1,1"
"2026-06-07 13:22:53",0.01104,12.379746437072754,1854.0,1133.0,1133.0,3.8671875,-2.01171875,-1.93359375,"1,1,1,1,1,1,1"
"2026-06-07 13:22:53",0.01105,12.364557266235352,1854.0,1133.0,1133.0,3.9453125,-2.01171875,-1.93359375,"1,1,1,1,1,1,1"
"2026-06-07 13:22:53",0.01106,12.394936561584473,1854.0,1133.0,1133.0,3.90625,-2.03125,-1.953125,"1,1,1,1,1,1,1"
"2026-06-07 13:22:53",0.01107,12.394936561584473,1854.0,1133.0,1133.0,3.90625,-1.9921875,-1.9140625,"1,1,1,1,1,1,1"
"2026-06-07 13:22:53",0.01108,12.349367141723633,1854.0,1133.0,1133.0,3.90625,-2.01171875,-1.953125,"1,1,1,1,1,1,1"
"2026-06-07 13:22:53",0.01109,12.379746437072754,1854.0,1133.0,1133.0,3.88671875,-1.9921875,-1.953125,"1,1,1,1,1,1,1"
"2026-06-07 13:22:53",0.0111,12.410126686096191,1854.0,1133.0,1133.0,3.88671875,-2.03125,-1.953125,"1,1,1,1,1,1,1"
"2026-06-07 13:22:53",0.01111,12.394936561584473,1854.0,1133.0,1133.0,3.92578125,-1.97265625,-1.953125,"1,1,1,1,1,1,1"
"2026-06-07 13:22:53",0.01112,12.410126686096191,1854.0,1133.0,1133.0,3.92578125,-2.01171875,-1.9140625,"1,1,1,1,1,1,1"
"2026-06-07 13:22:53",0.01113,12.394936561584473,1854.0,1133.0,1133.0,3.88671875,-1.97265625,-1.9140625,"1,1,1,1,1,1,1"
"2026-06-07 13:22:53",0.01114,12.410126686096191,1854.0,1133.0,1133.0,3.828125,-1.9921875,-1.93359375,"1,1,1,1,1,1,1"
"2026-06-07 13:22:53",0.01115,12.410126686096191,1854.0,1133.0,1133.0,3.90625,-2.01171875,-1.93359375,"1,1,1,1,1,1,1"
"2026-06-07 13:22:53",0.01116,12.394936561584473,1854.0,1133.0,1133.0,3.90625,-2.01171875,-1.953125,"1,1,1,1,1,1,1"
"2026-06-07 13:22:53",0.01117,12.394936561584473,1854.0,1133.0,1133.0,3.88671875,-2.03125,-1.97265625,"1,1,1,1,1,1,1"
"2026-06-07 13:22:53",0.01118,12.394936561584473,1854.0,1133.0,1133.0,3.90625,-2.03125,-1.97265625,"1,1,1,1,1,1,1"
"2026-06-07 13:22:53",0.01119,12.394936561584473,1854.0,1133.0,1133.0,3.92578125,-2.01171875,-1.97265625,"1,1,1,1,1,1,1"
"2026-06-07 13:22:53",0.0112,12.410126686096191,1854.0,1133.0,1133.0,3.90625,-1.9921875,-1.97265625,"1,1,1,1,1,1,1"
"2026-06-07 13:22:53",0.01121,12.394936561584473,1854.0,1133.0,1133.0,3.8671875,-1.97265625,-1.97265625,"1,1,1,1,1,1,1"
"2026-06-07 13:22:53",0.01122,12.349367141723633,1854.0,1133.0,1133.0,3.88671875,-1.9921875,-1.97265625,"1,1,1,1,1,1,1"
"2026-06-07 13:22:53",0.01123,12.394936561584473,1854.0,1133.0,1133.0,3.88671875,-1.93359375,-1.93359375,"1,1,1,1,1,1,1"
"2026-06-07 13:22:53",0.01124,12.394936561584473,1854.0,1133.0,1133.0,3.8671875,-1.953125,-1.93359375,"1,1,1,1,1,1,1"
"2026-06-07 13:22:53",0.01125,12.410126686096191,1854.0,1133.0,1133.0,3.8671875,-1.953125,-1.97265625,"1,1,1,1,1,1,1"
"2026-06-07 13:22:53",0.01126,12.379746437072754,1854.0,1133.0,1133.0,3.90625,-2.01171875,-1.97265625,"1,1,1,1,1,1,1"
"2026-06-07 13:22:53",0.01127,12.394936561584473,1854.0,1133.0,1133.0,3.92578125,-1.9921875,-1.953125,"1,1,1,1,1,1,1"
"2026-06-07 13:22:53",0.01128,12.394936561584473,1854.0,1133.0,1133.0,3.92578125,-2.03125,-1.93359375,"1,1,1,1,1,1,1"
"2026-06-07 13:22:53",0.01129,12.410126686096191,1854.0,1133.0,1133.0,3.90625,-2.01171875,-1.97265625,"1,1,1,1,1,1,1"
"2026-06-07 13:22:53",0.0113,12.394936561584473,1854.0,1133.0,1133.0,3.88671875,-2.03125,-1.97265625,"1,1,1,1,1,1,1"
"2026-06-07 13:22:53",0.01131,12.410126686096191,1854.0,1133.0,1133.0,3.8671875,-2.03125,-1.97265625,"1,1,1,1,1,1,1"
"2026-06-07 13:22:53",0.01132,12.410126686096191,1854.0,1133.0,1133.0,3.90625,-2.03125,-1.97265625,"1,1,1,1,1,1,1"
"2026-06-07 13:22:53",0.01133,12.410126686096191,1854.0,1133.0,1133.0,3.92578125,-1.9921875,-1.953125,"1,1,1,1,1,1,1"
"2026-06-07 13:22:53",0.01134,12.410126686096191,1854.0,1133.0,1133.0,3.90625,-1.9921875,-1.953125,"1,1,1,1,1,1,1"
"2026-06-07 13:22:53",0.01135,12.394936561584473,1854.0,1133.0,1133.0,3.88671875,-1.9921875,-1.953125,"1,1,1,1,1,1,1"
"2026-06-07 13:22:53",0.01136,12.364557266235352,1854.0,1133.0,1133.0,3.90625,-1.9921875,-1.953125,"1,1,1,1,1,1,1"
"2026-06-07 13:22:53",0.01137,12.410126686096191,1854.0,1133.0,1133.0,3.90625,-2.01171875,-1.953125,"1,1,1,1,1,1,1"
"2026-06-07 13:22:53",0.01138,12.42531681060791,1854.0,1133.0,1133.0,3.90625,-1.9921875,-1.953125,"1,1,1,1,1,1,1"
"2026-06-07 13:22:53",0.01139,12.410126686096191,1854.0,1133.0,1133.0,3.90625,-2.01171875,-1.93359375,"1,1,1,1,1,1,1"
"2026-06-07 13:22:53",0.0114,12.394936561584473,1854.0,1133.0,1133.0,3.88671875,-1.9921875,-1.93359375,"1,1,1,1,1,1,1"
"2026-06-07 13:22:53",0.01141,12.364557266235352,1854.0,1133.0,1133.0,3.92578125,-1.9921875,-1.9921875,"1,1,1,1,1,1,1"
"2026-06-07 13:22:53",0.01142,12.410126686096191,1854.0,1133.0,1133.0,3.92578125,-1.9921875,-1.97265625,"1,1,1,1,1,1,1"
"2026-06-07 13:22:53",0.01143,12.410126686096191,1854.0,1133.0,1133.0,3.92578125,-2.03125,-1.953125,"1,1,1,1,1,1,1"
"2026-06-07 13:22:53",0.01144,12.394936561584473,1854.0,1133.0,1133.0,3.88671875,-2.01171875,-1.9921875,"1,1,1,1,1,1,1"
"2026-06-07 13:22:53",0.01145,12.379746437072754,1854.0,1133.0,1133.0,3.92578125,-2.01171875,-1.93359375,"1,1,1,1,1,1,1"
"2026-06-07 13:22:53",0.01146,12.410126686096191,1854.0,1133.0,1133.0,3.92578125,-2.01171875,-1.93359375,"1,1,1,1,1,1,1"
"2026-06-07 13:22:53",0.01147,12.410126686096191,1854.0,1133.0,1133.0,3.90625,-2.03125,-1.93359375,"1,1,1,1,1,1,1"
"2026-06-07 13:22:53",0.01148,12.410126686096191,1854.0,1133.0,1133.0,3.92578125,-2.05078125,-1.93359375,"1,1,1,1,1,1,1"
"2026-06-07 13:22:53",0.01149,12.410126686096191,1854.0,1133.0,1133.0,3.90625,-2.05078125,-1.953125,"1,1,1,1,1,1,1"
"2026-06-07 13:22:53",0.0115,12.394936561584473,1854.0,1133.0,1133.0,3.90625,-2.03125,-1.953125,"1,1,1,1,1,1,1"
"2026-06-07 13:22:53",0.01151,12.394936561584473,1854.0,1133.0,1133.0,3.88671875,-2.03125,-1.953125,"1,1,1,1,1,1,1"
"2026-06-07 13:22:53",0.01152,12.394936561584473,1854.0,1133.0,1133.0,3.88671875,-1.9921875,-1.953125,"1,1,1,1,1,1,1"
"2026-06-07 13:22:53",0.01153,12.394936561584473,1854.0,1133.0,1133.0,3.88671875,-2.01171875,-1.97265625,"1,1,1,1,1,1,1"
"2026-06-07 13:22:53",0.01154,12.410126686096191,1854.0,1133.0,1133.0,3.90625,-2.01171875,-1.93359375,"1,1,1,1,1,1,1"
"2026-06-07 13:22:53",0.01155,12.394936561584473,1854.0,1133.0,1133.0,3.90625,-2.01171875,-1.93359375,"1,1,1,1,1,1,1"
"2026-06-07 13:22:53",0.01156,12.410126686096191,1854.0,1133.0,1133.0,3.88671875,-1.9921875,-1.97265625,"1,1,1,1,1,1,1"
"2026-06-07 13:22:53",0.01157,12.42531681060791,1854.0,1133.0,1133.0,3.92578125,-1.97265625,-1.97265625,"1,1,1,1,1,1,1"
"2026-06-07 13:22:53",0.01158,12.410126686096191,1854.0,1133.0,1133.0,3.90625,-1.9921875,-1.97265625,"1,1,1,1,1,1,1"
"2026-06-07 13:22:53",0.01159,12.394936561584473,1854.0,1133.0,1133.0,3.88671875,-1.9921875,-1.953125,"1,1,1,1,1,1,1"
"2026-06-07 13:22:53",0.0116,12.394936561584473,1854.0,1133.0,1133.0,3.9453125,-2.01171875,-1.93359375,"1,1,1,1,1,1,1"
"2026-06-07 13:22:53",0.01161,12.410126686096191,1854.0,1133.0,1133.0,3.90625,-2.05078125,-1.93359375,"1,1,1,1,1,1,1"
"2026-06-07 13:22:53",0.01162,12.379746437072754,1854.0,1133.0,1133.0,3.90625,-2.01171875,-1.93359375,"1,1,1,1,1,1,1"
"2026-06-07 13:22:53",0.01163,12.410126686096191,1854.0,1133.0,1133.0,3.88671875,-2.01171875,-1.93359375,"1,1,1,1,1,1,1"
"2026-06-07 13:22:53",0.01164,12.42531681060791,1854.0,1133.0,1133.0,3.88671875,-2.01171875,-1.9140625,"1,1,1,1,1,1,1"
"2026-06-07 13:22:53",0.01165,12.410126686096191,1854.0,1133.0,1133.0,3.88671875,-2.01171875,-1.93359375,"1,1,1,1,1,1,1"
"2026-06-07 13:22:53",0.01166,12.394936561584473,1854.0,1133.0,1133.0,3.8671875,-2.03125,-1.953125,"1,1,1,1,1,1,1"
"2026-06-07 13:22:53",0.01167,12.410126686096191,1854.0,1133.0,1133.0,3.84765625,-2.03125,-1.953125,"1,1,1,1,1,1,1"
"2026-06-07 13:22:53",0.01168,12.394936561584473,1854.0,1133.0,1133.0,3.8671875,-1.97265625,-1.9140625,"1,1,1,1,1,1,1"
"2026-06-07 13:22:53",0.01169,12.410126686096191,1854.0,1133.0,1133.0,3.90625,-1.97265625,-1.93359375,"1,1,1,1,1,1,1"
